tree
version=v4
num_class=1
num_tree_per_iteration=1
label_index=0
max_feature_idx=13
objective=lambdarank
feature_names=cagr_1y annualized_volatility_1y sharpe_ratio_1y sortino_ratio_1y max_drawdown_1y beta_1y alpha_1y cagr_3y annualized_volatility_3y sharpe_ratio_3y sortino_ratio_3y max_drawdown_3y beta_3y alpha_3y
feature_infos=[-0.25190000000000001:0.43790000000000001] [0:0.71209999999999996] [-38.872900000000001:1.8496999999999999] [-16.382999999999999:3.2888999999999999] [-0.48249999999999998:0] [0:1.5606] [-0.1623:0.52610000000000001] [-0.20419999999999999:0.43790000000000001] [0:0.43769999999999998] [-4.0292000000000003:2.2444999999999999] [-16.382999999999999:4.4953000000000003] [-0.51290000000000002:0] [0:1.5367] [-0.20069999999999999:0.52610000000000001]
tree_sizes=2906 3098 2691 3237 2920 3338 3034 2926 3139 3236 2910 2921 3358 2937 3128 3460 3375 3232 3123 3251 3459 3151 3217 3015 3117 3338 3038 2936 3129 3137 3231 3147 3014 2929 3046 3146 3151 3150 3130 3160 3156 3159 3162 3169 3047 3179 3148 3154 3072 3136 3382 3159 3046 3056 3054 3169 3291 3365 3498 3504 3517 3390 3507 3071 3495 3164 3516 3413 3178 3528 3520 3534 3537 3522 3421 3546 3314 3433 3325 3530 3544 3538 3411 3572 3411 3567 3552 3561 3439 3428 3567 3542 3558 3435 3448 3542 3447 3320 3571 3543 3538 3453 3536 3591 3576 3542 3560 3557 3564 3559 3558 3454 3447 3581 3585 3555 3556 3593 3576 3577 3450 3584 3434 3534 3560 3447 3568 3578 3566 3331 3453 3561 3457 3557 3565 3586 3447 3268 3565 3144 3465 3562 3576 3462 3575 3240 3580 3122 3591 3577

Tree=0
num_leaves=26
num_cat=0
split_feature=9 10 12 6 8 5 10 1 12 11 9 12 6 9 9 1 11 9 9 7 8 1 6 7 9
split_gain=57.7223 8.3953 4.56218 4.53602 3.18109 1.57616 1.29425 1.22969 1.20987 2.0487 0.614301 0.685699 0.477684 0.462837 0.345839 0.502567 0.135357 0.0568986 0.0482401 0.0176316 0.015528 0.0106728 0.00163185 0.000426447 3.13862e-06
threshold=0.64780000000000004 0.55930000000000013 0.96770000000000012 -0.0058499999999999984 0.14250000000000004 1.0543500000000001 0.99360000000000015 1.0000000180025095e-35 1.04905 -0.20759999999999998 0.33225000000000005 1.0290000000000001 -0.0031499999999999996 1.14375 0.61635000000000006 0.13925000000000001 -0.26344999999999996 0.54295000000000015 0.29320000000000007 0.075150000000000008 0.13975000000000001 0.013850000000000001 -0.008349999999999998 0.073950000000000002 0.82205000000000006
decision_type=2 2 2 2 2 2 2 2 2 2 2 2 2 2 2 2 2 2 2 2 2 2 2 2 2
left_child=1 7 14 19 20 -6 8 -1 9 -5 18 -12 13 -8 17 -16 -14 -3 -9 22 -4 -21 24 -24 -2
right_child=3 2 4 6 5 -7 12 10 -10 -11 11 -13 16 -15 15 -17 -18 -19 -20 21 -22 -23 23 -25 -26
leaf_value=-5.7658092049912859e-10 -0.059871818918616163 -0.057246618151589643 0.059999999999999887 -0.036517310864917628 -0.023481870622263899 0.027717548214355254 -0.027482581714658009 -0.059583093369262791 0.059999999999999928 0.039202934544595169 -0.048326458655929369 -0.0054846364400995343 0.023982620356286927 0.059999999999999401 0.026133257159119769 -0.050905961436120126 0.057274090632221691 -0.044908693880473756 -0.052235656239914954 -0.022908657426992256 0.05257512575487399 -0.059999999999994079 -0.056531272511567913 -0.053365475668314413 -0.059604027334725355
leaf_weight=0.38766010105610504 0.073907647980377078 0.84434445924125501 0.64440748095512412 0.47721386700868618 1.5322745272424074 0.83660010807216156 0.12012664042413135 6.8775298730470222 0.82161859795451153 0.98610866256057961 2.3896999326534574 0.39128734823316325 0.11118660122155866 0.09952092170715332 0.13512895512394596 0.17478644475340843 9.6132069807499647 0.55919839721173048 0.91072404943406571 0.022507354617118835 0.41789582930505276 0.010121716419234872 0.12292861170135516 0.055622633546590805 0.084340749774128199
leaf_count=4 13 40 4 20 76 52 16 452 17 22 91 23 4 8 8 6 111 31 39 4 3 6 22 6 10
internal_value=-1.91173e-10 -0.0376337 -0.00602022 0.0480982 0.0139437 -0.0054001 0.0512269 -0.0524773 0.0308668 0.0145093 -0.0544021 -0.0422986 0.0559052 0.0121552 -0.0459976 -0.0173154 0.0568934 -0.052331 -0.0587239 -0.055471 0.0570792 -0.0344146 -0.057511 -0.0555451 -0.0597291
internal_weight=28.6999 16.1015 5.14464 12.5984 3.43118 2.36887 12.229 10.9569 2.28494 1.46332 10.5692 2.78099 9.94404 0.219648 1.71346 0.309915 9.72439 1.40354 7.78825 0.369429 1.0623 0.0326291 0.3368 0.178551 0.158248
internal_count=1088 829 220 259 135 128 198 609 59 42 605 114 139 24 85 14 115 71 491 61 7 10 51 28 23
is_linear=0
shrinkage=0.03


Tree=1
num_leaves=28
num_cat=0
split_feature=9 7 1 7 9 12 0 4 0 11 9 5 0 1 4 7 13 12 2 0 5 12 9 7 4 7 1
split_gain=64.4558 13.9355 7.26589 5.17353 8.19405 4.47269 4.08186 2.73237 2.29305 2.02785 3.21873 6.06311 1.34722 1.24586 1.13631 0.464326 0.316677 0.191708 0.170581 0.32558 0.0582516 0.0541511 0.0463386 0.0320645 0.00265656 0.000779723 0.000456976
threshold=0.64780000000000004 0.097750000000000017 0.12550000000000003 0.17550000000000002 0.9981000000000001 0.97305000000000008 0.099850000000000008 -0.16514999999999999 0.048650000000000006 -0.19479999999999997 0.70450000000000013 1.0535000000000003 -0.057849999999999992 1.0000000180025095e-35 -0.13574999999999995 0.088100000000000026 0.032300000000000002 1.0597500000000004 -1.9545999999999999 0.058950000000000009 0.9396000000000001 0.96905000000000008 1.0930500000000001 0.083550000000000013 -0.16664999999999996 0.24150000000000002 0.14405000000000004
decision_type=2 2 2 2 2 2 2 2 2 2 2 2 2 2 2 2 2 2 2 2 2 2 2 2 2 2 2
left_child=1 13 12 4 6 14 8 -7 -2 10 17 -12 -3 -1 -4 23 -17 -5 19 -6 -8 -14 -20 -15 25 -11 -26
right_child=3 2 5 9 18 7 20 -9 -10 24 11 -13 21 15 -16 16 -18 -19 22 -21 -22 -23 -24 -25 26 -27 -28
leaf_value=-5.7658092049913386e-10 0.022095701360249669 -0.029059773871236518 -0.045969770914791167 0.041193891891264038 -0.037024528133443639 -0.050256654427666622 0.041611038203502156 -0.00080068632434066836 -0.030092197114667246 0.058278756360782343 0.036109750089709444 -0.041535299193155059 0.046212356461126994 -0.057364390095319712 -0.013662502684589356 -0.029187953546588055 -0.055013283770836807 0.0572215084201965 0.042601430308046272 0.05698450995378062 0.057088389169566517 0.057788531683453062 0.057385701358969893 -0.050951332267914741 0.058010949347826975 0.059304296532202629 0.057284805648407759
leaf_weight=0.38766010105610149 0.97039552405476737 0.19805512949824322 4.6877007931470871 0.80070563778281378 0.052077233791351651 1.1329197795130301 0.36251684278249729 8.9331498406827432 3.4576003821566701 1.3925249576568606 5.0383812226355076 1.1033397503197191 0.55224215984344738 10.076619275379922 1.2387075596489001 0.99816802004352101 0.74724186304956675 4.1673181876540184 0.20520418137311969 0.091255150735378265 0.5522606149315834 1.0651099681854246 2.7188252881169319 0.75419270526617843 1.1520937196910375 1.2810539603233335 2.4150125980377197
leaf_count=4 10 3 73 6 9 36 4 188 87 4 39 9 5 435 29 18 19 14 13 1 3 3 37 16 13 2 8
internal_value=-5.83293e-10 -0.0293093 -0.012084 0.0350108 0.0157004 -0.0185403 -0.00673674 -0.00636688 -0.0186552 0.044371 0.0366842 0.0221611 0.0447922 -0.0529709 -0.0392171 -0.0546038 -0.0402442 0.0546383 0.0547818 0.022828 0.0509549 0.0538359 0.0563482 -0.0569178 0.0580552 0.0587701 0.0575193
internal_weight=56.5323 30.7718 17.8079 25.7606 8.41014 15.9925 5.34277 10.0661 4.428 17.3504 11.1097 6.14172 1.81541 12.9639 5.92641 12.5762 1.74541 4.96802 3.06736 0.143332 0.914777 1.61735 2.92403 10.8308 6.24069 2.67358 3.56711
internal_count=1088 829 337 259 164 326 104 224 97 95 68 48 11 492 102 488 37 20 60 10 7 8 50 451 27 6 21
is_linear=0
shrinkage=0.03


Tree=2
num_leaves=24
num_cat=0
split_feature=9 7 1 5 6 12 5 11 12 10 1 7 11 7 9 7 4 4 6 7 0 1 9
split_gain=63.0476 11.6762 5.66092 5.97326 4.76189 2.64162 1.96653 1.78098 3.87338 2.51194 0.998175 0.894211 0.491263 0.441412 0.904204 0.175093 0.174752 0.0545213 0.0507951 0.0386825 0.00428827 0.00352643 0.00171957
threshold=0.64780000000000004 0.11240000000000001 0.12605000000000002 1.0576000000000001 -0.0058499999999999984 1.0418000000000003 1.0927000000000002 -0.19384999999999999 1.0597500000000004 1.0357000000000001 1.0000000180025095e-35 0.088100000000000026 -0.19014999999999996 0.17660000000000001 1.0930500000000001 0.075150000000000008 -0.12224999999999998 -0.12619999999999995 -0.0077499999999999991 0.083550000000000013 0.055950000000000007 0.0093500000000000024 0.96800000000000008
decision_type=2 2 2 2 2 2 2 2 2 2 2 2 2 2 2 2 2 2 2 2 2 2 2
left_child=1 10 17 5 15 -4 -5 8 9 -6 -1 19 -13 14 -9 18 -10 -3 20 -12 -2 -20 -15
right_child=4 2 3 6 7 -7 -8 13 16 -11 11 12 -14 22 -16 -17 -18 -19 21 -21 -22 -23 -24
leaf_value=-5.7658092049913386e-10 -0.053416216221765497 0.055515716221448352 -0.031204970838048827 0.035493646288418848 -0.0040488099505308021 0.017985606025520223 -0.054715754261224318 0.028865379179438128 0.054837463623749777 0.036806240640884023 -0.054788915444126521 -0.049238818424357476 -0.030543142931239615 0.055063755420037636 0.054434334307057124 0.0017278231310490593 0.038560525809914273 0.043153773140651365 -0.031849132921905061 -0.047139211339304488 -0.044228907830742618 -0.038611948696401478 0.05616042028818078
leaf_weight=0.38766010105610149 0.27214322471991181 0.74281801283359528 8.8572296807542426 2.2029482377693053 2.8967388048768079 1.105130134616046 0.2413140065036713 2.2066742330789531 3.9331492111086845 2.5439075864851475 8.7773911249823833 2.2469523404724896 2.8943888102658084 3.8121388591825962 2.8554950840771198 0.086817576549947262 0.69915848225355137 0.56557760760187992 0.17105426266789692 0.63818977260962206 0.054958276450634003 0.11676314054057002 1.9425151161849497
leaf_count=4 27 3 150 45 38 42 15 46 25 23 435 47 68 17 37 10 4 4 16 16 1 7 8
internal_value=1.08941e-11 -0.0291668 -0.00917835 -0.0154374 0.0387147 -0.0257482 0.0265876 0.0412969 0.0322197 0.015054 -0.0475108 -0.048776 -0.0387138 0.04975 0.0432884 -0.0381539 0.0523808 0.050172 -0.0437846 -0.0542704 -0.0518726 -0.0345927 0.0554339
internal_weight=50.2511 28.6596 13.715 12.4066 21.5915 9.96236 2.44426 20.8898 10.073 5.44065 14.9446 14.5569 5.14134 10.8168 5.06217 0.701736 4.63231 1.3084 0.614919 9.41558 0.327102 0.287817 5.75465
internal_count=1088 829 259 252 259 192 60 198 90 61 570 566 115 108 83 61 29 7 51 451 28 23 25
is_linear=0
shrinkage=0.03


Tree=3
num_leaves=29
num_cat=0
split_feature=9 10 6 12 8 2 10 12 8 13 12 11 1 9 7 2 9 10 10 0 6 10 7 0 7 5 5 2
split_gain=54.3172 10.5365 4.15656 3.66142 2.99533 2.2376 1.73426 1.34016 1.55512 1.25879 1.33283 4.13856 1.08248 0.795581 0.734793 0.29556 0.193286 0.189013 0.107869 0.0583917 0.0567026 0.0316565 0.0129157 0.0046008 0.00122135 0.000177148 8.57165e-05 1.56653e-05
threshold=0.64780000000000004 0.55930000000000013 -0.0058499999999999984 0.96770000000000012 0.14250000000000004 -0.057749999999999996 0.32710000000000006 0.95250000000000012 0.13195000000000004 0.17300000000000001 1.0597500000000004 -0.20759999999999998 1.0000000180025095e-35 0.60590000000000011 0.15010000000000004 -0.91229999999999989 0.54295000000000015 1.0680000000000003 0.22000000000000003 -0.0026999999999999997 -0.008349999999999998 0.90625000000000011 0.075150000000000008 0.13125000000000003 0.073950000000000002 0.015550000000000001 0.015050000000000003 -0.88664999999999983
decision_type=2 2 2 2 2 2 2 2 2 2 2 2 2 2 2 2 2 2 2 2 2 2 2 2 2 2 2 2
left_child=1 6 20 13 19 -6 12 15 -9 10 11 -4 -1 16 -15 -8 -3 -12 -14 -5 25 -11 24 -23 -22 26 -2 -27
right_child=2 3 9 4 5 -7 7 8 -10 21 17 -13 18 14 -16 -17 -18 -19 -20 -21 22 23 -24 -25 -26 27 -28 -29
leaf_value=-5.7658092049912859e-10 -0.050538791183649366 -0.045530422604314481 -0.0089196916222659753 0.03999753886702493 -0.026996713241456534 0.014419666210792353 -0.011855724124493589 0.028742933214118832 -0.026867964711030673 0.04575008406247183 0.052612575277356723 0.038886066015080628 -0.052747070661403057 0.021454187782893652 -0.03104663042135182 -0.052825693324023079 -0.027060169765786929 0.035423296172255224 -0.045412332911437293 0.05319394087710564 -0.035598823664130842 0.055638867853626699 -0.018372180876390466 0.053354911111826185 -0.031609612980610838 -0.051899879831190356 -0.049151874381220824 -0.053138171449521335
leaf_weight=0.38766010105610504 0.14947859128005803 1.4208703413605679 2.0159254334867027 0.4390186183154583 1.8282999754883347 3.2807531482540071 0.17239171033725176 0.50759417191147793 4.1750925667583942 0.47521979361772437 3.4805939346551886 8.5087023042142373 7.8981910669244808 0.45486453035846341 0.50773910805583 1.962892064359038 0.7953442009165882 0.68983838707208622 2.3389441156759858 0.96532038599252679 0.21071150270290928 1.046571861952543 0.05373301962390542 3.2863009832799435 0.10275761038064957 0.030159201007336378 0.05481194332242012 0.013227196410298347
leaf_count=4 13 40 29 2 36 92 5 6 89 2 18 117 395 12 9 49 24 5 61 5 22 5 6 22 6 10 1 3
internal_value=1.10828e-10 -0.0276951 0.0373549 -0.00261671 0.0102647 -0.00040139 -0.0416301 -0.0298214 -0.0208399 0.0397761 0.0354165 0.0297292 -0.0492079 -0.0290107 -0.00623812 -0.049518 -0.0389019 0.0497693 -0.0510713 0.0490685 -0.0394437 0.0531004 -0.0319617 0.0539066 -0.0342911 -0.0505364 -0.0501667 -0.0522774
internal_weight=47.253 27.135 20.118 9.69221 6.51339 5.10905 17.4428 6.81797 4.68269 19.5032 14.6951 10.5246 10.6248 3.17882 0.962604 2.13528 2.21621 4.17043 10.2371 1.40434 0.614879 4.80809 0.367202 4.33287 0.313469 0.247677 0.204291 0.0433864
internal_count=1088 829 259 220 135 128 609 149 95 198 169 146 460 85 21 54 64 23 456 7 61 29 34 27 28 27 14 13
is_linear=0
shrinkage=0.03


Tree=4
num_leaves=26
num_cat=0
split_feature=9 7 1 6 5 12 5 7 9 0 11 12 1 7 0 11 11 6 10 7 7 1 5 5 2
split_gain=48.5145 8.59836 4.26384 3.50453 3.4151 1.84495 1.71363 1.52699 2.35883 1.20448 0.85853 1.68004 0.849 0.739829 0.425822 0.0838629 0.0568337 0.0470897 0.029547 0.0111332 0.000930118 0.000622321 0.000167912 7.46167e-05 1.14636e-05
threshold=0.64780000000000004 0.11240000000000001 0.12605000000000002 -0.0058499999999999984 1.0576000000000001 1.0381500000000001 1.0751500000000001 0.17660000000000001 1.0930500000000001 0.099850000000000008 -0.20759999999999998 1.0597500000000004 1.0000000180025095e-35 0.088100000000000026 0.011250000000000001 -0.19479999999999997 -0.15269999999999997 -0.008349999999999998 0.16415000000000005 0.075150000000000008 0.073950000000000002 0.0060500000000000007 0.015550000000000001 0.015050000000000003 -0.88664999999999983
decision_type=2 2 2 2 2 2 2 2 2 2 2 2 2 2 2 2 2 2 2 2 2 2 2 2 2
left_child=1 12 16 17 5 -4 -6 8 9 -5 11 -9 -1 18 -15 -12 -3 22 -14 20 -19 -10 23 -2 -24
right_child=3 2 4 7 6 -7 -8 10 21 -11 15 -13 13 14 -16 -17 -18 19 -20 -21 -22 -23 24 -25 -26
leaf_value=-5.7658092049913386e-10 -0.048438737565511973 0.051248605429318445 -0.028005439863422785 0.0025757632199547866 0.045868213775096769 0.012593219960530462 -0.0080174255158770597 0.011704227879689577 0.050404721651835183 0.044635133744357111 0.045026087336166747 0.046988812238285133 -0.051243764136812725 -0.029456317060116855 -0.049527014789751363 0.05185235412845289 0.037672690437313382 -0.034280354349573418 -0.046840749621856831 -0.017797839268330867 -0.03064489354123651 0.051500087744121494 -0.049863907278150515 -0.047079362916136978 -0.05095745908291574
leaf_weight=0.38766010105610149 0.1364723953884095 0.69538121670484543 7.8217164329253119 3.0208349190652402 1.0859439359046512 1.1563377589918671 1.0396455782465635 1.9061658978462217 0.7227330990135673 0.76873933151364315 2.2874361425638199 3.3469502702355385 6.6818454340100271 3.2356893564574412 1.3475795425474641 5.5490377545356733 0.46186079457402118 0.19318037247285502 1.726015049498528 0.050366627983748913 0.094233863055706024 1.3182679563760755 0.029412171803414822 0.049530833959579468 0.012208633590489626
leaf_count=4 13 4 147 60 12 45 48 27 22 8 16 23 370 80 35 27 3 22 81 6 6 15 10 1 3
internal_value=1.38721e-10 -0.0271174 -0.00896972 0.0356818 -0.0146811 -0.0227765 0.0195122 0.0378812 0.0251114 0.0111078 0.0435693 0.0341853 -0.0437486 -0.0450541 -0.0353575 0.0498598 0.0458304 -0.0379156 -0.0503399 -0.0308084 -0.0330884 0.0511122 -0.0484622 -0.0480767 -0.0501847
internal_weight=45.1252 25.6397 12.2609 19.4856 11.1036 8.97805 2.12559 18.9202 5.83058 3.78957 13.0896 5.25312 13.3788 12.9911 4.58327 7.83647 1.15724 0.565405 8.40786 0.337781 0.287414 2.041 0.227624 0.186003 0.0416208
internal_count=1088 829 259 259 252 192 60 198 105 68 93 50 570 566 115 43 7 61 451 34 28 37 27 14 13
is_linear=0
shrinkage=0.03


Tree=5
num_leaves=30
num_cat=0
split_feature=9 10 13 12 8 10 11 12 10 9 0 12 8 1 9 4 0 7 7 4 2 13 10 9 0 4 5 0 0
split_gain=42.915 8.29427 2.79511 2.57447 2.33101 1.4971 1.35795 2.5438 1.83315 1.29408 1.21454 1.17256 1.29058 0.947995 0.6776 0.667236 0.545337 0.409926 0.349712 0.910927 0.23276 0.127538 0.0904755 0.0431612 0.028339 0.00388709 7.74191e-07 1.03957e-07 5.84793e-09
threshold=0.64780000000000004 0.55930000000000013 0.0092500000000000013 0.96770000000000012 0.14250000000000004 0.32710000000000006 -0.19384999999999999 1.0597500000000004 0.99360000000000015 1.2258500000000001 0.035450000000000002 0.95250000000000012 0.13195000000000004 1.0000000180025095e-35 0.59205000000000008 -0.11989999999999999 0.061900000000000004 0.15010000000000004 0.17660000000000001 -0.14204999999999998 -0.91229999999999989 0.072550000000000017 0.22000000000000003 0.89850000000000019 -1.0000000180025095e-35 -0.12839999999999999 0.0054500000000000009 0.068850000000000008 0.059350000000000007
decision_type=2 2 2 2 2 2 2 2 2 2 2 2 2 2 2 2 2 2 2 2 2 2 2 2 2 2 2 2 2
left_child=1 5 9 14 24 13 7 8 -4 16 -6 20 -13 -1 21 -9 23 -16 19 -8 -7 -3 -15 -2 -5 -20 27 -11 -28
right_child=2 3 6 4 10 11 18 15 -10 26 -12 12 -14 22 17 -17 -18 -19 25 -21 -22 -23 -24 -25 -26 -27 28 -29 -30
leaf_value=-5.7658092049912859e-10 -0.043365985874279409 -0.043345066243605027 -0.0085214044970247232 0.039941566507294121 -0.028371569313863861 -0.011928088409086308 -0.022514920668953772 0.049317254911719309 0.030014537827612663 0.04859399273310748 0.0078034082686797603 0.027352462309974603 -0.02445718412386335 -0.049469109295419707 0.0091199032378098833 -0.00016816878043346751 0.051617267826425575 -0.027271698617094661 0.050881144882213188 0.041967579601641609 -0.050136274047143964 -0.027153109205520342 -0.042434376690379069 -0.029309877960774621 0.049083108818364599 0.049268542835121013 0.048670837557413742 0.048538167643821649 0.048658083584151732
leaf_weight=0.38766010105610504 0.3256596815772379 1.0667570843361303 1.9535417556762729 0.52156684547662735 1.0955835171043871 0.15643005771562446 0.21016361564397845 3.7887252420186996 2.5759234949946404 0.049490146338939667 3.5158163020387292 0.48634872585535038 3.9241680889390409 7.2526398734189552 0.62604654417373218 0.26219725608825672 0.07129070907831192 0.50192202255129814 3.2211123257875443 3.189261869527396 1.7353959404863406 0.74256111308932293 2.1282714800909162 0.49614916811697185 0.73571652173995949 2.3100690767168999 0.066371627151966095 0.076318800449371338 0.063133001327514648
leaf_count=4 28 40 32 3 26 5 2 26 29 6 102 6 89 395 18 3 7 10 13 62 49 17 61 30 4 12 2 2 5
internal_value=-1.14493e-10 -0.0257959 0.0343913 -0.00239439 0.00908132 -0.0386186 0.0373648 0.0288418 0.0133941 -0.0109483 -0.000791099 -0.027219 -0.0187441 -0.0459733 -0.0253228 0.0461143 -0.0279754 -0.00707359 0.0455536 0.0379811 -0.0469769 -0.0366997 -0.0478731 -0.0348799 0.0452909 0.0502077 0.0486131 0.0485601 0.0486646
internal_weight=43.5363 24.8769 18.6594 8.80597 5.86868 16.0709 17.511 8.58039 4.52947 1.14841 4.6114 6.30234 4.41052 9.76857 2.93729 4.05092 0.8931 1.12797 8.93061 3.39943 1.89183 1.80932 9.38091 0.821809 1.25728 5.53118 0.255314 0.125809 0.129505
internal_count=1088 829 259 220 135 609 179 90 61 80 128 149 95 460 85 29 65 28 89 64 54 57 456 58 7 25 15 8 7
is_linear=0
shrinkage=0.03


Tree=6
num_leaves=27
num_cat=0
split_feature=9 7 1 5 6 4 5 7 8 4 11 12 1 7 9 2 12 1 3 6 9 1 0 1 7 2
split_gain=39.6618 7.35964 3.26638 3.21515 2.97949 1.28204 1.19607 1.13541 1.86838 1.32967 0.776085 1.25101 0.775462 0.491072 0.465217 0.400256 0.0606229 0.0591521 0.0417554 0.0349328 0.00310988 0.00182151 0.0010339 0.000334043 0.000256617 5.98057e-05
threshold=0.64780000000000004 0.11050000000000001 0.12605000000000002 1.0576000000000001 -0.0058499999999999984 -0.13899999999999998 1.0927000000000002 0.17660000000000001 0.14295000000000005 -0.12619999999999995 -0.20219999999999996 1.0597500000000004 1.0000000180025095e-35 0.083550000000000013 1.0930500000000001 -0.41259999999999991 0.96905000000000008 0.14100000000000004 0.86390000000000011 -0.008349999999999998 0.91375000000000017 0.0093500000000000024 0.054850000000000003 0.0073500000000000015 0.071350000000000011 -0.88664999999999983
decision_type=2 2 2 2 2 2 2 2 2 2 2 2 2 2 2 2 2 2 2 2 2 2 2 2 2 2
left_child=1 12 16 5 19 -4 -5 8 14 -10 11 -9 -1 18 -6 -15 -3 -12 -14 23 22 -22 -21 24 -2 -25
right_child=4 2 3 6 7 -7 -8 10 9 -11 17 -13 13 15 -16 -17 -18 -19 -20 20 21 -23 -24 25 -26 -27
leaf_value=-5.7658092049913386e-10 -0.04650326397234672 0.032052342475688417 -0.030305965531687195 0.027914082042489925 0.025784495460269074 -0.0069665047102686175 -0.048918647418173027 0.015031443875072204 -0.01661728894133075 0.039588210550901233 0.042681126350320918 0.044122807394709966 -0.048043940618133323 -0.028817664521330225 0.047898839545515291 -0.048261210168337725 0.047424660850761254 0.049325688092060602 -0.019514406323619494 -0.030217842392138247 -0.028682517198861796 -0.021989115703127577 -0.036353137611777955 -0.046405791618368726 -0.043638931493698033 -0.048822748697692195
leaf_weight=0.38766010105610149 0.035187150118872523 0.34657749161124118 5.4282524464651916 1.8593576387502246 1.6522092148661642 3.4736593891866514 0.20217816764488805 2.2084286063909531 1.3014466054737566 0.53435264527797688 1.5819148123264293 3.3460687920451164 7.2879005419090372 2.9325819378718734 1.7769314050674436 1.4114850256592033 0.69167861342430115 5.0717670470476151 0.046465009450912365 0.044010408222677877 0.17908839508891106 0.045987803488969803 0.056398084387183189 0.028695469722151756 0.14075859263539314 0.01357182115316391
leaf_count=4 8 4 125 46 40 77 16 31 19 9 12 25 434 68 37 51 3 25 1 5 20 4 5 10 6 3
internal_value=-1.29765e-10 -0.025198 -0.00856416 -0.0133804 0.0336608 -0.0211986 0.020379 0.0358128 0.0241678 -0.000257353 0.0408349 0.0325563 -0.0417431 -0.0431288 0.0372438 -0.0351353 0.0422933 0.0477459 -0.0478632 -0.0354999 -0.0292735 -0.0273149 -0.033664 -0.0447871 -0.0442118 -0.0471819
internal_weight=42.0846 24.0678 12.0017 10.9634 18.0168 8.90191 2.06154 17.4731 5.26494 1.8358 12.2082 5.5545 12.0661 11.6784 3.42914 4.34407 1.03826 6.65368 7.33437 0.543698 0.325485 0.225076 0.100408 0.218213 0.175946 0.0422673
internal_count=1088 829 271 264 259 202 62 198 105 28 93 56 558 554 77 119 7 37 435 61 34 24 10 27 14 13
is_linear=0
shrinkage=0.03


Tree=7
num_leaves=26
num_cat=0
split_feature=9 7 1 5 6 10 12 5 1 4 13 1 9 7 2 12 6 12 10 0 1 7 1 7 2
split_gain=36.629 5.55987 3.05285 3.48878 2.64005 1.67485 2.21084 1.22962 1.15332 0.994087 0.916304 0.732446 0.653872 0.486242 0.446574 0.0721339 0.0330213 0.0263088 0.0206881 0.0137635 0.00634739 0.00381845 0.000378153 0.000178926 8.89862e-05
threshold=0.61635000000000006 0.11050000000000001 0.12605000000000002 1.0576000000000001 -0.0058499999999999984 0.89895000000000014 1.0586500000000003 1.0751500000000001 0.14915000000000003 -0.13899999999999998 0.17300000000000001 1.0000000180025095e-35 0.95085000000000008 0.088100000000000026 -0.41259999999999991 0.96905000000000008 -0.008349999999999998 1.1464000000000001 0.16415000000000005 0.13125000000000003 0.012150000000000003 0.075150000000000008 0.0073500000000000015 0.071350000000000011 -0.98249999999999993
decision_type=2 2 2 2 2 2 2 2 2 2 2 2 2 2 2 2 2 2 2 2 2 2 2 2 2
left_child=1 11 15 9 16 6 8 -5 -6 -4 12 -1 -7 18 -15 -3 22 -8 -13 -12 21 -18 23 -2 -24
right_child=4 2 3 7 5 10 17 -9 -10 -11 19 13 -14 14 -16 -17 20 -19 -20 -21 -22 -23 24 -25 -26
leaf_value=-5.7658092049913386e-10 -0.045058575379927232 0.02885762986711329 -0.032924369434597832 0.047732635406651035 0.017757486320799494 0.028062081367712686 0.050320735905101388 -0.0037996146084274354 -0.031260781223291331 -0.010431898662193188 0.051427806079228804 -0.047075116410149373 0.045340240269428442 -0.025577038879530091 -0.047448009886822219 0.04600406547639601 -0.029183449478729726 0.040600089021374297 -0.043177746720480109 0.047325725079055574 -0.048194193858199376 -0.019587891783872099 -0.044971198256921086 -0.042644824513570684 -0.047496313931652455
leaf_weight=0.38766010105610149 0.034774298081174493 0.3362002931535234 4.635097899939864 0.88866207562386967 0.77448321878910353 9.0574891343712789 0.56837198883295037 0.78471394116058946 0.97687503695487976 2.85941242519766 0.95832896232604881 6.0689374497160298 2.5195999704301348 2.4538181559182708 1.2777651404030619 0.64341648668050766 0.26253004558384674 0.44817663822323084 1.5360509501770137 3.1751283518970013 0.014408696908503771 0.043509863317012787 0.028391736093908548 0.13471532240509987 0.02252559969201684
leaf_count=4 8 4 114 11 12 101 5 43 18 68 5 370 54 58 45 3 28 8 77 23 4 4 9 6 6
internal_value=5.43526e-10 -0.0264774 -0.0102191 -0.0155979 0.0304483 0.0323606 0.0108428 0.0235671 -0.00958399 -0.0243427 0.0361516 -0.0405492 0.0318224 -0.0419358 -0.0330661 0.0401195 -0.0348831 0.0460351 -0.0462879 0.0482768 -0.0287354 -0.0278192 -0.0438211 -0.0431401 -0.0460883
internal_weight=40.891 21.8717 10.1475 9.16789 19.0193 18.4785 2.76791 1.67338 1.75136 7.49451 15.7105 11.7242 11.5771 11.3366 3.73158 0.979617 0.540856 1.01655 7.60499 4.13346 0.320449 0.30604 0.220407 0.16949 0.0509173
internal_count=1088 797 243 236 291 226 43 54 30 182 183 554 155 550 103 7 65 13 447 28 36 32 29 14 15
is_linear=0
shrinkage=0.03


Tree=8
num_leaves=28
num_cat=0
split_feature=9 10 12 6 8 9 12 10 12 1 6 12 8 0 8 13 8 10 1 9 11 6 0 5 6 9 9
split_gain=33.5271 6.25328 1.91333 1.7556 1.63986 1.21869 1.81237 1.16918 0.990741 0.977032 0.94387 0.888225 0.806353 0.660358 0.548508 0.481569 0.670037 0.0713485 0.0365389 0.0974206 0.0320437 0.0310185 0.0159132 0.0131481 0.0130645 0.00347483 0.000311728
threshold=0.64780000000000004 0.55930000000000013 0.96770000000000012 -0.0055999999999999991 0.14250000000000004 0.95085000000000008 0.86260000000000014 0.32710000000000006 1.0290000000000001 0.13125000000000003 0.11945000000000001 1.0597500000000004 1.0000000180025095e-35 0.057450000000000008 0.15945000000000001 0.072550000000000017 0.13515000000000002 0.22000000000000003 0.0063500000000000006 1.2077000000000002 -0.17654999999999996 -0.008349999999999998 -1.0000000180025095e-35 0.91720000000000013 -0.0023499999999999992 0.95985000000000009 0.95985000000000009
decision_type=2 2 2 2 2 2 2 2 2 2 2 2 2 2 2 2 2 2 2 2 2 2 2 2 2 2 2
left_child=1 7 15 13 20 6 24 12 9 -9 -6 -8 -1 21 -10 22 -17 -14 19 -7 -4 26 -3 -20 -5 -23 -2
right_child=3 2 4 5 10 18 11 8 14 -11 -12 -13 17 -15 -16 16 -18 -19 23 -21 -22 25 -24 -25 -26 -27 -28
leaf_value=-5.7658092049913386e-10 -0.042721899206908852 -0.030690884753908458 0.046427778964919869 -0.033937642403857493 -0.01742179731348581 0.018778779645154561 0.024625249353853594 -0.0084059781681509842 0.022562039165223844 -0.038525464169572261 0.011415159156134955 0.042582085704332043 -0.045715450587655804 0.044550563851219943 -0.026203581422754335 0.023977488542837457 -0.022891058114767378 -0.039155112847367932 0.045918679864720334 0.044757603039781796 0.036079692103722583 -0.030504192868846522 -0.040610850635804427 0.049474451949859458 -0.024034107132268074 -0.023979493006966685 -0.039807762929687011
leaf_weight=0.38766010105610149 0.16092848358675838 0.17447595298290253 0.49584393948316574 0.23247281089425087 1.7461616066284475 0.15012907609343418 7.3107318766415101 1.3343754257075477 0.55196371069177974 3.5427924003452063 2.4616666012443602 3.7512745559215546 6.6222148886881751 0.12291350215673447 0.33271528128534555 0.34813997521996487 1.2982331924140451 1.9259487208910284 2.2011545673012738 0.96478805691003799 0.5895094536244867 0.13292305194773035 0.87753379181958668 1.6282277554273603 0.24752818048000591 0.16421511024236679 0.041570834815502167
leaf_count=4 23 4 4 11 48 4 80 45 11 78 80 29 395 5 15 8 27 61 32 20 3 17 46 9 11 14 4
internal_value=1.3444e-10 -0.0239105 -0.00255186 0.0317094 0.00792894 0.0335768 0.0282383 -0.0355238 -0.0249867 -0.0302849 -0.000551581 0.0307147 -0.0423182 -0.0177442 0.00422198 -0.0231111 -0.0129803 -0.0442374 0.046039 0.0412594 0.0408072 -0.033069 -0.0389656 0.0474306 -0.0288306 -0.0268983 -0.0421237
internal_weight=39.7981 22.6892 7.99156 17.1089 5.29318 16.4863 11.542 14.6977 5.76185 4.87717 4.20783 11.062 8.93582 0.622551 0.884679 2.69838 1.64637 8.54816 4.9443 1.11492 1.08535 0.499637 1.05201 3.82938 0.480001 0.297138 0.202499
internal_count=1088 829 220 259 135 196 131 609 149 123 128 109 460 63 26 85 35 456 65 24 7 58 50 41 22 31 27
is_linear=0
shrinkage=0.03


Tree=9
num_leaves=29
num_cat=0
split_feature=9 10 6 12 8 9 7 10 5 12 1 1 13 11 8 9 0 10 2 5 9 6 1 13 7 9 9 1
split_gain=30.86 5.76434 2.20508 1.7116 1.49008 1.24334 1.66508 1.03252 0.985119 0.960237 0.763487 0.720336 0.677786 0.56049 0.452931 0.441441 0.219617 0.081796 0.0414464 0.039856 0.0478684 0.0333816 0.0311806 0.00562966 0.00387645 0.000954206 0.000576608 9.63964e-05
threshold=0.64780000000000004 0.55930000000000013 -0.0058499999999999984 0.96770000000000012 0.14250000000000004 0.95085000000000008 0.17550000000000002 0.32710000000000006 1.0543500000000001 1.0290000000000001 1.0000000180025095e-35 0.13125000000000003 0.08975000000000001 -0.19479999999999997 0.15945000000000001 0.54295000000000015 0.045050000000000007 0.22000000000000003 0.12380000000000001 0.91720000000000013 1.0930500000000001 -0.008349999999999998 0.13320000000000001 0.17300000000000001 0.075150000000000008 0.91375000000000017 0.95985000000000009 0.0073500000000000015
decision_type=2 2 2 2 2 2 2 2 2 2 2 2 2 2 2 2 2 2 2 2 2 2 2 2 2 2 2 2
left_child=1 7 21 15 22 6 12 10 -6 11 -1 -9 -4 -8 -11 18 -17 -12 -3 20 -7 26 -5 -21 25 -23 27 -2
right_child=2 3 5 4 8 19 13 9 -10 14 17 -13 -14 -15 -16 16 -18 -19 -20 23 -22 24 -24 -25 -26 -27 -28 -29
leaf_value=-5.7658092049913386e-10 -0.041397687732215367 -0.039143650973681526 -0.025924494193509787 0.04360479662165221 -0.011874786427723662 0.031857416532849667 0.028738847672476378 -0.010896599662130623 0.018373029890935744 0.020580864224271755 -0.0446776527765535 -0.037294927426406187 0.01373031507516047 0.045620263686840225 -0.023988752138363576 0.0038459953307719459 -0.020203366221044617 -0.037550956094880898 -0.023758625015940844 0.046080067746595239 0.044347670936351183 -0.029192037861181904 0.032919699137998415 0.050076569001429476 -0.017164454469863921 -0.02529743511548076 -0.037838312534375661 -0.043092937147165271
leaf_weight=0.38766010105610149 0.12044128566049039 0.93887601187452607 0.4618241973221332 0.63797222822904565 2.6217656233347952 0.30355089530348722 5.9323894046247032 1.2846718216314901 1.5372237474657593 0.55614541377872218 6.4358285791240615 3.3725817860104144 2.4241286069154739 2.5228314623236612 0.3252049027942121 0.52844998240470864 0.96727426070719957 1.8707510773092506 0.18937883153557777 0.43714615702629078 3.0595606490969658 0.086889828555288484 0.39984136819839478 1.1563516110181806 0.045864257961511612 0.16251595318317413 0.041037265211343765 0.040285534923896194
leaf_count=4 10 34 18 3 76 17 61 45 52 11 395 78 35 17 15 9 36 61 6 2 41 8 4 7 6 20 4 13
internal_value=-2.54416e-10 -0.0233335 0.0306397 -0.00264275 0.00732986 0.0325381 0.0270601 -0.0347029 -0.000694748 -0.0245791 -0.0411521 -0.0300131 0.00738456 0.0337759 0.00413535 -0.0223935 -0.0117066 -0.0430726 -0.0365613 0.0450721 0.0432203 -0.031607 0.0394881 0.0489802 -0.0251802 -0.0266543 -0.0410122 -0.0418226
internal_weight=38.8484 22.0536 16.7948 7.82078 5.1968 16.2978 11.3412 14.2328 4.15899 5.5386 8.69424 4.65725 2.88595 8.45522 0.88135 2.62398 1.49572 8.30658 1.12825 4.95661 3.36311 0.497034 1.03781 1.5935 0.29527 0.249406 0.201764 0.160727
internal_count=1088 829 259 220 135 198 131 609 128 149 460 123 53 78 26 85 45 456 40 67 58 61 7 9 34 28 27 23
is_linear=0
shrinkage=0.03


Tree=10
num_leaves=26
num_cat=0
split_feature=9 7 1 5 6 9 7 4 4 11 1 1 7 2 12 5 9 6 3 1 7 9 1 7 2
split_gain=28.889 5.26647 2.1433 2.29401 2.07822 1.40295 1.3487 0.947534 0.914798 0.7743 0.654276 0.632241 0.430081 0.352229 0.0641186 0.0432858 0.0556302 0.0361681 0.0250869 0.00564553 0.00458642 0.000977222 0.000115203 9.17422e-05 2.48769e-05
threshold=0.64780000000000004 0.11050000000000001 0.12605000000000002 1.0543500000000001 -0.0058499999999999984 0.95085000000000008 0.17550000000000002 -0.13899999999999998 -0.16514999999999999 -0.20219999999999996 0.15155000000000002 1.0000000180025095e-35 0.088100000000000026 -0.41259999999999991 0.96905000000000008 0.91720000000000013 1.14375 -0.008349999999999998 0.86390000000000011 0.16605000000000003 0.075150000000000008 0.91375000000000017 0.0073500000000000015 0.071350000000000011 -0.88664999999999983
decision_type=2 2 2 2 2 2 2 2 2 2 2 2 2 2 2 2 2 2 2 2 2 2 2 2 2
left_child=1 11 14 7 17 6 10 -4 -5 -8 -6 -1 18 -14 -3 16 -7 22 -13 -17 21 -19 23 -2 -24
right_child=4 2 3 8 5 15 9 -9 -10 -11 -12 12 13 -15 -16 19 -18 20 -20 -21 -22 -23 24 -25 -26
leaf_value=-5.7658092049913386e-10 -0.041607106846789615 0.025769860688341154 -0.028808203206791377 -0.037293952164752779 0.014294666446027664 0.029172632084450305 0.022972986111074244 -0.007084433751061916 0.021433052040412924 0.042191797333395883 -0.023583409977036916 -0.043397334356280751 -0.023543390145890929 -0.043995284162646975 0.043031902161912744 0.049455676560077724 0.043276733020285715 -0.02823804500992971 -0.019660450309970108 0.045619444600197116 -0.015275961881047448 -0.024266481259196032 -0.041521120082571389 -0.039847064716173698 -0.043154368573640106
leaf_weight=0.38766010105610149 0.03366991737857461 0.29136739298701186 4.4314052416011682 0.27097647776827249 2.3331345394253717 0.27004849910736028 4.0636155344545841 3.0512928036041549 2.0055356645025313 3.5218076966702938 0.49802611768245686 6.9933460250031185 2.2942801062017684 1.1317312344908712 0.57751048356294632 1.0568010732531545 3.7018208988010883 0.085495760897177031 0.040303058922290691 0.51277478784322728 0.045468310359865427 0.16030962020158768 0.027477844152599573 0.12791873142123222 0.012084711343050003
leaf_count=4 8 4 120 12 44 20 52 75 57 26 9 450 58 45 3 6 38 8 1 3 6 20 10 6 3
internal_value=8.54102e-11 -0.022916 -0.00790722 -0.011927 0.0299159 0.031789 0.0253011 -0.0199497 0.0144427 0.031896 0.00763158 -0.0376214 -0.0390157 -0.0302994 0.0372433 0.0439846 0.0423178 -0.0307853 -0.0432613 0.0482024 -0.0240288 -0.0256479 -0.040569 -0.0402138 -0.04202
internal_weight=37.9259 21.4754 10.6281 9.75921 16.4505 15.958 10.4166 7.4827 2.27651 7.58542 2.83116 10.8473 10.4597 3.42601 0.868878 5.54145 3.97187 0.492425 7.03365 1.56958 0.291274 0.245805 0.201151 0.161589 0.0395626
internal_count=1088 829 271 264 259 198 131 195 69 78 53 558 554 103 7 67 58 61 451 9 34 28 27 14 13
is_linear=0
shrinkage=0.03


Tree=11
num_leaves=26
num_cat=0
split_feature=9 7 1 5 6 9 12 11 5 11 5 1 4 7 2 5 12 9 6 3 1 7 2 7 0
split_gain=27.0651 4.00374 2.075 2.67134 1.87335 1.86722 1.86187 1.2145 0.973665 0.821594 1.44346 0.603921 0.519841 0.411522 0.346835 0.243152 0.0732407 0.0577928 0.0349849 0.0317421 0.00608821 0.00747368 0.000165981 5.57333e-05 4.74228e-06
threshold=0.61635000000000006 0.11050000000000001 0.12605000000000002 1.0576000000000001 -0.0058499999999999984 0.69985000000000008 1.0586500000000003 -0.19784999999999997 1.0751500000000001 -0.20219999999999996 1.0535000000000003 1.0000000180025095e-35 -0.15364999999999998 0.088100000000000026 -0.41259999999999991 0.96830000000000005 0.96905000000000008 0.62705000000000011 -0.008349999999999998 0.86390000000000011 0.012150000000000003 0.075150000000000008 -0.98249999999999993 0.071350000000000011 0.050150000000000007
decision_type=2 2 2 2 2 2 2 2 2 2 2 2 2 2 2 2 2 2 2 2 2 2 2 2 2
left_child=1 11 16 12 18 6 7 -6 -5 10 -7 -1 -4 19 -15 -11 -3 -8 22 -13 21 -20 23 -2 -24
right_child=4 2 3 8 5 9 17 -9 -10 15 -12 13 -14 14 -16 -17 -18 -19 20 -21 -22 -23 24 -25 -26
leaf_value=-5.7658092049913386e-10 -0.040658029957671316 0.023327289955467376 -0.038572875741304399 0.043515389189529741 -0.023741805162078519 0.029018936484195772 0.021856456678368136 0.015639795850785586 -0.0034610417661869951 0.035373362737589772 -0.03160300498250361 -0.042527074792768987 -0.018102983942094083 -0.022798352903994203 -0.043491567064169082 0.045347947507552951 0.042061581182637857 0.043501645173823815 -0.024735906969311099 -0.015507997887837558 -0.043327884721978703 -0.010684638678411244 -0.042988253616886088 -0.039349129895237638 -0.042065579097560042
leaf_weight=0.38766010105610149 0.036623173160478473 0.28665312007069488 1.4183789486996818 0.82174682244658448 1.2888992242515085 3.0293637849390538 0.12285194452852 1.5551364943385153 0.7684132200665772 5.8881455734372086 0.40019644424319256 6.7836270516272617 5.247188022825866 2.2496209158562128 1.0784223887603728 3.511130154132843 0.54467150568962097 1.1525079458951948 0.23853998887352901 0.039359468966722377 0.013542089611291885 0.039744142442941666 0.0087078516371548176 0.14598567364737391 0.011816669255495071
leaf_count=4 9 4 46 11 27 37 5 25 43 88 7 446 136 58 45 22 3 15 28 1 4 4 2 14 4
internal_value=-2.17849e-10 -0.0241669 -0.00957461 -0.0141237 0.0271907 0.0288709 0.0112983 -0.0022077 0.020815 0.0345135 0.0219449 -0.0367492 -0.0224588 -0.0381526 -0.0295038 0.0390994 0.0356017 0.0414166 -0.0303393 -0.0423712 -0.023685 -0.0227291 -0.0398991 -0.0396116 -0.042457
internal_weight=37.0689 19.6257 9.08705 8.25573 17.4432 16.9482 4.1194 2.84404 1.59016 12.8288 3.42956 10.5387 6.66557 10.151 3.32804 9.39928 0.831325 1.27536 0.49496 6.82299 0.291826 0.278284 0.203133 0.182609 0.0205245
internal_count=1088 797 243 236 291 226 72 52 54 154 44 554 182 550 103 110 7 20 65 447 36 32 29 23 6
is_linear=0
shrinkage=0.03


Tree=12
num_leaves=30
num_cat=0
split_feature=9 10 6 10 12 11 12 8 6 10 12 8 8 8 9 5 13 8 8 10 5 6 12 0 1 7 1 7 2
split_gain=25.2641 3.79923 1.72783 1.75448 2.64444 2.66631 1.52425 1.11936 0.906259 0.827511 0.832129 0.673721 0.615982 0.412947 0.404679 1.8015 0.195442 0.220186 0.0927658 0.0799325 0.0403823 0.0302937 0.0291961 0.0143184 0.00554312 0.00714409 0.000231545 0.00014279 3.70891e-05
threshold=0.61635000000000006 0.55930000000000013 -0.0058499999999999984 1.0680000000000003 1.04905 -0.20759999999999998 0.96770000000000012 0.14250000000000004 0.14935000000000004 0.32710000000000006 1.0290000000000001 1.0000000180025095e-35 0.13875000000000001 0.15945000000000001 0.95085000000000008 0.92200000000000004 0.072550000000000017 0.14685000000000004 0.13975000000000001 0.16415000000000005 0.011800000000000001 -0.008349999999999998 1.1464000000000001 0.044850000000000008 0.012150000000000003 0.075150000000000008 0.0073500000000000015 0.071350000000000011 -0.98249999999999993
decision_type=2 2 2 2 2 2 2 2 2 2 2 2 2 2 2 2 2 2 2 2 2 2 2 2 2 2 2 2 2
left_child=1 9 21 4 5 -4 16 18 -9 11 12 -1 -11 -12 15 -5 23 -18 -8 -13 -16 26 -6 -3 25 -23 27 -2 -28
right_child=2 6 3 14 22 -7 7 8 -10 10 13 19 -14 -15 20 -17 17 -19 -20 -21 -22 24 -24 -25 -26 -27 28 -29 -30
leaf_value=-5.7658092049913521e-10 -0.03988220843801852 -0.032262878113241342 -0.027282149699765453 -0.019805021366626888 0.044036609416301047 0.020254700868432292 0.041782876441732578 -0.011704937055524223 0.024515101106155839 -0.015264791945716952 0.020382147333424975 -0.042572304837945975 -0.038322849547867313 -0.023466681711408522 0.039281590647132034 0.037973591768288455 -0.00098011880013489853 -0.029443066296829516 0.021538501118894431 -0.035937301536436261 0.044577991785482572 -0.024421307404524719 0.037043915210993691 -0.039689778146617609 -0.042317631295097059 -0.010479583797570139 -0.039820958988184114 -0.037641878273922062 -0.041521526299715492
leaf_weight=0.3876601010561006 0.032880295300856233 0.50949282571673282 1.6175119355320928 0.56730552390217637 1.7668703719973566 3.0916150808334377 0.63526105135679234 2.3317305580712859 0.84776933630928386 1.8165284143760789 0.52687950618565071 5.3216450358740985 2.4477728395722806 0.30529993679374456 2.2398496493697166 3.3750712648034096 0.44684484973549843 0.54046814888715744 0.29987918585538864 2.3582742065191269 3.073308777064085 0.22898188396357255 0.77224841713905323 0.43148011364974082 0.013205448165535927 0.038664922118186951 0.026872332906350493 0.11570904776453972 0.020233470248058438
leaf_count=4 8 12 33 23 17 44 4 89 21 62 11 370 61 15 28 28 11 14 3 86 39 28 14 34 4 4 9 6 6
internal_value=2.76563e-11 -0.0235688 0.0266595 0.0282856 0.0172324 0.00392653 -0.00387588 0.00643856 -0.00204737 -0.0326088 -0.0231454 -0.0385871 -0.0285005 0.00429542 0.0369417 0.0296593 -0.0258852 -0.0165611 0.0352909 -0.0405349 0.0423452 -0.0296573 0.0419098 -0.0356685 -0.0233434 -0.0224073 -0.0387186 -0.0381376 -0.0405514
internal_weight=36.1873 19.207 16.9803 16.5038 7.24825 4.70913 6.04293 4.11464 3.1795 13.1641 5.09648 8.06758 4.2643 0.832179 9.25554 3.94238 1.92829 0.987313 0.93514 7.67992 5.31316 0.476547 2.53912 0.940973 0.280852 0.267647 0.195695 0.148589 0.0471058
internal_count=1088 797 291 226 108 77 188 117 110 609 149 460 123 26 118 51 71 25 7 456 67 65 31 46 36 32 29 14 15
is_linear=0
shrinkage=0.03


Tree=13
num_leaves=26
num_cat=0
split_feature=9 7 6 1 5 9 7 4 4 11 11 12 7 11 12 13 10 7 6 4 7 9 1 7 2
split_gain=23.877 4.41219 1.66974 1.57529 1.57577 1.10664 1.38634 0.744819 0.715722 0.655257 0.546036 0.466753 0.451861 0.323728 0.0631084 0.040021 0.160512 0.0389205 0.0338801 0.0180313 0.00432217 0.00112314 5.34278e-05 4.19062e-05 1.33723e-05
threshold=0.64780000000000004 0.11240000000000001 -0.0058499999999999984 0.12605000000000002 1.0543500000000001 0.95085000000000008 0.17550000000000002 -0.13899999999999998 -0.16724999999999998 -0.20219999999999996 -1.0000000180025095e-35 0.86260000000000014 0.090550000000000005 -0.20384999999999995 0.96905000000000008 0.0092500000000000013 2.1199000000000008 0.083550000000000013 -0.008349999999999998 -0.16664999999999996 0.075150000000000008 0.91375000000000017 0.0073500000000000015 0.071350000000000011 -0.88664999999999983
decision_type=2 2 2 2 2 2 2 2 2 2 2 2 2 2 2 2 2 2 2 2 2 2 2 2 2
left_child=1 10 18 14 7 6 11 -5 -6 -8 12 -4 17 -14 -3 16 -7 -1 22 -17 21 -20 23 -2 -24
right_child=2 3 5 4 8 15 9 -9 -10 -11 -12 -13 13 -15 -16 19 -18 -19 20 -21 -22 -23 24 -25 -26
leaf_value=-0.041435370004107221 -0.039118927718702547 0.022701000644688794 -0.023947255510483424 -0.025840463263117064 -0.04301209333209631 0.0024866172550791496 0.022434577697112129 -0.005714726139216547 0.017853825529728362 0.0408662777720913 -5.7658092049913118e-10 0.010832158150699666 -0.042081835431041707 -0.020876538424353899 0.040587393460194333 0.047142300726272866 0.040260582829980074 -0.034469561400740333 -0.02622333928049185 0.041789017665414825 -0.012921077125686862 -0.021776953075938441 -0.039063013325180841 -0.037894348608232743 -0.040287592936660288
leaf_weight=6.060554460389536 0.032441910589113832 0.27566587179899116 0.41511626914143063 3.9502339689061037 0.1912863859906796 0.11406918242573805 3.7206738293170911 2.8482581349089733 1.9102942151948807 3.2541169598698634 0.38766010105610327 2.1253018081188202 0.90663879225030575 2.2707673811819404 0.49872615933418274 0.67601846158504431 0.90037450194358826 0.81951702665537585 0.078548649093136969 3.4883790314197545 0.042728071101009846 0.14646411687135696 0.026540705235674977 0.11190349608659744 0.011504285968840122
leaf_count=435 8 4 18 114 11 6 52 71 56 26 4 35 36 67 3 3 15 28 8 43 6 20 10 6 3
internal_value=-1.15534e-10 -0.0214171 0.0284534 -0.00681945 -0.0103903 0.0301969 0.0241231 -0.0174087 0.0123138 0.031034 -0.0349376 0.00514904 -0.0362843 -0.0269272 0.0342202 0.0413564 0.0360131 -0.0406056 -0.0284612 0.042658 -0.0216681 -0.0233291 -0.0384332 -0.0381696 -0.0394333
internal_weight=35.2638 20.1196 15.1442 9.67446 8.90007 14.6941 9.51521 6.79849 2.10158 6.97479 10.4451 2.54042 10.0575 3.17741 0.774392 5.17884 1.01444 6.88007 0.450131 4.1644 0.267741 0.225013 0.18239 0.144345 0.038045
internal_count=1088 829 259 259 252 198 131 185 67 78 570 53 566 103 7 67 21 463 61 46 34 28 27 14 13
is_linear=0
shrinkage=0.03


Tree=14
num_leaves=28
num_cat=0
split_feature=9 7 5 1 9 12 6 5 11 11 5 0 1 4 5 5 7 2 7 0 0 11 10 6 0 2 7
split_gain=22.5214 3.43322 1.64043 2.12843 1.60071 1.63144 0.889179 0.833175 0.812283 0.664611 0.91086 0.55207 0.546158 0.485963 0.468117 0.377453 0.352796 0.343283 0.224519 0.0803996 0.0782868 0.0702629 0.0360356 0.0246974 0.00846466 0.00811661 0.00413932
threshold=0.61635000000000006 0.11050000000000001 1.0576000000000001 0.12605000000000002 0.69985000000000008 1.0586500000000003 -0.0055999999999999991 1.0751500000000001 -0.20759999999999998 -0.20219999999999996 1.0535000000000003 0.057450000000000008 1.0000000180025095e-35 -0.14894999999999997 0.93820000000000014 1.0927000000000002 0.090550000000000005 -0.41259999999999991 0.17660000000000001 0.087500000000000008 0.057950000000000008 -0.15269999999999997 0.16415000000000005 -0.008349999999999998 0.091950000000000018 -0.0055499999999999994 0.15615000000000004
decision_type=2 2 2 2 2 2 2 2 2 2 2 2 2 2 2 2 2 2 2 2 2 2 2 2 2 2 2
left_child=1 12 3 21 5 8 11 26 19 10 -8 23 -1 -5 -10 -9 22 -18 -11 -2 25 -3 -14 -6 -22 -7 -4
right_child=4 2 7 13 6 20 9 15 14 18 -12 -13 16 -15 -16 -17 17 -19 -20 -21 24 -23 -24 -25 -26 -27 -28
leaf_value=-5.7658092049913386e-10 -0.036226120094994818 0.040698315616560093 0.042602871672086109 -0.032767753534901994 -0.037552843912353466 0.0086937002905001642 0.026852730395132512 0.0084313544621497996 -0.016479622695615544 0.031481875003386534 -0.024355388842239624 0.039685731639667744 -0.041277842038191473 -0.014923274023720652 0.016555680948095387 -0.042205927236054361 -0.019157911749178552 -0.041440404627210652 0.041311075228720955 -0.017614546870140121 0.046685228914463806 0.022061697776633041 -0.036152184152809401 -0.021068377712299916 0.039967301069485046 0.024090153993995972 0.037480856210676879
leaf_weight=0.38766010105610149 0.46628538891673121 0.43308009207248688 0.57963626086711861 2.030903742182999 0.11965249804779887 0.064394878223538399 2.6987224258482452 0.58822130365297198 0.53416186547838451 3.5861369371414131 0.35357810929417599 0.16353809833526611 5.0622315397486073 4.2434029495343575 1.3922376073896883 0.17099793627858162 1.7279057679697873 0.97245164774358261 5.018249623477459 0.37843479216098785 0.21043468266725518 0.31412936747073938 1.632567453663796 0.25855528516695159 0.85325837135314941 0.0590963540598749 0.18807569239288568
leaf_count=4 10 4 7 63 20 4 37 28 21 71 7 5 370 119 23 15 48 43 37 10 2 3 89 30 12 2 4
internal_value=2.68785e-10 -0.0227596 -0.00887085 -0.0149993 0.0258228 0.00924615 0.0312018 0.0193105 -0.00336002 0.032948 0.0209208 -0.00636923 -0.034896 -0.0206993 0.00739548 -0.00297361 -0.0363358 -0.0271823 0.0372145 -0.0278881 0.0386714 0.0328634 -0.0400279 -0.0262835 0.0412963 0.0160616 0.0413481
internal_weight=34.488 18.3313 8.54845 7.02152 16.1567 3.9583 12.1984 1.52693 2.77112 11.6567 3.0523 0.541746 9.78282 6.27431 1.9264 0.759219 9.39516 2.70036 8.60439 0.84472 1.18718 0.747209 6.6948 0.378208 1.06369 0.123491 0.767712
internal_count=1088 797 243 189 291 84 207 54 64 152 44 55 554 182 44 43 550 91 108 20 20 7 459 50 14 6 11
is_linear=0
shrinkage=0.03


Tree=15
num_leaves=31
num_cat=0
split_feature=9 10 6 10 12 11 12 8 10 6 12 11 1 8 5 11 13 8 13 10 11 6 8 8 9 1 1 0 7 2
split_gain=20.9304 3.6142 1.4704 1.35374 2.21453 2.03824 1.10235 0.94905 0.733992 0.709957 0.672573 0.61835 0.538213 0.326367 0.32323 0.833039 0.313269 0.392678 0.228987 0.0634674 0.0302011 0.0288553 0.0209345 0.00609671 0.00586331 0.00625798 0.00250322 0.000133772 5.92019e-05 1.9928e-05
threshold=0.62705000000000011 0.55930000000000013 -0.0058499999999999984 1.0680000000000003 1.04905 -0.20759999999999998 0.96770000000000012 0.14250000000000004 0.32710000000000006 0.14935000000000004 1.0290000000000001 -1.0000000180025095e-35 0.13125000000000003 0.15945000000000001 1.0535000000000003 -0.20074999999999996 0.072550000000000017 0.14605000000000004 0.0092500000000000013 0.22000000000000003 -0.17654999999999996 -0.008349999999999998 0.0052500000000000003 0.19975000000000004 0.91375000000000017 0.0093500000000000024 0.012150000000000003 0.05315000000000001 0.071350000000000011 -0.98249999999999993
decision_type=2 2 2 2 2 2 2 2 2 2 2 2 2 2 2 2 2 2 2 2 2 2 2 2 2 2 2 2 2 2
left_child=1 8 21 4 5 -4 16 20 11 -9 12 19 -10 -12 18 -16 22 -18 -5 -1 -8 27 -3 -6 26 -26 -23 29 -29 -2
right_child=2 6 3 14 23 -7 7 9 10 -11 13 -13 -14 -15 15 -17 17 -19 -20 -21 -22 24 -24 -25 25 -27 -28 28 -30 -31
leaf_value=-0.040435014234568911 -0.037912530508540716 -0.011325495781166142 -0.024354436220438855 0.025054818158684631 0.042130843994387254 0.019808483881127631 0.04110183018721239 -0.0092003598452873453 -0.0096074995084933987 0.023036804032151623 0.018343971994644961 -5.7658092049913386e-10 -0.033851190875995862 -0.021599829215585672 -0.023543583179307499 0.041583672050216028 0.0074036555775114617 -0.026886443020646109 0.039343419769157409 -0.033584589639313468 0.029603730575058534 -0.025718990701251981 -0.035106076123695353 0.038665429540239861 -0.021237205937970328 -0.0073113065311855496 -0.040037696698037556 -0.037861351935205456 -0.036271518215958004 -0.039190658400082304
leaf_weight=5.4899649373255661 0.025416842661798 0.034683033823966425 1.4702600948512552 1.1918125189840774 1.5770828276872637 2.6106001213192913 0.38480754941701889 2.4304409329779451 1.1606605835258959 0.8230479136109351 0.49523079488426436 0.38766010105610149 2.8424190974328667 0.29303020006045699 0.28756126016378403 0.458738513290882 0.57154648751020409 0.63395480439066887 6.5960344821214676 1.5639326809905467 0.44145614281296719 0.07453259336762208 0.84566607093438506 0.64327412098646153 0.13859052211046219 0.036741577088832855 0.012888582888990641 0.026046235114336014 0.1105633657425642 0.019327356247231364
leaf_count=395 7 1 32 32 13 39 4 95 45 22 11 4 78 15 4 5 13 17 77 61 3 8 45 12 20 4 4 7 9 6
internal_value=-1.88367e-10 -0.0215526 0.0259522 0.0275624 0.0170159 0.00389738 -0.00282366 0.00624658 -0.0309923 -0.0010452 -0.0218342 -0.0368889 -0.0268219 0.00349516 0.0353494 0.0164891 -0.0205643 -0.010629 0.0371568 -0.0389162 0.0349586 -0.0278364 -0.0341692 0.0411269 -0.0214834 -0.018319 -0.02783 -0.0370409 -0.0365746 -0.0384646
internal_weight=33.678 18.3985 15.2795 14.8354 6.30122 4.08086 6.1656 4.07975 12.2329 3.25349 4.79134 7.44156 4.00308 0.788261 8.53415 0.7463 2.08585 1.2055 7.78785 7.0539 0.826264 0.444107 0.880349 2.22036 0.262753 0.175332 0.0874212 0.181354 0.13661 0.0447442
internal_count=1088 809 279 214 96 71 200 124 609 117 149 460 123 26 118 9 76 30 109 456 7 65 46 25 36 24 12 29 16 13
is_linear=0
shrinkage=0.03


Tree=16
num_leaves=30
num_cat=0
split_feature=9 10 6 9 7 12 8 2 10 11 12 11 3 1 13 1 8 10 13 11 11 6 4 8 7 9 0 7 2
split_gain=19.8277 3.86781 1.35002 1.00734 1.21619 0.951736 0.838775 0.75629 0.687631 0.59852 0.59766 0.530988 0.505918 0.478123 0.365389 0.504476 0.321626 0.0676351 0.0510908 0.287802 0.0331249 0.0308219 0.0167546 0.0153583 0.00462158 0.00101434 6.2893e-05 4.43203e-05 5.92461e-06
threshold=0.64780000000000004 0.55930000000000013 -0.0058499999999999984 0.95085000000000008 0.17550000000000002 0.96770000000000012 0.14250000000000004 -0.057749999999999996 0.32710000000000006 -1.0000000180025095e-35 1.0290000000000001 -0.20219999999999996 0.34220000000000006 0.13705000000000003 0.072550000000000017 0.13375000000000001 0.15945000000000001 0.22000000000000003 0.0092500000000000013 -0.0032499999999999999 -0.17654999999999996 -0.008349999999999998 -0.16664999999999996 0.0052500000000000003 0.075150000000000008 0.91375000000000017 0.05315000000000001 0.071350000000000011 -0.88664999999999983
decision_type=2 2 2 2 2 2 2 2 2 2 2 2 2 2 2 2 2 2 2 2 2 2 2 2 2 2 2 2 2
left_child=1 8 21 4 12 14 20 -8 9 17 13 -6 -4 -10 23 -16 -12 -1 19 -5 -7 26 -20 -3 25 -23 28 -28 -2
right_child=2 5 3 18 11 6 7 -9 10 -11 16 -13 -14 -15 15 -17 -18 -19 22 -21 -22 24 -24 -25 -26 -27 27 -29 -30
leaf_value=-0.039902385581306148 -0.037354080535717149 -0.013333746359093098 -0.0020208027327419725 -0.029325139213939422 0.021278226254359517 0.040344955722616163 -0.019039865611890649 0.009271344710152089 -0.016294892271654402 -5.7658092049913386e-10 0.017127135138382155 0.038635724392984787 0.033820205616073795 -0.037403491382323885 0.023006488166990507 -0.018722845364656567 -0.023056992252321638 -0.03273784192905551 0.045269461318860907 0.038711347717143102 0.028043210997026977 -0.024458383627301617 0.039904622002355089 -0.034256623271401207 -0.010508194961652569 -0.020049223676299781 -0.037306886414312922 -0.035914801217883492 -0.038192210845683458
leaf_weight=5.3475633743219069 0.025025819893926382 0.032823503017424982 1.9819672666490027 0.063090786337852478 3.3920647762715799 0.36210732907056808 1.279066162183881 2.5268680020235479 2.0369329745881264 0.38766010105610149 0.49416922312229861 2.9793942570686358 0.43165238574147213 1.8364306900184599 0.3425609953701495 1.0915684867650268 0.28130421368405223 1.5237859180197117 0.61085835099220265 0.49485582858324129 0.43204887211322773 0.072208530269563975 3.6811077855527401 0.83015847089700401 0.04050598805770278 0.13428774476051331 0.025652762036770582 0.10415542428381741 0.010895367478951812
leaf_count=395 8 1 45 4 52 4 36 92 70 4 11 26 8 53 8 27 15 61 3 17 3 8 43 49 6 20 7 9 3
internal_value=1.71818e-10 -0.0201436 0.0269653 0.0285834 0.0225247 -0.00226654 0.00560847 -0.000243247 -0.0304983 -0.0362675 -0.0214899 0.0293949 0.00438901 -0.0263029 -0.0180367 -0.00875524 0.00255028 -0.0383136 0.039558 0.031018 0.0336524 -0.0264889 0.0406682 -0.0334608 -0.0197736 -0.021591 -0.0364973 -0.0361899 -0.0376083
internal_weight=32.8528 18.805 14.0477 13.635 8.78508 6.8972 4.60009 3.80593 11.9078 7.25901 4.64884 6.37146 2.41362 3.87336 2.29711 1.43413 0.775473 6.87135 4.84991 0.557947 0.794156 0.412732 4.29197 0.862982 0.247002 0.206496 0.165729 0.129808 0.0359212
internal_count=1088 829 259 198 131 220 135 128 609 460 149 78 53 123 85 35 26 456 67 21 7 61 46 50 34 28 27 16 11
is_linear=0
shrinkage=0.03


Tree=17
num_leaves=29
num_cat=0
split_feature=9 7 5 1 9 12 13 9 5 11 5 11 5 11 4 7 5 2 5 2 5 3 12 3 11 7 0 0
split_gain=18.8386 3.02912 1.39005 1.70793 1.37998 1.31159 0.816596 0.971401 0.776591 0.662673 0.712703 0.608739 0.715034 0.500686 0.410073 0.323812 0.31503 0.228075 0.210897 0.16721 0.114564 0.0715982 0.0684665 0.0211364 0.0058025 0.00540074 0.00536894 2.39127e-06
threshold=0.61635000000000006 0.11050000000000001 1.0576000000000001 0.12605000000000002 0.69985000000000008 1.0586500000000003 0.0092500000000000013 1.2077000000000002 1.0751500000000001 -0.19784999999999997 0.93820000000000014 -0.20219999999999996 1.0535000000000003 -1.0000000180025095e-35 -0.15364999999999998 0.083550000000000013 1.0927000000000002 -0.41259999999999991 0.91865000000000008 -0.38459999999999994 0.96830000000000005 -0.06384999999999999 0.96905000000000008 0.86390000000000011 -0.26414999999999994 0.15615000000000004 0.091950000000000018 0.058950000000000009
decision_type=2 2 2 2 2 2 2 2 2 2 2 2 2 2 2 2 2 2 2 2 2 2 2 2 2 2 2 2
left_child=1 13 3 22 5 9 7 19 25 18 -11 12 -8 15 -5 23 -10 -17 -2 -6 -13 24 -3 -1 -7 -4 -23 -9
right_child=4 2 8 14 6 21 11 27 16 10 -12 20 -14 -15 -16 17 -18 -19 -20 -21 -22 26 -24 -25 -26 -27 -28 -29
leaf_value=-0.039462284754697562 0.014265224239495996 0.018461099657770656 0.041038028105589611 -0.035057032212508062 -0.024676835833854154 0.0086299963370025708 0.025897839414501096 0.038122687500354718 0.0066234813489300295 -0.023723309111115146 0.023685186801148009 0.033900384397274837 -0.021852625279194866 -5.7658092049913118e-10 -0.015266401384662434 -0.022227473284515995 -0.040504885242557069 -0.039714620742712883 -0.024649402671211646 0.041151562666466121 0.041543054581137592 0.044088182943301128 0.038503996130889714 -0.014888030207100226 0.021918309252840714 0.034788912445783596 0.038283043972878211 0.037928084884953521
leaf_weight=5.4093883370514924 0.14303168281912837 0.23824242874979784 0.58520809561014153 1.1772155086509872 0.55865104356780648 0.064816336147487164 2.5279771350324132 0.066843800246715546 0.60407550958916545 0.39319017739035134 1.0409314483404157 4.5132073217537263 0.31770785525441159 0.38766010105610327 4.721793096512557 2.294426782522351 0.16185592208057642 0.94883154565468419 1.0132677014917133 0.037029732018708073 2.8991522081196308 0.17618826776742913 0.43068482726812363 0.03168465569615353 0.054393141530454159 0.15809312183409929 0.77014831453561783 0.37932371720671654
leaf_count=430 3 4 7 46 51 4 37 4 28 19 18 69 7 4 136 68 15 51 24 4 22 2 3 1 2 4 12 13
internal_value=5.95277e-11 -0.0214607 -0.00809843 -0.0140643 0.0246079 0.00858701 0.0297913 0.00448566 0.0178639 -0.00293743 0.0106873 0.0323615 0.0205667 -0.0333577 -0.0192159 -0.0348467 -0.00333564 -0.0273434 -0.0198357 -0.0205847 0.0368896 0.0366038 0.0313656 -0.0393192 0.0146932 0.0397089 0.0393638 0.0379572
internal_weight=32.105 17.1492 8.07717 6.56794 14.9559 3.65597 11.2999 1.04185 1.50923 2.59042 1.43412 10.258 2.84568 9.07199 5.89901 8.68433 0.765931 3.24326 1.1563 0.595681 7.41236 1.06555 0.668927 5.44107 0.119209 0.743301 0.946337 0.446168
internal_count=1088 797 243 189 291 84 207 72 54 64 37 135 44 554 182 550 43 119 27 55 91 20 7 431 6 11 14 17
is_linear=0
shrinkage=0.03


Tree=18
num_leaves=28
num_cat=0
split_feature=9 7 5 1 6 10 12 11 5 1 1 7 5 2 9 5 12 13 6 10 7 1 8 7 0 7 2
split_gain=17.8995 3.09487 1.26859 1.48167 1.23649 1.22113 1.73562 1.82718 0.690507 0.526243 0.487437 0.320122 0.314115 0.280608 0.279291 1.36028 0.0746619 0.0337019 0.0296928 0.0289203 0.0060226 0.00515197 0.0045181 0.00390854 8.75767e-05 3.17926e-05 1.94842e-05
threshold=0.62705000000000011 0.11050000000000001 1.0576000000000001 0.12605000000000002 -0.0058499999999999984 1.0680000000000003 1.04905 -0.20759999999999998 1.0751500000000001 0.13525000000000001 1.0000000180025095e-35 0.090550000000000005 1.0927000000000002 -0.41259999999999991 0.95085000000000008 0.92200000000000004 0.96905000000000008 0.0092500000000000013 -0.008349999999999998 0.16415000000000005 0.15615000000000004 0.012150000000000003 0.19975000000000004 0.074150000000000008 0.05315000000000001 0.071350000000000011 -0.98249999999999993
decision_type=2 2 2 2 2 2 2 2 2 2 2 2 2 2 2 2 2 2 2 2 2 2 2 2 2 2 2
left_child=1 10 3 16 18 6 7 -6 20 -5 -1 19 -10 -13 15 -7 -3 -16 24 -12 -4 23 -8 -20 26 -26 -2
right_child=4 2 8 9 5 14 22 -9 12 -11 11 13 -14 -15 17 -17 -18 -19 21 -21 -22 -23 -24 -25 25 -27 -28
leaf_value=-5.7658092049912859e-10 -0.036420718792482418 0.016763493915843499 0.040334173276921452 -0.0024104172483039965 -0.02336487493384768 -0.017929072202286411 0.040395372356139152 0.019933502932294487 0.0073324750641811792 -0.022758267139866475 -0.039322436576041446 -0.017993703480324745 -0.0397636030785063 -0.039221926535393248 0.03208200441040919 0.035493133532406518 0.037956800240634407 0.039781750734882063 -0.020941849498977962 -0.034464243945761634 0.033614086382919198 -0.0382349746989206 0.037221632259558081 -0.012401788626493779 -0.036376088072273549 -0.03517991071759094 -0.037695541764138085
leaf_weight=0.38766010105610504 0.024441234534606338 0.23625165969133188 0.55217832326889016 1.5263452250510452 1.3777849469333885 0.50462128594517563 1.3018112704157827 2.4140944220125653 0.71408774377778172 4.5654753469862044 4.5480896141380054 1.6219238131307068 0.15514860162511468 0.8562969141639768 0.58479096740484227 2.8613408133387566 0.40790879726409912 4.0886590667068958 0.16562418686226088 1.4557894251774994 0.15336264204233885 0.012484252918511629 0.58515666052699078 0.068048752844333649 0.025076473597437143 0.09873547125607729 0.019318776903674006
leaf_count=4 7 4 7 38 32 23 13 39 33 151 370 48 15 43 21 28 3 46 24 89 4 4 12 8 7 9 6
internal_value=1.27931e-10 -0.0205715 -0.00741744 -0.0130847 0.0250092 0.0265502 0.0159006 0.00420097 0.0168237 -0.01766 -0.0328966 -0.0344001 -0.00107363 -0.0253287 0.0340729 0.0274841 0.030184 0.0388183 -0.0260891 -0.0381444 0.0388734 -0.019458 0.0394112 -0.0184549 -0.0358299 -0.0354222 -0.0369835
internal_weight=31.3125 17.1805 8.31076 6.73598 14.132 13.7183 5.67885 3.79188 1.57478 6.09182 8.86976 8.4821 0.869236 2.47822 8.03941 3.36596 0.64416 4.67345 0.413729 6.00388 0.705541 0.246157 1.88697 0.233673 0.167572 0.123812 0.04376
internal_count=1088 809 255 196 279 214 96 71 59 189 554 550 48 91 118 51 7 67 65 459 11 36 25 32 29 16 13
is_linear=0
shrinkage=0.03


Tree=19
num_leaves=29
num_cat=0
split_feature=9 9 5 9 12 6 1 12 5 6 1 1 9 5 5 5 7 13 9 3 13 6 7 13 8 7 0 9
split_gain=17.037 2.70416 1.24241 1.16427 1.08353 1.05548 0.778902 1.0604 0.673213 0.634256 0.603358 0.517727 0.502114 0.715537 0.432686 0.239517 0.15446 0.134668 0.0740863 0.0723454 0.0363388 0.0237301 0.00661965 0.00557183 0.00490303 0.00422404 0.00372751 4.41217e-05
threshold=0.61635000000000006 0.33225000000000005 1.0576000000000001 0.69985000000000008 1.0586500000000003 -0.0058499999999999984 0.13525000000000001 0.9537500000000001 1.0751500000000001 0.14045000000000005 0.15020000000000003 1.0000000180025095e-35 0.95085000000000008 0.8973000000000001 0.93820000000000014 1.0927000000000002 0.083550000000000013 0.037100000000000001 0.64780000000000004 -0.06384999999999999 0.0092500000000000013 -0.008349999999999998 0.15615000000000004 0.10755000000000002 0.12785000000000005 0.075150000000000008 0.091950000000000018 0.82205000000000006
decision_type=2 2 2 2 2 2 2 2 2 2 2 2 2 2 2 2 2 2 2 2 2 2 2 2 2 2 2 2
left_child=1 11 6 4 10 21 7 -3 22 -8 14 -1 13 -7 -2 -10 24 -18 -12 23 -14 27 -4 -6 -13 -23 -21 -5
right_child=3 2 8 5 19 12 9 -9 15 -11 18 16 20 -15 -16 -17 17 -19 -20 26 -22 25 -24 -25 -26 -27 -28 -29
leaf_value=-5.7658092049912859e-10 -0.014114019031686503 -0.026319933389315649 0.039687620049508564 -0.036284184771226129 0.020519219557530128 -0.0188275448142705 -0.028062842625478795 0.012076068473768211 0.0048568729133550183 -0.00079188966231299421 -0.032228987022711868 -0.040057225494809251 0.030627463086957483 0.027409444507247256 0.020255008060460451 -0.038817947729567572 -0.024402288501012309 -0.039156457452495241 -0.014474190725379053 0.042490469786126965 0.039144605627497712 -0.019824221253757834 0.032519458377156044 0.0074841969435158985 -0.038024889500805376 -0.0084593026719335714 0.037360033107857425 -0.034936135334404907
leaf_weight=0.38766010105610504 0.47317001502960909 1.0187300352845325 0.52406988665461518 0.031035890569910407 0.053744364529848099 0.31875899061560442 3.5074741560965776 1.7757436693646012 0.59864672459661961 0.98256810987368215 0.32637176290154446 1.5934157571755347 0.50763417780399311 5.4771240241825581 1.0870478600263593 0.13930751150473952 1.6204198226332667 0.8482198487035929 0.60106334462761879 0.15419541299343087 4.0299013182520866 0.19372948445379634 0.14888846967369318 0.065459903329610825 3.2421659016981721 0.034706149250268936 0.73490747809410095 0.073841587174683809
leaf_count=4 21 58 7 10 2 20 123 38 28 29 9 94 21 67 20 14 48 49 14 2 46 28 4 4 301 5 12 10
internal_value=-2.23795e-10 -0.0208272 -0.00936537 0.0240987 0.0090739 0.0290229 -0.014356 -0.00192126 0.0164013 -0.0220951 -0.00155918 -0.0337845 0.0307178 0.0248665 0.00983185 -0.00338785 -0.0355775 -0.0294718 -0.0207222 0.0353074 0.0381918 -0.0235214 0.0381017 0.0133612 -0.0386946 -0.0180976 0.0382498 -0.0353351
internal_weight=30.55 16.3873 8.69543 14.1627 3.49596 10.6667 7.28452 2.79447 1.41091 4.49004 2.48765 7.69188 10.3334 5.79588 1.56022 0.737954 7.30422 2.46864 0.927435 1.00831 4.53754 0.333313 0.672958 0.119204 4.83558 0.228436 0.889103 0.104877
internal_count=1088 797 301 291 84 207 248 96 53 152 64 496 154 87 41 42 492 97 23 20 67 53 11 6 395 33 14 20
is_linear=0
shrinkage=0.03


Tree=20
num_leaves=31
num_cat=0
split_feature=9 10 6 10 12 11 5 10 1 12 1 12 5 8 6 13 1 5 12 2 10 6 2 9 8 1 1 0 7 2
split_gain=16.1579 2.80275 1.11103 1.0732 1.62028 1.52733 0.704044 0.567097 0.554482 0.886007 0.542906 0.503182 0.468149 0.437568 0.344389 0.255965 0.456028 0.293505 0.252889 0.0963974 0.0616756 0.0275823 0.0151343 0.00504534 0.00425287 0.00290051 0.0025097 0.000124129 5.82875e-05 1.31441e-05
threshold=0.62705000000000011 0.55930000000000013 -0.0058499999999999984 1.0680000000000003 1.04905 -0.20759999999999998 1.0563500000000003 0.32710000000000006 0.13525000000000001 0.94905000000000006 1.0000000180025095e-35 0.95250000000000012 1.0751500000000001 0.13195000000000004 0.14165000000000003 0.0092500000000000013 0.0058500000000000002 1.0535000000000003 1.1508000000000003 -0.91229999999999989 0.22000000000000003 -0.008349999999999998 -1.0000000180025095e-35 0.91375000000000017 0.19975000000000004 0.0093500000000000024 0.012150000000000003 0.05315000000000001 0.071350000000000011 -0.98249999999999993
decision_type=2 2 2 2 2 2 2 2 2 2 2 2 2 2 2 2 2 2 2 2 2 2 2 2 2 2 2 2 2 2
left_child=1 7 21 4 5 -4 8 10 9 -3 -1 19 22 -13 -10 16 -5 -17 -14 -9 -12 27 -8 26 -6 -25 -23 29 -29 -2
right_child=2 6 3 15 24 -7 12 11 14 -11 20 13 18 -15 -16 17 -18 -19 -20 -21 -22 23 -24 25 -26 -27 -28 28 -30 -31
leaf_value=-5.7658092049912993e-10 -0.035628639797215554 -0.023339471451028448 -0.021312146181713964 0.036691961519125377 0.03950964341355348 0.0189258670753732 0.030259237485882717 -0.012445931161964284 -0.024310617437064676 0.02282009745102279 -0.0382171380538067 0.020201782081654681 -0.019250041545913546 -0.017585586807362493 -0.0012421237123194267 0.036939692254200684 -0.014820792947072808 0.015410867185949034 0.017962534189952438 -0.039172221890329151 -0.031019452368131088 -0.022479753332784101 0.039515066911418914 -0.017624366265140644 0.0363632086319646 -0.0077413837273725035 -0.037243055782882777 -0.035516883476141167 -0.033865668916116178 -0.036689446819013802
leaf_weight=0.38766010105610416 0.0239502287004143 0.60019665723666438 1.3344260565936563 0.36839573085308064 1.3256124071776865 2.333793208003041 0.30798156186938286 0.13612748822197307 1.8157581058330836 0.99410875141620636 4.7771296934224665 0.30701497197151217 0.33607407426461577 2.7126677758060396 0.85750557854771603 6.2383186519145966 0.2666010707616806 0.62722777947783459 0.32167549151927233 1.1271917773410676 1.3812382780015466 0.066300555597991528 0.32865650206804253 0.12303891777992249 0.54581077769398678 0.034142874181270599 0.012283234624192119 0.024229956092312932 0.093430496752262115 0.018736200174316764
leaf_count=4 7 41 32 19 13 39 5 5 71 15 395 6 21 89 23 77 13 9 18 49 61 8 6 20 12 4 4 7 9 6
internal_value=-1.83999e-10 -0.0199914 0.0243876 0.0258911 0.0158767 0.00428807 -0.00268163 -0.028882 -0.00855989 0.00544274 -0.0344352 -0.0203947 0.0166989 -0.0137437 -0.0169109 0.0332874 0.0150645 0.0349728 -0.00105106 -0.0362924 -0.0366028 -0.0251092 0.0350374 -0.0185807 0.038592 -0.0154776 -0.0247874 -0.0347085 -0.0342057 -0.0360943
internal_weight=29.8273 16.391 13.4363 13.0402 5.53964 3.66822 5.56196 10.829 4.26757 1.59431 6.54603 4.283 1.29439 3.01968 2.67326 7.50054 0.634997 6.86555 0.65775 1.26332 6.15837 0.396112 0.636638 0.235766 1.87142 0.157182 0.0785838 0.160347 0.11766 0.0426864
internal_count=1088 809 279 214 96 71 200 609 150 56 460 149 50 95 94 118 32 86 39 54 456 65 11 36 25 24 12 29 16 13
is_linear=0
shrinkage=0.03


Tree=21
num_leaves=28
num_cat=0
split_feature=9 7 6 9 7 5 1 1 5 11 1 4 7 5 2 12 13 7 6 4 10 7 1 7 0 7 2
split_gain=15.2976 2.66147 1.04972 1.02997 1.04723 1.01226 1.25503 0.637501 0.549738 0.469219 0.450738 0.398266 0.304223 0.278649 0.2154 0.0595486 0.0346803 0.103856 0.0262151 0.0153971 0.0153206 0.00832289 0.00486053 0.00430347 0.000159869 8.89e-05 1.10149e-05
threshold=0.62705000000000011 0.11050000000000001 -0.0058499999999999984 0.95085000000000008 0.17550000000000002 1.0576000000000001 0.12605000000000002 0.15155000000000002 1.0751500000000001 -0.20219999999999996 1.0000000180025095e-35 -0.13899999999999998 0.088100000000000026 1.0927000000000002 -0.41259999999999991 0.96905000000000008 0.0092500000000000013 0.074050000000000019 -0.008349999999999998 -0.16664999999999996 0.16415000000000005 0.15615000000000004 0.012150000000000003 0.075150000000000008 0.05315000000000001 0.071350000000000011 -0.98249999999999993
decision_type=2 2 2 2 2 2 2 2 2 2 2 2 2 2 2 2 2 2 2 2 2 2 2 2 2 2 2
left_child=1 10 18 4 7 6 15 -4 21 -6 -1 -8 20 -10 -14 -3 17 -5 24 -18 -12 -7 23 -20 26 -26 -2
right_child=2 5 3 16 9 8 11 -9 13 -11 12 -13 14 -15 -16 -17 19 -19 22 -21 -22 -23 -24 -25 25 -27 -28
leaf_value=-5.7658092049912993e-10 -0.035235146920360588 0.017120900637972596 0.012047535616582443 0.036585974810684173 0.018960582979286614 0.038698411672498358 -0.023317031901282495 -0.022530855608346657 0.0074424769983886582 0.036531103059055874 -0.038150018938703172 -0.0073023516644400216 -0.019191256766302789 -0.038267140067907858 -0.037948668815773516 0.036859126676854259 0.043047172580404032 5.1519082603467983e-05 -0.018942214370188153 0.037576290637035152 -0.034065950315115077 0.030369749098734928 -0.036725283913851117 -0.0072687196459935788 -0.035131623966935338 -0.033072084030749002 -0.036215204747113157
leaf_weight=0.38766010105610416 0.023567745229229331 0.220009446144103 2.2335594315081786 0.3625688850879677 2.9770085066556913 0.48000881820917107 3.3272594851441677 0.61116193793714035 0.70518175978213549 2.5306899473071116 4.1721522691659629 2.4098073788918559 1.8381741661578419 0.14464932214468718 0.78684306330978859 0.36707960069179535 0.53723771125078235 0.086790252476930618 0.18456364748999554 3.3498832955956459 1.0309433850925414 0.13933027721941471 0.012039151508361101 0.033596057444810867 0.023803730495274067 0.090872333152219653 0.018362363567575812
leaf_count=4 7 4 53 19 54 7 118 14 33 26 370 71 58 15 45 3 3 2 28 43 77 4 4 4 7 9 6
internal_value=-2.77531e-10 -0.019663 0.0240741 0.0255582 0.0193996 -0.00710378 -0.012315 0.00461869 0.0153284 0.0270339 -0.0315764 -0.0165902 -0.0331401 -0.000337734 -0.0248137 0.0294623 0.0374202 0.0295296 -0.0246103 0.0383324 -0.0373408 0.0368247 -0.0181686 -0.0171445 -0.0340792 -0.0334996 -0.0356643
internal_weight=29.0848 16.0091 13.0757 12.6889 8.35242 7.79333 6.32416 2.84472 1.46917 5.5077 8.21577 5.73707 7.82811 0.849831 2.62502 0.587089 4.33648 0.449359 0.386805 3.88712 5.2031 0.619339 0.230199 0.21816 0.156606 0.114676 0.0419301
internal_count=1088 809 279 214 147 255 196 67 59 80 554 189 550 48 103 7 67 21 65 46 447 11 36 32 29 16 13
is_linear=0
shrinkage=0.03


Tree=22
num_leaves=29
num_cat=0
split_feature=9 9 9 12 5 13 9 1 12 1 5 11 12 11 5 5 8 13 7 2 13 5 6 7 7 8 1 9
split_gain=14.5688 2.35627 1.11682 1.70544 0.984276 0.63936 0.672959 0.603311 0.589891 1.22594 0.534232 0.483232 0.419328 0.345347 0.732273 0.217622 0.203786 0.176319 0.145106 0.125075 0.119957 0.0881158 0.0768124 0.0496608 0.00910257 0.00520606 0.0034933 2.41434e-07
threshold=0.61635000000000006 0.33225000000000005 0.72810000000000008 1.04905 1.0576000000000001 0.0092500000000000013 1.2077000000000002 0.14915000000000003 0.9467000000000001 0.12605000000000002 1.0751500000000001 -1.0000000180025095e-35 0.87670000000000015 -0.20219999999999996 1.0535000000000003 1.0927000000000002 0.15110000000000004 0.076600000000000015 0.083550000000000013 -0.38459999999999994 0.037100000000000001 0.92670000000000008 0.13035000000000002 0.17135000000000003 0.15615000000000004 0.12785000000000005 0.15565000000000004 1.2258500000000001
decision_type=2 2 2 2 2 2 2 2 2 2 2 2 2 2 2 2 2 2 2 2 2 2 2 2 2 2 2 2
left_child=1 11 3 7 8 6 19 12 17 -10 24 18 -2 14 -7 -12 -9 -3 25 -4 -20 -15 23 -5 -6 -1 -24 -8
right_child=2 4 5 22 10 13 27 16 9 -11 15 -13 -14 21 -16 -17 -18 -19 20 -21 -22 -23 26 -25 -26 -27 -28 -29
leaf_value=-0.039078606818082465 -0.025016366687683145 -0.033390526147530145 -0.022199123344115931 0.039015981085661559 0.038179169151605616 0.0287722294870476 0.035997918609620344 0.0082922956489464121 0.036843659909745523 -0.013171799749109826 0.0052971566144863558 -5.7658092049913262e-10 0.018557169110347053 0.032067978682617446 -0.02318577309829652 -0.037814870016664386 -0.021668286105707625 -0.0081898537167196302 -0.023461959278978862 0.039046351375324966 -0.037964355997115812 0.039325712775413746 0.039139060441212931 -0.0017257138441172126 0.029300401259477513 -0.036895427759587429 0.036138800630292775 0.035937992785985223
leaf_weight=1.4733491353690613 0.24006937677040641 1.3866416453383843 0.45910543017089367 0.041694775223731884 0.45354211330413796 1.5634943731129158 0.077244557440280914 0.2461450770497321 0.48737293854355801 4.6420596593525261 0.58455625222995877 0.38766010105610238 1.1554303281009195 3.2182506739627579 0.28929431736469258 0.12855151342228055 1.2025291584432123 0.30479531316086639 1.5278175501152875 0.032108638435600301 0.77305288380011905 2.8289940804243088 0.85099695250391938 0.076019953936338425 0.13480938505381346 2.9540105988271534 0.59240768104791641 0.279262974858284
leaf_count=94 19 72 49 1 7 27 2 4 5 159 28 4 25 60 5 14 29 12 48 4 49 25 8 6 4 301 12 15
internal_value=-1.73108e-10 -0.0199658 0.023131 0.0108124 -0.00892397 0.0293346 0.00457554 -0.00301662 -0.0134858 -0.00841958 0.0149841 -0.0325694 0.0110612 0.0319913 0.0206595 -0.00247462 -0.0165777 -0.0288494 -0.0344459 -0.0181958 -0.0283345 0.0354633 0.0360073 0.0127051 0.0361448 -0.037622 0.0379077 0.035951
internal_weight=28.3913 15.2382 13.153 4.40529 8.12233 8.74776 0.847722 2.84417 6.82087 5.12943 1.30146 7.11589 1.3955 7.90003 1.85279 0.713108 1.44867 1.69144 6.72823 0.491214 2.30087 6.04724 1.56112 0.117715 0.588351 4.42736 1.4434 0.356508
internal_count=1088 797 291 104 301 187 70 77 248 164 53 496 44 117 32 42 33 84 492 53 97 85 27 7 11 395 20 17
is_linear=0
shrinkage=0.03


Tree=23
num_leaves=27
num_cat=0
split_feature=9 9 9 7 12 1 5 13 1 11 11 12 9 10 13 7 0 13 1 2 5 6 4 8 4 0
split_gain=13.7958 2.44393 0.954452 1.30918 0.911685 0.856042 0.799526 0.51658 0.674535 0.474531 0.466892 0.689802 0.184159 0.141818 0.120964 0.227874 0.104619 0.0983681 0.0975616 0.0850149 0.0714639 0.0273979 0.0157817 0.00674218 0.00141469 0.00053755
threshold=0.62705000000000011 0.33225000000000005 0.96800000000000008 0.17550000000000002 0.9467000000000001 0.12605000000000002 1.0576000000000001 0.083150000000000016 0.15155000000000002 -1.0000000180025095e-35 -0.20219999999999996 1.04905 0.54295000000000015 0.22000000000000003 0.0092500000000000013 0.073950000000000002 -0.033699999999999994 0.037100000000000001 0.14155000000000004 -2.3897499999999998 0.9396000000000001 -0.0077499999999999991 -0.12164999999999999 0.12785000000000005 -0.16304999999999997 0.31925000000000009
decision_type=2 2 2 2 2 2 2 2 2 2 2 2 2 2 2 2 2 2 2 2 2 2 2 2 2 2
left_child=1 9 3 7 12 -6 -7 21 -9 13 11 -5 16 23 15 19 -3 -15 -12 -4 -14 -2 24 -1 -16 -24
right_child=2 4 14 10 5 6 -8 8 -10 -11 18 -13 20 17 22 -17 -18 -19 -20 -21 -22 -23 25 -25 -26 -27
leaf_value=-0.039080557000491734 -0.033158860843158958 -0.0063164578990182732 -0.018517895348980348 0.0018626352881516896 0.036420716657247512 -0.01184134338379594 0.014061857014672996 0.017472400406577708 -0.019810641195009641 -5.7658092049913262e-10 0.021974399421916879 0.031709832457023711 -0.022202406239988474 -0.023748292268890192 0.042310750225625519 -0.016917964124830685 -0.036040755707943295 -0.037700353910731836 0.038160823867206824 0.035888367955270901 0.0019314571700350333 -0.018601786741413131 0.036368687847299297 -0.036507272407778422 0.039704407392937159 0.037687367257910914
leaf_weight=1.3083672802895296 0.15326089574955348 0.11728869378566731 0.027712330222129822 1.2814959269016983 0.45931249856948841 4.7828324353322387 1.382395824883133 1.7836230583488943 0.57835988700389851 0.38766010105610238 0.39481888711452517 1.5275981463491914 0.23577324929647137 1.527523620054126 0.49894402921199799 0.1069361474364996 1.1660147358197699 0.64761915849521745 2.2169621512293816 0.38438945636153166 0.20771087147295475 0.48331300029531032 2.3484687060117726 3.0584734654985368 0.30020339787006411 0.31560561805963505
leaf_count=80 29 3 7 27 5 164 58 35 14 4 8 28 18 58 3 4 60 39 19 24 5 37 37 315 4 3
internal_value=-5.36182e-12 -0.019079 0.0235086 0.0177848 -0.00815033 -0.00308967 -0.00603321 0.00187892 0.0083432 -0.0322498 0.0265831 0.0180937 -0.0275647 -0.0341609 0.0356099 0.022104 -0.0333241 -0.0279023 0.0357139 0.0322297 -0.010899 -0.0221065 0.0376341 -0.0372783 0.0413317 0.0365249
internal_weight=27.6827 15.281 12.4017 8.41943 8.35133 6.62454 6.16523 2.99856 2.36198 6.92964 5.42088 2.80909 1.72679 6.54198 3.98226 0.519038 1.2833 2.17514 2.61178 0.412102 0.443484 0.636574 3.46322 4.36684 0.799147 2.66407
internal_count=1088 809 279 197 313 227 222 115 49 496 82 55 86 492 82 35 63 97 27 31 23 66 47 395 7 40
is_linear=0
shrinkage=0.03


Tree=24
num_leaves=28
num_cat=0
split_feature=9 9 9 7 12 1 5 13 1 1 11 12 9 9 13 13 9 1 0 2 5 6 4 7 4 0 9
split_gain=13.1494 2.31959 0.925626 1.22933 0.853091 0.796767 0.718622 0.480027 0.611104 0.463341 0.444807 0.617885 0.163651 0.145969 0.118693 0.112302 0.213567 0.0924676 0.0916805 0.0778097 0.0604102 0.0289848 0.0152125 0.0131879 0.0013637 0.000513211 3.8548e-07
threshold=0.62705000000000011 0.33225000000000005 0.96800000000000008 0.17550000000000002 0.9467000000000001 0.12605000000000002 1.0576000000000001 0.083150000000000016 0.15155000000000002 1.0000000180025095e-35 -0.20219999999999996 1.04905 0.54295000000000015 0.23420000000000002 0.037100000000000001 0.0092500000000000013 1.2077000000000002 0.14155000000000004 -0.033699999999999994 -0.38459999999999994 0.9396000000000001 -0.0077499999999999991 -0.12164999999999999 0.079500000000000015 -0.16304999999999997 0.31925000000000009 1.2258500000000001
decision_type=2 2 2 2 2 2 2 2 2 2 2 2 2 2 2 2 2 2 2 2 2 2 2 2 2 2 2
left_child=1 9 3 7 12 -6 -7 21 -9 -1 11 -5 18 23 -15 16 19 -12 -3 -4 -14 -2 24 -11 -17 -24 -18
right_child=2 4 15 10 5 6 -8 8 -10 13 17 -13 20 14 -16 22 26 -19 -20 -21 -22 -23 25 -25 -26 -27 -28
leaf_value=-5.7658092049913386e-10 -0.03292327169357695 -0.0073045440036927055 -0.016313093382599932 0.0023883612620778866 0.036036638643437049 -0.011546427882581378 0.013136160113644003 0.017142702489187374 -0.018659528536386128 -0.037343140538510275 0.021857789079913263 0.030958666208812869 -0.021871455166319782 -0.020762614094053965 -0.03739451325558469 0.041959904257692172 0.035455868642747246 0.03781801834397653 -0.03542112327301597 0.038051865234659338 0.00063058941156933339 -0.017765939628207574 0.036063931208422072 -0.033277397506600345 0.039366677778957568 0.037373341204685877 0.035379701146565544
leaf_weight=0.38766010105610149 0.14947942551225368 0.11510100588202465 0.1311199851334095 1.2553382087498905 0.43485691398382176 4.7210994071792811 1.3695681896060703 1.7356246411800387 0.56999254412949074 3.7394961724057794 0.38604733720421824 1.4897675104439256 0.22931507718749333 1.1493818950839338 0.58157250378280867 0.48977476358413696 0.076767995953559875 2.1252897679805756 1.119989654282106 0.028919944539665621 0.2019293662160635 0.47232017386704594 2.2924352865666155 0.88865128089673806 0.29091055318713221 0.30526670813560475 0.2705629114061594
leaf_count=4 29 3 16 27 5 164 58 35 14 358 8 28 18 44 36 3 2 19 60 2 5 37 37 54 4 3 15
internal_value=2.97124e-10 -0.0188156 0.0232881 0.0175634 -0.00808734 -0.00319517 -0.00599622 0.00198296 0.00829171 -0.0318417 0.0262405 0.0178935 -0.0272455 -0.0337828 -0.0263507 0.035345 0.0221846 0.0353646 -0.0328009 -0.0064891 -0.0113349 -0.0214097 0.0373214 -0.0365625 0.0409936 0.0362178 0.0353965
internal_weight=27.0082 14.9386 12.0696 8.18386 8.19186 6.52552 6.09067 2.92742 2.30562 6.74676 5.25644 2.74511 1.66634 6.3591 1.73095 3.88576 0.507371 2.51134 1.23509 0.16004 0.431244 0.6218 3.37839 4.62815 0.780685 2.5977 0.347331
internal_count=1088 809 279 197 313 227 222 115 49 496 82 55 86 492 80 82 35 27 63 18 23 66 47 412 7 40 17
is_linear=0
shrinkage=0.03


Tree=25
num_leaves=30
num_cat=0
split_feature=9 10 9 7 10 12 8 11 13 1 11 12 6 12 8 13 8 13 9 2 1 2 10 9 10 4 4 4 9
split_gain=12.4365 2.22268 0.920554 1.17388 0.502376 0.500507 0.497036 0.492938 0.430059 0.664922 0.428988 0.558769 0.418907 0.411818 0.317191 0.220463 0.324844 0.104749 0.2019 0.0938848 0.087577 0.0705854 0.0587566 0.0317845 0.0149173 0.0146142 0.00131528 0.000488825 3.99665e-07
threshold=0.62705000000000011 0.55930000000000013 0.96800000000000008 0.17550000000000002 0.32710000000000006 0.96770000000000012 0.13975000000000001 -1.0000000180025095e-35 0.083150000000000016 0.15155000000000002 -0.20219999999999996 1.04905 0.14935000000000004 0.95250000000000012 0.13195000000000004 0.072550000000000017 0.14605000000000004 0.0092500000000000013 1.2077000000000002 -0.91229999999999989 0.14155000000000004 -0.38459999999999994 0.22000000000000003 0.85210000000000019 0.84065000000000001 -0.12164999999999999 -0.16304999999999997 -0.078949999999999992 1.2258500000000001
decision_type=2 2 2 2 2 2 2 2 2 2 2 2 2 2 2 2 2 2 2 2 2 2 2 2 2 2 2 2 2
left_child=1 4 3 8 7 15 -7 22 23 -10 11 -5 -8 19 -15 24 -17 18 21 -6 -12 -4 -1 -2 -3 26 -19 -27 -20
right_child=2 5 17 10 13 6 12 -9 9 -11 20 -13 -14 14 -16 16 -18 25 28 -21 -22 -23 -24 -25 -26 27 -28 -29 -30
leaf_value=-0.036763322734899163 -0.02720752666044109 -0.030975723280347645 -0.015499743614772602 0.0028725380641925783 -0.0099135591304119301 0.036276872524858096 -0.0059810944187363288 -5.7658092049913386e-10 0.017174179221516882 -0.020054585404288689 0.021751492208783498 0.030317482586405906 0.020898348572453034 0.018600264495142536 -0.015837880976852629 0.010992459960105548 -0.023417332666365254 0.041638108577300346 0.035220631473192196 -0.03760815562484595 0.037504526506625106 0.037565759292801974 -0.029271604954924361 -0.013476018116295301 -0.019647995340978615 0.037084759193109038 0.039054246999305438 0.035786437767259136 0.035142335502073851
leaf_weight=4.0962180946953586 0.31105585163459037 0.55629259650595375 0.12773367390036583 1.2448067367076876 0.12459848029538989 0.38742116838693652 2.2894927039742474 0.38766010105610149 1.7277378514409067 0.57562611252069462 0.376582391560078 1.4399901516735552 0.67585982987657178 0.26621878147125277 2.5114761120639741 0.4801754429936409 0.50829842500388622 0.47856355458498001 0.075331222265958786 0.95109035493806027 2.02846759557724 0.027398683130740564 1.2236393478233365 0.29615945182740688 0.12886455236002803 0.29546817392110902 0.2816598862409595 2.2369480580091472 0.26538781821727753
leaf_count=395 41 31 16 27 5 4 98 4 35 14 8 28 22 6 89 13 17 3 2 49 19 2 61 25 15 4 4 36 15
internal_value=3.12494e-10 -0.0185189 0.0229148 0.017146 -0.0270097 -0.00236811 0.00432034 -0.0326602 0.00194959 0.00787046 0.0258359 0.0175926 0.000145238 -0.0186404 -0.0125373 -0.015767 -0.00670193 0.0350971 0.0222425 -0.0344003 0.0350379 -0.00612759 -0.0350401 -0.0205102 -0.0288452 0.037033 0.0406808 0.0359379 0.0351596
internal_weight=26.3762 14.5873 11.7889 8.00043 9.5609 5.0264 3.35277 5.70752 2.91058 2.30336 5.08985 2.6848 2.96535 3.85338 2.77769 1.67363 0.988474 3.78849 0.495851 1.07569 2.40505 0.155132 5.31986 0.607215 0.685157 3.29264 0.760223 2.53242 0.340719
internal_count=1088 809 279 197 609 200 124 460 115 49 82 55 120 149 95 76 30 82 35 54 27 18 456 66 46 47 7 40 17
is_linear=0
shrinkage=0.03


Tree=26
num_leaves=27
num_cat=0
split_feature=9 9 9 6 12 1 2 12 11 13 1 5 11 12 5 11 13 7 13 0 0 9 6 8 7 9
split_gain=11.9417 1.81507 1.23178 0.730293 0.680049 0.812851 0.546237 0.502596 0.447532 0.472216 0.44637 0.427821 0.328261 0.448433 0.34781 0.242222 0.154932 0.142429 0.104637 0.0812765 0.070838 0.0806365 0.0190277 0.00495465 0.0037426 0.000191592
threshold=0.54500000000000004 0.69985000000000008 0.33225000000000005 -0.0058499999999999984 0.9537500000000001 0.12605000000000002 0.20445000000000002 1.0127500000000003 -0.20759999999999998 0.15310000000000004 1.0000000180025095e-35 1.0576000000000001 -0.20664999999999997 1.1508000000000003 0.93820000000000014 -0.14269999999999997 0.0092500000000000013 0.083550000000000013 0.037100000000000001 0.12565000000000001 -0.033699999999999994 0.52695000000000014 -0.008349999999999998 0.12785000000000005 0.075150000000000008 0.82205000000000006
decision_type=2 2 2 2 2 2 2 2 2 2 2 2 2 2 2 2 2 2 2 2 2 2 2 2 2 2
left_child=2 6 10 22 20 -6 12 15 9 -5 -1 -7 13 -2 -14 -8 -10 23 -19 -9 -4 -22 25 -12 -24 -3
right_child=1 3 4 8 5 11 7 19 16 -11 17 -13 14 -15 -16 -17 -18 18 -20 -21 21 -23 24 -25 -26 -27
leaf_value=-5.7658092049913521e-10 -0.022828753357729305 -0.033971839558062884 -0.0076914905735029253 0.0015341055534185471 0.035421473346093371 -0.014309901804241376 -0.014581249452660001 0.03397505288345435 0.017166800354155416 0.030713072569483735 -0.038103139971703462 0.014438891580296376 -0.017832810650779594 0.019798899895734561 0.011254567510465862 0.038631361423686943 0.033687598438344867 -0.022282959762294965 -0.036726900908723298 0.008314968227891668 -0.036281238842240965 -0.01538294232390904 -0.01698162716087857 -0.035837164591283679 -0.0055737098495821126 -0.030963655139916928
leaf_weight=0.3876601010561006 1.0492284330539403 0.027472691843286157 0.11086659505963314 1.0018125027418117 0.39115573465824116 3.1486959939356898 0.42747018113732338 0.94040353223681428 0.55820957385003556 0.99486630782484997 1.3021983630023899 0.54676878917962302 0.47012252802960564 0.28174493927508582 1.73682564496994 0.093900445848703273 6.0259920582175255 1.4192467378452422 0.6619203567970543 0.12597639672458172 0.98790179891511776 0.19977276958525181 0.16260461485944588 2.6072673846501857 0.030782036483287811 0.062190652824938297
leaf_count=4 45 10 3 21 5 121 13 16 31 19 94 22 33 12 38 3 83 48 49 9 58 7 28 301 5 10
internal_value=2.71261e-10 0.0187329 -0.022278 0.0269502 -0.0117129 -0.00570336 0.00452262 0.0191417 0.0285141 0.0160728 -0.031198 -0.0100563 -0.00203812 -0.0138052 0.00505839 -0.0049975 0.032287 -0.0332169 -0.0268769 0.0309437 -0.0306252 -0.032766 -0.0204621 -0.0365919 -0.0151658 -0.0318854
internal_weight=25.7531 13.9896 11.7635 8.86393 5.38516 4.08662 5.12567 1.58775 8.58088 1.99668 6.37829 3.69546 3.53792 1.33097 2.20695 0.521371 6.5842 5.99063 2.08117 1.06638 1.29854 1.18767 0.28305 3.90947 0.193387 0.0896633
internal_count=1088 376 712 207 216 148 169 41 154 40 496 143 128 57 71 16 114 492 97 25 68 65 53 395 33 20
is_linear=0
shrinkage=0.03


Tree=27
num_leaves=26
num_cat=0
split_feature=9 9 9 13 12 1 5 11 12 1 0 5 3 9 9 13 13 8 0 5 5 6 7 0 1
split_gain=11.3882 2.03887 0.865008 0.818901 0.698611 0.646267 0.559264 0.558888 1.37205 0.437744 0.373253 0.367118 0.187633 0.148962 0.145124 0.10955 0.0794651 0.198316 0.0737057 0.0504365 0.0170917 0.0134853 0.0126983 0.00875957 0.00200012
threshold=0.62705000000000011 0.33225000000000005 0.92825000000000013 0.08975000000000001 0.9467000000000001 0.12605000000000002 1.0576000000000001 -0.20759999999999998 1.0586500000000003 1.0000000180025095e-35 0.057450000000000008 0.93000000000000005 -1.0000000180025095e-35 0.54295000000000015 0.23420000000000002 0.037100000000000001 0.0092500000000000013 0.0078000000000000014 -0.033699999999999994 0.9396000000000001 0.91720000000000013 -0.0077499999999999991 0.079500000000000015 0.055250000000000007 0.0093500000000000024
decision_type=2 2 2 2 2 2 2 2 2 2 2 2 2 2 2 2 2 2 2 2 2 2 2 2 2
left_child=1 9 3 12 13 -6 -7 8 -5 -1 23 -9 21 18 22 -16 17 -12 -3 -15 -18 -2 -11 -4 -25
right_child=2 4 10 7 5 6 -8 11 -10 14 16 -13 -14 19 15 -17 20 -19 -20 -21 -22 -23 -24 24 -26
leaf_value=-5.7658092049913521e-10 -0.031602721039662829 -0.008514669031266759 -0.031175603028211627 -0.010749185681146394 0.035111397744195749 -0.010801652375468882 0.011316287018620178 0.0049797556029975727 0.03179656151351469 -0.036651917215785909 0.034900597304007887 0.030857051219141691 0.041447187668558781 -0.020589505539339401 -0.019805865645992828 -0.036507862954818095 0.035424529887177529 -0.010087299507779564 -0.034383532644055151 0.00053493526182025195 0.039995594196219855 -0.019909315482353591 -0.032477974121456761 -0.014485619199460887 -0.0053596248593293511
leaf_weight=0.3876601010561006 0.11129851033911109 0.110091883689165 0.026541567407548317 1.4676677212119105 0.36956898868083943 4.5405988190323114 1.3303486467339096 0.58417620137333903 1.2746458314359186 3.4035969148389995 0.35394853912293944 3.1757358070462942 0.044989235699174901 0.21506325365044165 1.0833871192298827 0.52458170661702741 2.4148648604750638 0.11745153367519379 0.99520511250011612 0.19301764294505119 1.0590577423572538 0.4383246258366853 0.81260356446728099 0.076932741329073906 0.030059168115258217
leaf_count=4 26 3 7 38 5 164 58 16 25 358 22 45 3 18 44 36 36 4 60 5 11 28 54 16 2
internal_value=1.07657e-10 -0.0180617 0.0225709 0.0162434 -0.00780203 -0.00336755 -0.00578976 0.0193251 0.00902636 -0.0308683 0.0335801 0.0268365 -0.0174557 -0.0260879 -0.032923 -0.0252547 0.0352497 0.0236917 -0.0318069 -0.0105979 0.0368181 -0.0222772 -0.0358475 -0.0157487 -0.0119217
internal_weight=25.1414 13.9657 11.1757 7.09684 7.75389 6.24052 5.87095 6.50223 2.74231 6.21183 4.07886 3.75991 0.594612 1.51338 5.82417 1.60797 3.94532 0.4714 1.1053 0.408081 3.47392 0.549623 4.2162 0.133533 0.106992
internal_count=1088 809 279 181 313 227 222 124 63 496 98 61 57 86 492 80 73 26 63 23 47 54 412 25 18
is_linear=0
shrinkage=0.03


Tree=28
num_leaves=28
num_cat=0
split_feature=9 9 9 7 12 1 5 1 11 12 12 1 9 9 13 13 9 1 0 0 5 6 5 7 4 4 9
split_gain=10.8444 1.96439 0.833025 1.01308 0.677727 0.620608 0.493133 0.429999 0.395194 0.423446 0.362522 0.559318 0.153013 0.146747 0.110322 0.0877119 0.175098 0.0793436 0.0710828 0.0576913 0.0445799 0.032032 0.0127332 0.0105928 0.00120557 0.000371312 2.72677e-07
threshold=0.62705000000000011 0.33225000000000005 0.96800000000000008 0.17550000000000002 0.9467000000000001 0.12605000000000002 1.0576000000000001 1.0000000180025095e-35 -0.20219999999999996 1.04905 0.86260000000000014 0.14915000000000003 0.23420000000000002 0.54295000000000015 0.037100000000000001 0.0092500000000000013 1.2077000000000002 0.14155000000000004 -0.033699999999999994 0.061900000000000004 0.9396000000000001 -0.0077499999999999991 0.91865000000000008 0.079500000000000015 -0.16304999999999997 -0.078949999999999992 1.2258500000000001
decision_type=2 2 2 2 2 2 2 2 2 2 2 2 2 2 2 2 2 2 2 2 2 2 2 2 2 2 2
left_child=1 7 3 10 13 -6 -7 -1 9 -5 21 -12 23 18 -14 16 19 -10 -3 -4 -15 -2 25 -9 -24 -17 -18
right_child=2 4 15 8 5 6 -8 12 17 -11 11 -13 14 20 -16 22 26 -19 -20 -21 -22 -23 24 -25 -26 -27 -28
leaf_value=-5.7658092049913521e-10 -0.032143209848902531 -0.0088332036676008821 -0.013993623311216308 0.0038040121829357541 0.03489955762990591 -0.010374593973271553 0.010615758845039581 -0.036469208011418362 0.021181829350919869 0.028855275502754588 0.020794895393722528 -0.010198824255685588 -0.019230564293935271 -0.020089880353389752 -0.036256767048982071 0.036250312841249951 0.034591301113797247 0.036825928516190848 -0.034471145645158241 0.036692771228058363 -6.3658870054248257e-06 -0.015344763764031547 0.040755158074385643 -0.032597158007393906 0.038159982072747366 0.035057772638409257 0.034524359966797327
leaf_weight=0.3876601010561006 0.13398683955892954 0.10839092731475819 0.1186703369021419 1.1686391774564984 0.36038978025317181 4.4980827344115824 1.2979997186921535 3.2950642108917236 0.34624001756310496 1.2641878128051756 1.2393487580120566 0.90791664831340302 1.0656530479900537 0.20853681629523624 0.50472691352479149 0.26480249315500337 0.070015732198953629 1.8549813739955423 0.95364759187214065 0.024358570575714111 0.19019594788551331 0.43011088692582966 0.44290556758642197 0.78792944154702116 0.25320063531398762 2.0866508558392525 0.25143117271363735
leaf_count=4 29 3 16 27 5 164 58 358 8 28 27 22 44 18 36 4 2 19 60 2 5 37 3 54 4 36 15
internal_value=-1.37721e-10 -0.0177897 0.0223787 0.0166329 -0.0076577 -0.00329882 -0.00567392 -0.0305652 0.025155 0.0168216 0.00206749 0.00768999 -0.0326611 -0.0260283 -0.0247029 0.0343963 0.0222522 0.0343652 -0.0318546 -0.00536147 -0.01051 -0.0193348 0.0362471 -0.035722 0.0398112 0.0351921 0.0345389
internal_weight=24.5157 13.6583 10.8574 7.34541 7.61724 6.15647 5.79608 6.04103 4.63405 2.43283 2.71136 2.14727 5.65337 1.46077 1.57038 3.51204 0.464476 2.20122 1.06204 0.143029 0.398733 0.564098 3.04756 4.08299 0.696106 2.35145 0.321447
internal_count=1088 809 279 197 313 227 222 496 82 55 115 49 492 86 80 82 35 27 63 18 23 66 47 412 7 40 17
is_linear=0
shrinkage=0.03


Tree=29
num_leaves=28
num_cat=0
split_feature=9 9 9 7 12 0 11 12 1 8 0 12 1 9 2 9 1 13 5 1 13 8 2 5 7 3 2
split_gain=10.3608 1.75857 0.891602 0.850185 0.63336 0.496105 0.44532 0.57066 0.421884 0.420613 0.34184 0.30978 0.429332 0.175408 0.160377 0.152878 0.110119 0.103313 0.0781246 0.0761352 0.0674737 0.168321 0.0228387 0.0148484 0.0110402 0.0090239 0.00248555
threshold=0.61635000000000006 0.33225000000000005 0.92825000000000013 0.17550000000000002 0.96770000000000012 0.053350000000000009 -0.20219999999999996 1.0597500000000004 1.0000000180025095e-35 0.13355000000000003 0.057450000000000008 0.86260000000000014 0.14915000000000003 0.5283000000000001 0.53360000000000019 0.23420000000000002 0.12550000000000003 0.037100000000000001 0.93945000000000012 0.14155000000000004 0.0092500000000000013 0.0078000000000000014 -0.59179999999999988 0.91720000000000013 0.079500000000000015 -4.4889499999999991 -0.91734999999999989
decision_type=2 2 2 2 2 2 2 2 2 2 2 2 2 2 2 2 2 2 2 2 2 2 2 2 2 2 2
left_child=1 8 3 11 13 9 7 -5 -1 -6 25 22 -13 16 -7 24 -3 -17 -15 -8 21 -12 -2 -22 -10 -4 -27
right_child=2 4 10 6 5 14 19 -9 15 -11 20 12 -14 18 -16 17 -18 -19 -20 -21 23 -23 -24 -25 -26 26 -28
leaf_value=-5.7658092049913521e-10 -0.027655112239631709 -0.012604720129773428 -0.031507371962477541 -0.00034471864433262067 0.02485570613950705 0.018608673480991624 0.021096850863090804 0.030185941054853116 -0.036281886368180867 -0.01050732072675711 0.034493351749892757 0.017848363836335725 -0.0075811686748514552 -0.02312869525322055 -0.019098153876160529 -0.019056900828275759 -0.032917366740446687 -0.035812695991648574 -0.0039782450293430853 0.036727286970015698 0.034983348888929025 -0.007936402331876178 -0.013755283028389987 0.039383485880012219 -0.032263233834165621 -0.014221823505546049 -0.0038455377664885094
leaf_weight=0.3876601010561006 0.22208543098531663 0.31258098827675018 0.024647548329085112 1.1317509151995184 0.33178490772843394 1.0532633443363009 0.33762403205037106 1.0737538412213323 3.1861133649945264 3.454329737694934 0.33759215287864242 1.3667557928711178 1.0616853972896931 0.29651435487903643 0.11234683264046896 1.0494834901764987 1.0372870052233336 0.48388174781575788 0.54248740896582603 1.6567976698279379 2.2896187081933026 0.11208542808890343 0.20421849214471732 0.98809361085295666 0.7625069711357354 0.073529958724975586 0.028959944844246244
leaf_count=4 43 27 3 27 6 32 8 25 358 144 22 31 30 22 6 44 48 36 16 18 36 4 11 11 54 20 2
internal_value=5.17968e-11 -0.0180799 0.021562 0.0152224 -0.00807995 -0.00213962 0.0238087 0.0145192 -0.0302451 -0.00740839 0.0331648 0.0025903 0.00673088 -0.0215184 0.0149743 -0.0323839 -0.0282137 -0.0243445 -0.0107463 0.0340813 0.0348148 0.0239174 -0.0209965 0.0363098 -0.0355059 -0.0152093 -0.0112899
internal_weight=23.9194 13.0102 10.9092 7.05467 7.14059 4.95172 4.19993 2.2055 5.86965 3.78611 3.85453 2.85475 2.42844 2.18887 1.16561 5.48199 1.34987 1.53337 0.839002 1.99442 3.72739 0.449678 0.426304 3.27771 3.94862 0.127137 0.10249
internal_count=1088 797 291 193 301 188 78 52 496 150 98 115 61 113 38 492 75 80 38 26 73 26 54 47 412 25 22
is_linear=0
shrinkage=0.03


Tree=30
num_leaves=29
num_cat=0
split_feature=9 7 9 7 12 8 6 1 11 12 13 7 7 2 9 3 1 13 9 1 7 0 10 4 10 4 0 9
split_gain=9.9354 1.80782 0.776184 0.897854 0.481251 0.601871 0.563616 0.375248 0.361111 0.368082 0.308966 0.439434 0.281083 0.206828 0.178025 0.138756 0.0968297 0.0765128 0.154952 0.0719425 0.0523247 0.0476489 0.0221381 0.0116061 0.00579498 0.00111002 0.000328105 2.60725e-07
threshold=0.62705000000000011 0.11050000000000001 0.96800000000000008 0.17550000000000002 0.9467000000000001 0.13740000000000002 0.08345000000000001 1.0000000180025095e-35 -0.20219999999999996 1.04905 0.08975000000000001 0.15990000000000001 0.090550000000000005 -0.41259999999999991 0.5283000000000001 -1.0000000180025095e-35 0.12650000000000003 0.0092500000000000013 1.2077000000000002 0.14155000000000004 0.14385000000000003 0.061900000000000004 0.16415000000000005 -0.12164999999999999 0.60460000000000014 -0.16304999999999997 0.31925000000000009 1.2258500000000001
decision_type=2 2 2 2 2 2 2 2 2 2 2 2 2 2 2 2 2 2 2 2 2 2 2 2 2 2 2 2
left_child=1 7 3 10 14 16 -7 -1 9 -5 15 -12 22 -14 24 -2 -6 18 21 -10 -16 -4 -9 25 -3 -19 -25 -20
right_child=2 4 17 8 5 6 -8 12 19 -11 11 -13 13 -15 20 -17 -18 23 27 -21 -22 -23 -24 26 -26 -27 -28 -29
leaf_value=-5.7658092049913521e-10 -0.01863103361336392 -0.036991810814832507 -0.012212381513899669 0.0043370393147020353 0.034478205145020632 -0.025623896016759063 -0.0012140617068916804 -0.036043015752423462 0.021027957541900875 0.028184269526957049 0.031821946311341283 -0.00039412338597819821 -0.014286134841983293 -0.035802476126124874 0.0050098701806156132 0.039852143495014002 0.012645288553120403 0.040219003679770444 0.034201938412668505 0.036351648234208389 -0.018022175478417262 0.036008372650860904 -0.031005666208685553 0.034620350088863008 -0.030475079388572541 0.037642473941257477 0.035782316436509538 0.034135076514376042
leaf_weight=0.3876601010561006 0.62889759521931421 0.45914211031049468 0.11330769956111941 1.1334196589887144 0.32747827097773541 1.0996332215145228 3.7701220619492233 3.1381914569064975 0.32877378165721927 1.1984769999980924 0.52574103325605381 1.3846662472933529 1.3165224497206507 0.57887731492519368 0.14496332034468651 0.038762226700781222 0.4138769144192338 0.4191010445356369 0.067114748060703278 1.7094380147755144 0.22902657836675644 0.022028315812349319 1.0472197344060985 1.9832374993711712 0.16765398159623146 0.23479896783828769 0.24581851810216893 0.24085927754640579
leaf_count=4 66 22 16 27 5 35 160 370 8 28 11 35 48 43 5 3 12 3 2 19 8 2 89 37 8 4 3 15
internal_value=7.13676e-11 -0.0173418 0.0220778 0.0163727 -0.00631054 -0.0028924 -0.00672602 -0.0286177 0.0246557 0.0165933 0.00233203 0.00847169 -0.0304421 -0.0208575 -0.0254751 -0.0152357 0.0222895 0.0339952 0.0223921 0.0338799 -0.00909466 -0.00436361 -0.0347826 0.0357794 -0.0352487 0.0392938 0.0347485 0.0341496
internal_weight=23.3548 13.0804 10.2744 6.94818 6.6119 5.61111 4.86976 6.46847 4.37011 2.3319 2.57807 1.91041 6.08081 1.8954 1.00079 0.66766 0.741355 3.32627 0.44331 2.03821 0.37399 0.135336 4.18541 2.88296 0.626796 0.6539 2.22906 0.307974
internal_count=1088 809 279 197 255 212 195 554 82 55 115 46 550 91 43 69 17 82 35 27 13 18 459 47 30 7 40 17
is_linear=0
shrinkage=0.03


Tree=31
num_leaves=28
num_cat=0
split_feature=9 7 9 7 12 8 6 11 12 1 0 12 1 7 9 2 1 7 13 8 7 3 2 5 3 10 2
split_gain=9.5537 1.71927 0.752066 0.662527 0.437126 0.553544 0.522159 0.416506 0.595281 0.369277 0.304294 0.285472 0.388514 0.270656 0.170057 0.164951 0.100441 0.087615 0.0574644 0.142875 0.0448078 0.0263281 0.0257571 0.0136351 0.00933472 0.00601455 0.00264206
threshold=0.62705000000000011 0.11050000000000001 0.92825000000000013 0.17550000000000002 0.9467000000000001 0.13740000000000002 0.08345000000000001 -0.20759999999999998 1.0597500000000004 1.0000000180025095e-35 0.057450000000000008 0.86260000000000014 0.14915000000000003 0.088100000000000026 0.5283000000000001 -0.41259999999999991 0.12650000000000003 0.20520000000000002 0.0092500000000000013 0.0078000000000000014 0.14625000000000002 0.86390000000000011 -0.59179999999999988 0.91720000000000013 -4.4889499999999991 0.60460000000000014 -0.91734999999999989
decision_type=2 2 2 2 2 2 2 2 2 2 2 2 2 2 2 2 2 2 2 2 2 2 2 2 2 2 2
left_child=1 9 3 11 14 16 -7 8 -5 -1 24 22 -13 21 25 -15 -6 -9 19 -12 -16 -11 -2 -20 -4 -3 -26
right_child=2 4 10 7 5 6 -8 17 -10 13 18 12 -14 15 20 -17 -18 -19 23 -21 -22 -23 -24 -25 26 -27 -28
leaf_value=-5.7658092049913521e-10 -0.026863458690789759 -0.036645748039223207 -0.030820415339830019 -0.0040027627219475009 0.034239271056747136 -0.025355980229365704 -0.0015075157475265546 0.036379810980833746 0.02936627210180787 -0.035169861491445749 0.034090783504738716 0.019288159880990252 -0.0073737219581053127 -0.016444964109158768 0.0017020947880470978 -0.035439828628026991 0.011694416989139714 0.021865131191113905 0.034549745487984444 -0.005981519545250045 -0.019345126303576515 -0.0020410674598939096 -0.011734195220168745 0.038900508739274357 -0.012854517759417886 -0.029869147558903426 -0.0019399051109355535
leaf_weight=0.3876601010561006 0.21081279334612224 0.43785647675395001 0.023465160978958011 0.92673427984118495 0.30962689779698838 1.0617745756171642 3.7253442662768066 1.5243599601089957 1.0006901957094667 3.7931190934032206 0.32218302786350284 1.1605077907443049 0.85376507975161064 1.5295144757255914 0.1819891519844532 0.56288071000017215 0.41789454221725464 0.4960993044078349 2.1684816870838408 0.10656290501356125 0.18214966543018818 0.021713517606258281 0.19491178775206031 0.92475626990199078 0.070411447435617447 0.16129786148667336 0.027857409790158605
leaf_count=4 43 22 3 23 5 35 160 23 23 446 22 27 22 58 6 45 12 9 36 4 7 1 11 11 20 8 2
internal_value=3.5803e-10 -0.0171987 0.0219422 0.0157224 -0.00634883 -0.00309176 -0.00679706 0.0232986 0.0133219 -0.0283641 0.032812 0.00336295 0.00798732 -0.0302255 -0.0249948 -0.0215548 0.0212893 0.0328159 0.0344238 0.024131 -0.00882615 -0.0349813 -0.0195953 0.0358505 -0.0138199 -0.0348214 -0.00976043
internal_weight=22.7844 12.7728 10.0116 6.36788 6.47793 5.51464 4.78712 3.94788 1.92742 6.29489 3.64372 2.42 2.01427 5.90723 0.963293 2.0924 0.727521 2.02046 3.52198 0.428746 0.364139 3.81483 0.405725 3.09324 0.121734 0.599154 0.0982689
internal_count=1088 809 279 181 255 212 195 78 46 554 98 103 49 550 43 103 17 32 73 26 13 447 54 47 25 30 22
is_linear=0
shrinkage=0.03


Tree=32
num_leaves=27
num_cat=0
split_feature=9 7 9 7 1 6 12 1 11 12 5 13 1 7 2 13 9 1 8 0 6 10 4 8 0 9
split_gain=9.15788 1.65379 0.719223 0.757034 0.427036 0.511391 0.399086 0.363548 0.333921 0.322017 0.308872 0.274357 0.339764 0.26579 0.181073 0.0692229 0.143087 0.068136 0.0633444 0.0409357 0.0370074 0.0226909 0.0106325 0.00101663 0.000293314 2.40109e-07
threshold=0.62705000000000011 0.11050000000000001 0.96800000000000008 0.17550000000000002 0.12605000000000002 0.14935000000000004 1.0127500000000003 1.0000000180025095e-35 -0.20219999999999996 1.04905 1.0649000000000002 0.083150000000000016 0.15155000000000002 0.090550000000000005 -0.41259999999999991 0.0092500000000000013 1.2077000000000002 0.14155000000000004 0.13160000000000002 0.061900000000000004 -0.0077499999999999991 0.16415000000000005 -0.12164999999999999 0.16850000000000001 0.31925000000000009 1.2258500000000001
decision_type=2 2 2 2 2 2 2 2 2 2 2 2 2 2 2 2 2 2 2 2 2 2 2 2 2 2
left_child=1 7 3 11 18 10 -7 -1 9 -5 -6 20 -13 21 -15 16 19 -10 -3 -4 -2 -9 23 -17 -24 -18
right_child=2 4 15 8 5 6 -8 13 17 -11 -12 12 -14 14 -16 22 25 -19 -20 -21 -22 -23 24 -25 -26 -27
leaf_value=-5.7658092049913521e-10 -0.030977844719860013 0.0074820116980973163 -0.011490918692911006 0.0045705878323833915 -0.015512185556021092 -0.012350124616564017 0.027945262489599876 -0.035727075435222619 0.02050200698262384 0.027486465178356893 0.0034667089471258354 0.01519704880754073 -0.013880777453402392 -0.014389343496113956 -0.035206953481302886 0.039691263514173528 0.033870925530970285 0.035924060817577451 0.0336891208588571 0.035403544044660312 -0.011982085588357465 -0.030468992605180496 0.034241163690217194 0.037088960506554816 0.035379241421976737 0.033805330114390186
leaf_weight=0.3876601010561006 0.12109491089358937 0.12496846914291371 0.10783101618289981 1.0868336223065855 4.1330062295310199 0.36263615917414416 0.56719163991510868 2.9377617961727087 0.30827090516686428 1.1212432086467741 0.94895188836380828 1.5013721007853744 0.47641680762171734 1.2785919727757571 0.53271306981332589 0.41553447395563159 0.064226202666759491 1.5757561884820459 0.24720572493970394 0.019835028797388077 0.38822236144915068 0.98675443744286884 1.8813027180731299 0.20020750164985657 0.22857621312141407 0.23035100288689137
leaf_count=4 29 3 16 27 167 15 21 370 8 28 45 35 14 48 43 3 2 19 4 2 37 89 37 4 3 15
internal_value=1.18669e-10 -0.016979 0.0218322 0.0161896 -0.00629505 -0.00822559 0.0122299 -0.0281174 0.0241231 0.0162071 -0.0119683 0.00313634 0.00819268 -0.0300177 -0.0205119 0.0336257 0.0223228 0.0334007 0.0248893 -0.00420509 -0.0164985 -0.034405 0.0353767 0.0388451 0.0343645 0.0338196
internal_weight=22.2345 12.5074 9.72707 6.57921 6.38396 6.01179 0.929828 6.12348 4.0921 2.20808 5.08196 2.48711 1.97779 5.73582 1.81131 3.14786 0.422243 1.88403 0.372174 0.127666 0.509317 3.92452 2.72562 0.615742 2.10988 0.294577
internal_count=1088 809 279 197 255 248 36 554 82 55 212 115 49 550 91 82 35 27 7 18 66 459 47 7 40 17
is_linear=0
shrinkage=0.03


Tree=33
num_leaves=26
num_cat=0
split_feature=9 7 9 7 1 5 5 11 12 1 1 0 7 12 1 2 7 8 13 8 2 2 5 3 2
split_gain=8.79409 1.58458 0.703126 0.589912 0.394775 0.453362 0.480129 0.375895 0.510266 0.358396 0.341551 0.278244 0.256731 0.254349 0.310979 0.144993 0.107847 0.0619583 0.0504246 0.124866 0.0258031 0.0170424 0.0124459 0.00801755 0.00320064
threshold=0.62705000000000011 0.11050000000000001 0.92825000000000013 0.17550000000000002 0.12605000000000002 1.0576000000000001 1.0751500000000001 -0.20759999999999998 1.0597500000000004 1.0000000180025095e-35 0.13525000000000001 0.057450000000000008 0.088100000000000026 0.86260000000000014 0.15155000000000002 -0.41259999999999991 0.20520000000000002 0.13160000000000002 0.0092500000000000013 0.0078000000000000014 -0.59179999999999988 0.51395000000000013 0.91720000000000013 -4.4889499999999991 -0.91734999999999989
decision_type=2 2 2 2 2 2 2 2 2 2 2 2 2 2 2 2 2 2 2 2 2 2 2 2 2
left_child=1 9 3 13 17 10 -7 8 -5 -1 -6 23 21 20 -15 -14 -9 -3 19 -13 -2 -11 -20 -4 -25
right_child=2 4 11 7 5 6 -8 16 -10 12 -12 18 15 14 -16 -17 -18 -19 22 -21 -22 -23 -24 24 -26
leaf_value=-5.7658092049913521e-10 -0.026149086051765875 0.0071585144051882783 -0.029584135473647393 -0.0028897857735171702 0.00087475789758598881 0.033303894455149675 -0.0059656078093917502 0.036060680619006462 0.028666563983747839 -0.034827928337852546 -0.017351187574908944 0.033765177564404607 -0.016470754095306187 0.014816763049588092 -0.013429884542937882 -0.03488092969698757 0.018417174163368147 0.033497461868521192 0.034200234761398399 -0.0046153776480639223 -0.010627260445151743 -0.010241928308874318 0.038490351886165612 -0.012942314583105701 -0.00067665584044336569
leaf_weight=0.3876601010561006 0.19868960254825663 0.12265794351696957 0.021920929430052638 0.89961238391697429 1.2728835595771668 0.43830752372741677 0.77687835600227118 1.4830137304961679 0.94626746326684952 3.5478610580321406 3.389530889922753 0.30656520836055312 1.4859841139987113 1.4670643042773006 0.46101499348878849 0.51964852609671641 0.39481176808476437 0.23319652304053307 2.0522091966122393 0.10156358405947685 0.18720880011096441 0.025557212997227796 0.86516742035746563 0.0668651033192873 0.026829525828361844
leaf_count=4 43 3 3 23 38 11 48 23 23 444 151 22 58 35 14 45 9 4 36 4 11 3 11 20 2
internal_value=4.2482e-10 -0.0168419 0.0216772 0.0155088 -0.00626404 -0.0081217 0.00819858 0.0229009 0.0132872 -0.0278927 -0.0123753 0.0325002 -0.0298308 0.00361313 0.00806283 -0.0212407 0.0323511 0.0244188 0.0340908 0.0242141 -0.0186191 -0.0346521 0.0354725 -0.0132513 -0.00943003
internal_weight=21.679 12.2002 9.4788 6.03768 6.23345 5.8776 1.21519 3.72371 1.84588 5.96671 4.66241 3.44112 5.57905 2.31398 1.92808 2.00563 1.87783 0.355854 3.32551 0.408129 0.385898 3.57342 2.91738 0.115616 0.0936946
internal_count=1088 809 279 181 255 248 59 78 46 554 189 98 550 103 49 103 32 7 73 26 54 447 47 25 22
is_linear=0
shrinkage=0.03


Tree=34
num_leaves=27
num_cat=0
split_feature=9 9 9 7 12 1 3 1 11 12 0 12 1 7 13 4 0 8 5 13 8 2 5 3 8 2
split_gain=8.38823 1.43977 0.748556 0.617705 0.480457 0.461357 0.396107 0.39211 0.353643 0.381782 0.264316 0.222202 0.269202 0.138705 0.129296 0.0841665 0.0680247 0.0595605 0.0531985 0.0477718 0.118877 0.0253764 0.0115925 0.00726653 0.0043727 0.00357358
threshold=0.61635000000000006 0.33225000000000005 0.92825000000000013 0.17550000000000002 0.9467000000000001 0.12605000000000002 0.10280000000000002 1.0000000180025095e-35 -0.20219999999999996 1.0597500000000004 0.057450000000000008 0.86260000000000014 0.14915000000000003 0.083550000000000013 0.076600000000000015 -0.14034999999999997 -0.033699999999999994 0.13875000000000001 0.94125000000000014 0.0092500000000000013 0.0078000000000000014 -0.59179999999999988 0.91720000000000013 -4.4889499999999991 0.12785000000000005 -0.91734999999999989
decision_type=2 2 2 2 2 2 2 2 2 2 2 2 2 2 2 2 2 2 2 2 2 2 2 2 2 2
left_child=1 7 3 11 14 -6 -7 -1 9 -5 23 21 -13 24 16 -15 -3 -16 -10 20 -12 -2 -21 -4 -9 -25
right_child=2 4 10 8 5 6 -8 13 18 -11 19 12 -14 15 17 -17 -18 -19 -20 22 -22 -23 -24 25 -26 -27
leaf_value=-5.7658092049913521e-10 -0.025436459908282024 -0.010271465180383849 -0.028574201092405872 0.0016798400307836323 0.033779020053074746 -0.0096924743402706775 0.013033541243388094 -0.036872123043981943 0.022706196551123523 0.028250193992744498 0.033600280906586108 0.016382636353691558 -0.0047129526982857967 -0.029157091944515736 0.016128613204464248 -0.014958465092446501 -0.033310157329688533 -0.016012318784774587 0.03578103492545745 0.034024897411001197 -0.0043372684459748734 -0.0098305294568764526 0.038239755484523984 -0.012915165407224424 -0.034452731251807374 0.00014329249198111982
leaf_weight=0.3876601010561006 0.19263127003796399 0.13452356681227684 0.02131912368349731 1.0423966161906721 0.27720306813716877 4.2175822323188186 0.82532642409205426 1.0133166366722437 0.35759618133306492 0.91297990083694447 0.29880132712423835 1.2406152281910183 0.97016617469489563 1.169082118431106 0.079221475869417191 0.55369968339800824 0.80898797372356035 0.15040540229529142 1.2918839938938615 1.993874514475465 0.098954470828175545 0.18273533671162878 0.83250839635729779 0.065031910315155983 1.9979354378301648 0.026565587148070668
leaf_count=4 43 4 3 27 5 184 28 94 8 25 22 31 30 75 4 22 68 8 18 36 4 11 11 20 301 2
internal_value=1.02578e-10 -0.0171146 0.0208631 0.0146896 -0.00773389 -0.00390184 -0.00597312 -0.0290074 0.0227159 0.0140857 0.0323164 0.00350172 0.00712517 -0.0313827 -0.025112 -0.0245937 -0.0300254 -0.00492367 0.0329465 0.0338965 0.0241621 -0.0178392 0.0352664 -0.0127994 -0.0352669 -0.00912788
internal_weight=21.143 11.6149 9.52806 6.191 6.49325 5.32011 5.04291 5.12169 3.60486 1.95538 3.33706 2.58615 2.21078 4.73403 1.17314 1.72278 0.943512 0.229627 1.64948 3.22414 0.397756 0.375367 2.82638 0.112917 3.01125 0.0915975
internal_count=1088 797 291 193 301 217 212 496 78 52 98 115 61 492 84 97 72 12 26 73 26 54 47 25 395 22
is_linear=0
shrinkage=0.03


Tree=35
num_leaves=28
num_cat=0
split_feature=9 9 9 12 12 1 6 1 6 5 11 8 5 4 13 7 4 13 6 0 8 6 7 2 8 12 9
split_gain=8.02382 1.44591 0.737765 0.819023 0.459872 0.491703 0.438628 0.393873 0.349511 0.27624 0.455661 0.275414 0.422207 0.207439 0.12173 0.121018 0.112072 0.106497 0.0671998 0.0650926 0.0609836 0.0187311 0.00633535 0.00492732 0.00446414 0.00189926 0.000102161
threshold=0.61635000000000006 0.33225000000000005 0.72810000000000008 1.04905 0.9467000000000001 0.12605000000000002 -0.0058499999999999984 1.0000000180025095e-35 0.14935000000000004 1.0535000000000003 -0.20074999999999996 0.15035000000000001 0.93740000000000012 -0.12224999999999998 0.076600000000000015 0.083550000000000013 -0.14034999999999997 0.14770000000000003 0.13035000000000002 -0.033699999999999994 0.13875000000000001 -0.008349999999999998 0.075150000000000008 -0.0055499999999999994 0.12785000000000005 1.0667500000000001 0.95985000000000009
decision_type=2 2 2 2 2 2 2 2 2 2 2 2 2 2 2 2 2 2 2 2 2 2 2 2 2 2 2
left_child=1 7 3 11 14 -6 21 -1 -7 17 -11 12 -2 -13 19 24 -17 -8 23 -3 -16 26 -23 -5 -9 -20 -4
right_child=2 4 6 18 5 8 9 15 -10 10 -12 13 -14 -15 20 16 -18 -19 25 -21 -22 22 -24 -25 -26 -27 -28
leaf_value=-5.7658092049913521e-10 -0.013289025404077675 -0.010278241628364068 -0.031089710756086297 0.004174926520137537 0.033702917256534938 -0.0093381386447233816 0.026703765795221726 -0.036815868464033126 0.012900012616376629 -0.024270355451265917 0.035203041286030252 -0.01599616646207231 0.027483130676213184 0.014923863312304978 0.016175715725469907 -0.030446224810269616 -0.013831354950923106 0.035250117240721385 0.036768411479826797 -0.033046254241954377 -0.016583034383762376 -0.013843159810951468 0.0023960047650211421 0.017031622845819026 -0.034334601636048241 0.033884625192320418 -0.028438490544000428
leaf_weight=0.3876601010561006 0.38055769144557317 0.13234405778348446 0.045413347193971276 0.059339605271816254 0.29792920872569073 4.2099755692761391 3.216620521619916 0.98435448389500413 0.74927853792905796 0.22724210843443871 0.23671754449605931 1.0299259256571534 0.57238028757274151 0.24096616357564871 0.079050168395042419 1.1215672446414826 0.54192957654595364 2.2165126409381628 0.3523067943751812 0.77365145389921941 0.14488195441663265 0.10894170985557128 0.026975203305482864 0.048967343755066284 1.9361647963523863 0.49340309947729111 0.018372941762208939
leaf_count=4 24 4 14 5 5 183 94 94 29 5 6 31 13 9 4 75 22 32 6 68 8 27 5 2 301 14 4
internal_value=-1.43344e-10 -0.0169047 0.0207035 0.00898379 -0.00746143 -0.00372948 0.0268122 -0.0290366 -0.00597824 0.0282929 0.00607365 -0.000991604 0.0112007 -0.0101336 -0.024825 -0.0314921 -0.0250335 0.0301904 0.0322366 -0.0297204 -0.00501888 -0.0169144 -0.0106202 0.00998765 -0.0351709 0.035086 -0.0303261
internal_weight=20.6334 11.3588 9.27464 3.17785 6.38711 5.25718 6.0968 4.97168 4.95925 5.89709 0.46396 2.22383 0.952938 1.27089 1.12993 4.58402 1.6635 5.43313 0.954017 0.905996 0.223932 0.199703 0.135917 0.108307 2.92052 0.84571 0.0637863
internal_count=1088 797 291 104 301 217 187 496 212 137 11 77 37 40 84 492 97 126 27 72 12 50 32 7 395 20 18
is_linear=0
shrinkage=0.03


Tree=36
num_leaves=28
num_cat=0
split_feature=9 7 9 7 4 11 5 1 11 12 5 7 13 11 4 7 2 0 6 4 7 13 1 4 8 10 6
split_gain=7.69148 1.49172 0.635449 0.625296 0.376359 0.349617 0.322503 0.532525 0.278967 0.307599 0.259071 0.227338 0.223172 0.265048 0.129853 0.0810635 0.0747535 0.0690707 0.0304887 0.0150285 0.0297813 0.0131181 0.0367991 0.00851784 0.00331368 0.000900372 0.000125522
threshold=0.62705000000000011 0.11050000000000001 0.96800000000000008 0.17550000000000002 -0.16874999999999998 -0.00089999999999999987 1.0543500000000001 0.13525000000000001 -0.20759999999999998 1.04905 1.0758500000000002 0.083550000000000013 0.083150000000000016 -0.14794999999999997 -0.14634999999999998 0.20520000000000002 -1.1954999999999998 0.058350000000000006 -0.0077499999999999991 -0.17714999999999997 0.12495000000000002 0.0092500000000000013 0.0060500000000000007 -0.12164999999999999 0.12785000000000005 0.6725000000000001 -0.0075499999999999986
decision_type=2 2 2 2 2 2 2 2 2 2 2 2 2 2 2 2 2 2 2 2 2 2 2 2 2 2 2
left_child=1 5 3 12 19 11 7 -6 9 -5 -8 24 18 -14 -13 -10 17 26 -2 25 -21 22 -18 -23 -1 -3 -4
right_child=2 4 16 8 6 -7 10 -9 15 -11 -12 14 13 -15 -16 -17 21 -19 -20 20 -22 23 -24 -25 -26 -27 -28
leaf_value=-0.036286945212917615 -0.029508677211005488 -0.035214062201540636 -0.013439716263251657 0.0019413511353210604 0.0066764265236756862 -0.0013508651074691179 0.027492566561281837 -0.015253095295895676 0.035565239336586084 0.026565739092705844 -0.0014045883949833089 -0.031765567878761565 0.003363577820223407 0.036605975801909447 -0.016295369785567511 0.02080119078032067 0.033243512888843155 0.033281437116846169 -0.011165150829750036 -0.039988906526807456 -0.015857748732626405 0.038014844574343246 0.0051593515358554802 0.033751629982182799 -0.034212569335596313 -0.039507402532686468 -0.010567328738401357
leaf_weight=1.1001659922767433 0.10585761978290986 0.21940071787685156 0.040601324290037155 0.84907652623951457 1.5632306281477211 0.42591483751312065 0.4768665228039024 2.7494981065392494 1.3309566900134084 0.98760676011443138 0.67369550373405218 0.77875120239332352 1.5366938970983026 0.25114394538104523 1.3093474796041844 0.44714671373367298 0.21096277050673995 0.057636260986328125 0.35511306463740611 0.074947575107216724 0.11929127760231495 0.54266626387834627 0.052426263689994812 1.893628038465976 1.8730118477251378 0.054977543652057648 0.020659523084760045
leaf_count=127 29 22 8 23 45 7 13 121 23 26 41 58 42 7 61 10 15 2 37 3 6 7 3 39 301 4 8
internal_value=-1.24047e-10 -0.0161813 0.0212822 0.0156551 -0.00575267 -0.0274551 -0.00353954 -0.00730432 0.0233822 0.0151822 0.0105722 -0.0296518 0.0032344 0.00803326 -0.0220649 0.0318525 0.0329883 0.00970782 -0.0153776 -0.0315541 -0.0251688 0.0340136 0.0276535 0.0347012 -0.0349802 -0.0360743 -0.012471
internal_weight=20.1013 11.4191 8.68218 5.8636 5.93191 5.48719 5.46329 4.31273 3.61479 1.83668 1.15056 5.06128 2.24881 1.78784 2.0881 1.7781 2.81858 0.118897 0.460971 0.468617 0.194239 2.69968 0.263389 2.43629 2.97318 0.274378 0.0612608
internal_count=1088 809 279 197 255 554 220 166 82 49 54 547 115 49 119 33 82 18 66 35 9 64 18 46 428 26 16
is_linear=0
shrinkage=0.03


Tree=37
num_leaves=28
num_cat=0
split_feature=9 7 9 7 4 1 11 1 5 12 7 13 1 2 7 6 0 12 9 10 0 0 13 1 4 5 3
split_gain=7.35313 1.46504 0.621729 0.521037 0.37706 0.346949 0.300165 0.291845 0.356397 0.289096 0.208245 0.202113 0.264479 0.148428 0.0974418 0.0792925 0.14645 0.0649017 0.0276529 0.0206738 0.0148186 0.0190644 0.0123755 0.0363742 0.00917207 0.00756836 0.00574025
threshold=0.62705000000000011 0.11050000000000001 0.95085000000000008 0.17550000000000002 -0.16874999999999998 1.0000000180025095e-35 -0.20759999999999998 0.12605000000000002 1.0543500000000001 1.0597500000000004 0.090550000000000005 0.083150000000000016 0.15155000000000002 -0.41259999999999991 0.20520000000000002 -0.0055999999999999991 0.057450000000000008 0.96770000000000012 0.85210000000000019 0.16415000000000005 0.057650000000000007 0.066950000000000023 0.0092500000000000013 0.0060500000000000007 -0.17054999999999998 0.91720000000000013 -4.4889499999999991
decision_type=2 2 2 2 2 2 2 2 2 2 2 2 2 2 2 2 2 2 2 2 2 2 2 2 2 2 2
left_child=1 5 3 11 20 -1 9 17 -9 -5 19 18 -13 -12 -8 16 26 -6 -2 -7 24 -22 23 -17 -3 -24 -4
right_child=2 4 15 6 7 10 14 8 -10 -11 13 12 -14 -15 -16 22 -18 -19 -20 -21 21 -23 25 -25 -26 -27 -28
leaf_value=-5.7658092049913521e-10 -0.022242434024589617 -0.036519887761194914 -0.027979568179611964 0.0024114503353001187 0.0050425185377988369 -0.035116922974265302 0.035388970682267699 -0.0094528297612946344 0.0096994070369331286 0.027245713841194581 -0.014921142670657424 0.014669652966688193 -0.012541413529739271 -0.035222591352081375 0.01766347459694655 0.033107032189026983 0.033371690785887725 0.03310112347386078 -0.0065181471667589905 -0.029702484428447425 0.00085662842559875547 -0.03401269959727659 0.033618048627694727 0.0052348851162379341 -0.024777959380670816 0.037416878274970339 -0.0085685282557274763
leaf_weight=0.3876601010561006 0.22703644190914785 0.31257025245577097 0.016360826790332794 0.92583735100924991 0.11119272187352169 2.4920321821700786 1.3164959792047737 3.9235323725733906 1.1252439171075819 0.77502723038196564 1.1584510174579916 1.3436268102377651 0.4225745666772126 0.45003106631338585 0.35422123223543156 0.23197623156011138 0.18108450621366501 0.22297284752130508 0.18082547443918884 0.85156309430021782 0.026298331096768379 0.03045235387980938 1.687594907358289 0.051494339480996132 0.074059022590517887 0.65527737885713566 0.084663661196828222
leaf_count=4 41 26 2 25 3 370 23 159 54 23 48 35 14 43 9 16 5 4 19 89 1 5 36 4 3 9 18
internal_value=-8.9634e-10 -0.0159805 0.0211068 0.0152151 -0.00557749 -0.0273314 0.0225992 -0.00338717 -0.00518428 0.0137276 -0.029471 0.00376363 0.00815924 -0.0206012 0.0316309 0.0323408 0.017227 0.0237647 -0.0152711 -0.0337379 -0.0321695 -0.0178542 0.0339642 0.0280439 -0.0342707 0.0346805 -0.0117121
internal_weight=19.6202 11.1661 8.4541 5.54565 5.82632 5.33974 3.37158 5.38294 5.04878 1.70086 4.95208 2.17406 1.7662 1.60848 1.67072 2.90845 0.282109 0.334166 0.407862 3.3436 0.44338 0.0567507 2.62634 0.283471 0.386629 2.34287 0.101024
internal_count=1088 809 279 189 255 554 80 220 213 48 550 109 49 91 32 90 25 7 60 459 35 6 65 20 29 45 20
is_linear=0
shrinkage=0.03


Tree=38
num_leaves=28
num_cat=0
split_feature=9 7 9 7 8 12 3 11 12 11 12 7 12 7 5 1 4 0 7 6 0 9 13 1 5 2 8
split_gain=7.03368 1.40763 0.606992 0.494334 0.361364 0.475813 0.406614 0.342632 0.307671 0.287309 0.265029 0.211364 0.191921 0.256265 0.163752 0.1141 0.113943 0.107406 0.0931473 0.0753339 0.139432 0.0272121 0.0119325 0.03518 0.00718235 0.0067241 0.0031654
threshold=0.62705000000000011 0.11050000000000001 0.95085000000000008 0.17550000000000002 0.13740000000000002 1.0005500000000003 0.10280000000000002 -0.00089999999999999987 0.94905000000000006 -0.20759999999999998 1.0597500000000004 0.083550000000000013 0.86260000000000014 0.16340000000000002 1.0419500000000002 0.13505000000000003 -0.14634999999999998 0.043800000000000013 0.20520000000000002 -0.0055999999999999991 0.057450000000000008 0.85210000000000019 0.0092500000000000013 0.0060500000000000007 0.91720000000000013 -0.91734999999999989 0.12785000000000005
decision_type=2 2 2 2 2 2 2 2 2 2 2 2 2 2 2 2 2 2 2 2 2 2 2 2 2 2 2
left_child=1 7 3 12 8 14 -7 11 17 10 -5 26 21 -14 -6 -10 -13 -3 -11 20 25 -2 23 -21 -24 -4 -1
right_child=2 4 19 9 5 6 -8 -9 15 18 -12 16 13 -15 -16 -17 -18 -19 -20 22 -22 -23 24 -25 -26 -27 -28
leaf_value=-0.03607236176698822 -0.021937454457611954 -0.022672778796029105 -0.015750692272323535 0.0028171270074214662 -0.022724566391878979 -0.0066199482685278142 0.022929479525578351 -0.0012100638756330163 0.015931608062391744 0.035214124041478272 0.026880317409338508 -0.03135509519227888 0.023378481766053269 -0.00060651124359531222 0.022939355824529977 0.04611235693158193 -0.0164932299302121 0.017672426801713458 0.017673439676929217 0.033001245156160049 0.033269615158573872 -0.0061587780330690416 0.033497745383567978 0.0052902108176420696 0.037258333844939678 0.0023021107088889367 -0.033973265327291835
leaf_weight=1.0274907982675361 0.22229233453981434 0.25051188655197598 0.074025144800543785 0.91575775854289554 1.7714707080740479 2.3630122845061128 0.50946905929595221 0.4227638426236825 0.53981197532266378 1.2603977881371973 0.74874160252511501 0.73374695959500957 0.63064497895538796 1.1005716696381567 0.073614874854683765 0.14249777048826218 1.2642330136150119 0.077838633209466934 0.34761824831366528 0.22602047026157412 0.17685872130095959 0.17645712848752737 1.6381636504083874 0.050431933254003525 0.63398075103759755 0.024786569178104734 1.743956765392795
leaf_count=127 41 10 19 25 81 122 19 7 15 23 23 58 16 33 2 2 61 4 9 16 5 19 36 4 9 1 301
internal_value=2.68175e-10 -0.0157817 0.0209491 0.0150572 -0.0055273 -0.0090149 -0.001379 -0.0270948 0.0107522 0.0223784 0.0136415 -0.0293893 0.00380885 0.00813071 -0.0209027 0.0222347 -0.0219512 -0.0131086 0.0314222 0.0322196 0.0173219 -0.014955 0.033831 0.027946 0.034547 -0.0112222 -0.0347515
internal_weight=19.1472 10.9204 8.22675 5.40248 5.72823 4.71757 2.87248 5.19219 1.01066 3.27252 1.6645 4.76943 2.12997 1.73122 1.84509 0.68231 1.99798 0.328351 1.60802 2.82427 0.27567 0.398749 2.5486 0.276452 2.27214 0.0988117 2.77145
internal_count=1088 809 279 189 255 224 141 554 31 80 48 547 109 49 83 17 119 14 32 90 25 60 65 20 45 20 428
is_linear=0
shrinkage=0.03


Tree=39
num_leaves=28
num_cat=0
split_feature=9 7 9 7 4 1 11 12 12 8 7 12 1 0 10 2 7 13 8 2 10 2 0 0 1 5 0
split_gain=6.76402 1.33541 0.598035 0.420649 0.347704 0.336484 0.319408 0.328912 0.270004 0.449799 0.208279 0.199725 0.246478 0.188333 0.144231 0.129407 0.089491 0.0411054 0.103625 0.0253762 0.0140969 0.0114408 0.00978973 0.0137887 0.0107859 0.00923247 0.00176063
threshold=0.62705000000000011 0.11050000000000001 0.92825000000000013 0.17550000000000002 -0.16874999999999998 1.0000000180025095e-35 -0.20759999999999998 1.0597500000000004 0.9467000000000001 0.13740000000000002 0.089150000000000021 0.86260000000000014 0.14915000000000003 0.057450000000000008 0.73645000000000016 -0.41259999999999991 0.20520000000000002 0.0092500000000000013 0.0078000000000000014 -0.59179999999999988 0.16415000000000005 -0.91734999999999989 0.057650000000000007 0.066950000000000023 0.14275000000000002 0.91720000000000013 0.055250000000000007
decision_type=2 2 2 2 2 2 2 2 2 2 2 2 2 2 2 2 2 2 2 2 2 2 2 2 2 2 2
left_child=1 5 3 11 22 -1 7 -5 14 -10 20 19 -13 21 -6 -12 -8 18 -15 -2 -7 26 24 -24 -3 -19 -4
right_child=2 4 13 6 8 10 16 -9 9 -11 15 12 -14 17 -16 -17 -18 25 -20 -21 -22 -23 23 -25 -26 -27 -28
leaf_value=-5.7658092049913521e-10 -0.025359815084413741 -0.015998186648257501 -0.023036433666383489 -0.0013000141509754042 -0.031967386117459619 -0.03490037182104453 0.035037400974390939 0.026557383027375248 0.022085162662977935 -0.004757109591836152 -0.015627090102939563 0.018068620161180222 -0.0049948303560993996 0.032987059941892924 -0.0025386600904592467 -0.034877268289379426 0.017623405519497787 0.03335313084234514 -0.0045327768615570788 -0.0087762063735424157 -0.029994672500868774 0.0081495041518891229 -0.0029112951449849411 -0.033854180453882284 -0.035274507853967289 0.037411606700090375 -0.012119706893577054
leaf_weight=0.3876601010561006 0.16898670280352246 0.028342049568891414 0.017391158966347575 0.80449864827096484 0.42084986460395146 2.3274523473810409 1.212544674053788 0.72540363110601902 0.65727548673748959 3.8700322716031224 1.2322242460213599 0.97612722776830174 0.7281061690300703 0.2641634959727529 0.23279384337365627 0.42189920041710127 0.34009284898638714 1.7331487722694876 0.088426101952791214 0.16328847478143715 0.68156434746924777 0.026937741786241864 0.023626554757356644 0.028712147381156683 0.33391204150393605 0.7115931250154971 0.056467223912477493
leaf_count=4 43 1 7 23 26 370 23 23 17 168 55 27 22 22 9 44 9 36 4 11 81 2 1 5 28 11 16
internal_value=8.10029e-11 -0.0156725 0.0208121 0.014647 -0.0055779 -0.0268557 0.021637 0.0119086 -0.00346241 -0.000860143 -0.0290883 0.00406675 0.00821513 0.0317017 -0.0214864 -0.020537 0.031223 0.0331534 0.0235774 -0.0172102 -0.0337892 -0.00858631 -0.0320141 -0.0198861 -0.0337664 0.0345344 -0.0146902
internal_weight=18.6635 10.6463 8.01718 5.11905 5.59554 5.0508 3.08254 1.5299 5.18095 4.52731 4.66314 2.03651 1.70423 2.89813 0.653644 1.65412 1.55264 2.79733 0.35259 0.332275 3.00902 0.100796 0.414593 0.0523387 0.362254 2.44474 0.0738584
internal_count=1088 809 279 181 255 554 78 46 220 185 550 103 49 98 35 99 32 73 26 54 451 25 35 6 29 47 23
is_linear=0
shrinkage=0.03


Tree=40
num_leaves=28
num_cat=0
split_feature=9 9 9 7 12 8 6 1 11 12 0 12 7 9 7 13 7 4 0 8 13 8 2 5 2 8 0
split_gain=6.48578 1.25444 0.573096 0.400278 0.385928 0.385707 0.405851 0.36767 0.301925 0.297926 0.191097 0.184856 0.234981 0.139063 0.114568 0.10422 0.0859305 0.0836339 0.0543 0.0484644 0.0386031 0.0965016 0.0224864 0.0086179 0.00822099 0.00358029 0.00201482
threshold=0.62705000000000011 0.33225000000000005 0.92825000000000013 0.17550000000000002 0.9467000000000001 0.13740000000000002 0.08345000000000001 1.0000000180025095e-35 -0.20759999999999998 1.0597500000000004 0.057450000000000008 0.86260000000000014 0.16340000000000002 0.39610000000000006 0.083550000000000013 0.076600000000000015 0.20520000000000002 -0.14034999999999997 -0.033699999999999994 0.13875000000000001 0.0092500000000000013 0.0078000000000000014 -0.59179999999999988 0.91720000000000013 -0.91734999999999989 0.12785000000000005 0.055250000000000007
decision_type=2 2 2 2 2 2 2 2 2 2 2 2 2 2 2 2 2 2 2 2 2 2 2 2 2 2 2
left_child=1 7 3 11 15 13 -7 -1 9 -5 24 22 -13 -6 25 18 -10 -16 -3 -17 21 -12 -2 -22 26 -9 -4
right_child=2 4 10 8 5 6 -8 14 16 -11 20 12 -14 -15 17 19 -18 -19 -20 -21 23 -23 -24 -25 -26 -27 -28
leaf_value=-5.7658092049913521e-10 -0.024500962666429336 -0.010537231566296133 -0.024070106447101749 -0.0006016528301431885 -0.0034927532178646789 -0.023021422942036747 -0.0015573270387799151 -0.036168087979600354 0.034896013792391142 0.02623154521118717 0.03286653932021167 0.022898045465346174 -0.0004101476859115761 0.024089860988083633 -0.029068490466054489 0.0086228755379409924 0.017628143129036298 -0.013881116190561116 -0.032185881759985491 -0.017835859340503073 0.03322363209253474 -0.0037139850982535871 -0.0086354831580648453 0.037214783373872656 0.0049990892212070535 -0.033753367992592015 -0.012195207882624027
leaf_weight=0.3876601010561006 0.16253068356309053 0.12378122098743916 0.016751663759350777 0.79358815588057063 0.2334376573562621 1.0538571304641662 3.2010501697659492 0.83675756445154625 1.1637550294399259 0.70165386609733105 0.25673966482281718 0.61653490550816048 1.0560819394886491 0.55711181554943323 0.97370478510856628 0.10740035399794579 0.33374765515327443 0.4908312098123131 0.66170655575115211 0.14839055482298136 1.6811886485666039 0.086864588782191277 0.15910558239556782 0.68542181700468052 0.025037290528416967 1.6274145995266733 0.055343732237815857
leaf_count=4 43 4 7 23 12 42 160 94 23 23 22 16 33 13 75 5 9 22 68 9 36 4 11 11 2 301 16
internal_value=-1.76135e-10 -0.0155026 0.0206913 0.0145879 -0.00672996 -0.00329821 -0.00687356 -0.0278734 0.021526 0.01199 0.0315335 0.00417609 0.00818137 0.0159451 -0.0306238 -0.0233583 0.0310475 -0.0239785 -0.0287744 -0.00672648 0.0330153 0.0236188 -0.0166527 0.0343796 -0.00981111 -0.0345733 -0.0149544
internal_weight=18.1974 10.4031 7.79435 4.987 6.08674 5.04546 4.25491 4.31637 2.99274 1.49524 2.80735 1.99425 1.67262 0.790549 3.92871 1.04128 1.4975 1.46454 0.785488 0.255791 2.71021 0.343604 0.321636 2.36661 0.0971327 2.46417 0.0720954
internal_count=1088 809 279 181 313 227 202 496 78 46 98 103 49 25 492 86 32 97 72 14 73 26 54 47 25 395 23
is_linear=0
shrinkage=0.03


Tree=41
num_leaves=28
num_cat=0
split_feature=9 7 9 7 4 11 12 8 7 11 3 12 2 0 9 2 1 0 1 7 0 0 1 13 1 5 6
split_gain=6.22095 1.32224 0.457863 0.417783 0.326826 0.322245 0.270386 0.309138 0.230867 0.228555 0.181408 0.157587 0.145072 0.139195 0.117935 0.0626578 0.0593742 0.0582214 0.0368983 0.0190626 0.0132042 0.0239236 0.0133319 0.0106117 0.0303118 0.00677792 0.000112001
threshold=0.64780000000000004 0.11050000000000001 0.96800000000000008 0.17550000000000002 -0.16874999999999998 -0.00089999999999999987 0.9467000000000001 0.13740000000000002 0.090550000000000005 -0.20219999999999996 0.34220000000000006 1.0597500000000004 -0.41259999999999991 0.048650000000000006 0.54295000000000015 -1.1954999999999998 0.14155000000000004 0.058350000000000006 0.14675000000000002 0.083550000000000013 0.057650000000000007 0.066950000000000023 0.14275000000000002 0.0092500000000000013 0.0060500000000000007 0.91865000000000008 -0.0075499999999999986
decision_type=2 2 2 2 2 2 2 2 2 2 2 2 2 2 2 2 2 2 2 2 2 2 2 2 2 2 2
left_child=1 5 3 10 20 8 14 -8 19 11 13 -5 -10 -2 -6 17 -11 26 -12 -1 22 -22 -3 24 -17 -25 -4
right_child=2 4 15 9 6 -7 7 -9 12 16 18 -13 -14 -15 -16 23 -18 -19 -20 -21 21 -23 -24 25 -26 -27 -28
leaf_value=-0.034433581306542727 0.015781990435314006 -0.012956156698298121 -0.013078470396860541 0.007822120667506224 -0.032155720713745992 -0.0010833152411098698 0.018211743846689589 -0.0035725537360223572 -0.013057234915882546 0.017892829071491832 0.03715233316754496 0.026506706773792341 -0.034512630343545757 -0.0061841928677880973 -0.0074801271222413208 0.032684562955886474 0.034575335934909981 0.032720449525439295 0.011950655912663888 -0.027382493530974616 0.0045281232568261595 -0.031054387926308474 -0.034840476009700104 0.033117347918570676 0.0055074979224422347 0.037216061585651328 -0.010184455812804754
leaf_weight=2.5155866799177615 0.351002026349305 0.027233950793743023 0.035697175189852715 1.0108368899673226 0.36671638535335649 0.41972893313504833 0.68448366131633509 4.0865815216675401 1.0586971861775962 0.23052773997187603 0.14977501519024361 0.67923228256404389 0.38742349646054197 0.99736769986338913 0.33226530253887177 0.18490478768944774 1.1490734387189148 0.050571579486131668 0.080329742282629013 0.39993581338785578 0.025364391505718231 0.051604027394205332 0.31291695171967149 1.6314888326451185 0.046155783347785473 0.46706812828779209 0.01815726421773467
leaf_count=432 10 1 8 29 25 7 19 178 48 8 5 24 43 79 13 15 19 2 3 28 1 6 28 39 3 7 8
internal_value=-5.12688e-11 -0.0144701 0.0217977 0.0162778 -0.00495213 -0.0261894 -0.00300021 -0.000447257 -0.0286054 0.0227274 0.0037353 0.0153314 -0.0188053 -0.000466047 -0.020426 0.0323387 0.0317877 0.0096043 0.0283544 -0.0334664 -0.0305493 -0.0193284 -0.0330883 0.0333577 0.0272558 0.0340296 -0.0121027
internal_weight=17.7507 10.6685 7.08219 4.64814 5.88717 4.78137 5.47005 4.77107 4.36164 3.06967 1.57847 1.69007 1.44612 1.34837 0.698982 2.43404 1.3796 0.104426 0.230105 2.91552 0.417119 0.0769684 0.340151 2.32962 0.231061 2.09856 0.0538544
internal_count=1088 829 259 177 271 558 235 197 551 80 97 53 91 89 38 82 27 18 8 460 36 7 29 64 18 46 16
is_linear=0
shrinkage=0.03


Tree=42
num_leaves=28
num_cat=0
split_feature=9 7 9 11 13 10 4 12 12 8 11 12 7 8 2 0 7 5 6 9 8 13 7 4 8 1 6
split_gain=5.95405 1.26225 0.44742 0.396634 0.395881 0.387026 0.236083 0.308691 0.214802 0.238403 0.193563 0.258992 0.0729334 0.0688969 0.060295 0.0559246 0.0488493 0.0381444 0.0301454 0.0213047 0.018987 0.0102764 0.047325 0.00616734 0.00281638 0.000267853 0.000101005
threshold=0.64780000000000004 0.097750000000000017 0.96800000000000008 -0.00089999999999999987 0.08975000000000001 0.56900000000000006 -0.16014999999999999 0.99595000000000011 0.95250000000000012 0.13195000000000004 -0.19384999999999999 0.99285000000000012 0.17660000000000001 0.12535000000000004 -1.1954999999999998 0.058350000000000006 0.083550000000000013 0.94705000000000006 -0.0077499999999999991 0.85210000000000019 0.17405000000000001 0.0092500000000000013 0.074050000000000019 -0.16304999999999997 0.12785000000000005 0.0073500000000000015 -0.0075499999999999986
decision_type=2 2 2 2 2 2 2 2 2 2 2 2 2 2 2 2 2 2 2 2 2 2 2 2 2 2 2
left_child=1 3 4 16 18 8 20 -8 13 -10 11 -6 -12 -3 15 26 24 -18 25 -20 -7 22 -16 -23 -1 -2 -4
right_child=2 5 14 -5 10 6 7 -9 9 -11 12 -13 -14 -15 21 -17 17 -19 19 -21 -22 23 -24 -25 -26 -27 -28
leaf_value=-0.03564183483813757 -0.02770664103335645 -0.0025852664501849008 -0.012818308906194252 -0.0011873286163816654 -0.00022262764770951917 -0.01799095777216856 -0.0076133422473418054 0.010060214588457291 0.0185872443453877 -0.014154488888846512 0.019869101761370869 0.020082596525999013 0.034028466379416686 -0.036003164212190512 0.032694652666644126 0.032622287971315556 -0.037535192612734115 -0.021864256864702142 -0.017619518055455904 -0.0015982035402226978 -0.032106087194749854 0.037863827924779096 -0.0070174737123660678 0.033225539370490775 -0.033531057087439552 -0.031561719843217817 -0.010036887052592581
leaf_weight=0.91178988665342542 0.061946935602463782 0.062867218628526067 0.034827461466193199 0.41882912279106754 0.7890060190111402 0.19915548712015185 1.677967810072005 1.8927303436212239 0.22068522498011622 2.150665347231552 0.55844396911561467 1.9943551532924173 0.79135255888104439 0.47538812994025648 0.19389501959085498 0.04920787550508976 0.18404049775563169 0.58143862220458686 0.1300436113961031 0.17552813515067101 0.15064670471474528 0.30309481546282846 0.031378369778394699 1.7342355092987412 1.51289896806702 0.02197499165777117 0.01773353107273612
leaf_count=131 12 2 8 7 23 9 63 89 6 116 16 59 17 34 16 2 12 41 17 18 18 3 2 43 301 15 8
internal_value=-4.9879e-10 -0.0142844 0.0216517 -0.0286354 0.016123 -0.00670136 -0.000549252 0.00175493 -0.0149909 -0.0111074 0.0188477 0.0143266 0.0281704 -0.0321 0.0322273 0.00963806 -0.032239 -0.0256319 -0.0127903 -0.00841647 -0.0240698 0.0332433 0.0271631 0.0339156 -0.0343248 -0.0287161 -0.0118799
internal_weight=17.3261 10.4391 6.88702 3.609 4.52265 6.83011 3.9205 3.5707 2.90961 2.37135 4.13316 2.78336 1.3498 0.538255 2.36437 0.101769 3.19017 0.765479 0.389494 0.305572 0.349802 2.2626 0.225273 2.03733 2.42469 0.0839219 0.052561
internal_count=1088 829 259 492 177 337 179 152 158 122 115 82 33 36 82 18 485 53 62 35 27 64 18 46 432 27 16
is_linear=0
shrinkage=0.03


Tree=43
num_leaves=28
num_cat=0
split_feature=9 9 10 1 12 1 2 12 6 11 5 11 12 0 5 11 11 7 13 10 13 2 6 7 12 8 9
split_gain=5.68941 1.06264 0.641565 0.3972 0.39202 0.385312 0.359217 0.40828 0.308662 0.256209 0.226496 0.31348 0.225928 0.221089 0.208496 0.20009 0.13075 0.0854028 0.0523871 0.0353024 0.0368195 0.0264909 0.0137492 0.00522497 0.00459483 0.00417695 0.000171703
threshold=0.54500000000000004 0.72810000000000008 0.32710000000000006 1.0000000180025095e-35 0.95250000000000012 0.12605000000000002 0.20445000000000002 1.0127500000000003 -0.0058499999999999984 -0.20664999999999997 1.0535000000000003 -0.20074999999999996 1.1508000000000003 -0.015699999999999995 0.92200000000000004 -0.26089999999999997 -0.14269999999999997 0.15760000000000005 0.082550000000000026 0.22000000000000003 0.030500000000000003 -0.91229999999999989 -0.008349999999999998 0.075150000000000008 0.96905000000000008 0.12785000000000005 0.82205000000000006
decision_type=2 2 2 2 2 2 2 2 2 2 2 2 2 2 2 2 2 2 2 2 2 2 2 2 2 2 2
left_child=2 6 3 -1 18 24 9 16 22 12 15 -12 -2 -7 -11 -10 -8 -9 21 25 -21 -4 26 -24 -6 -5 -3
right_child=1 8 4 19 5 13 7 17 10 14 11 -13 -14 -15 -16 -17 -18 -19 -20 20 -22 -23 23 -25 -26 -27 -28
leaf_value=-5.7658092049913314e-10 -0.019640852396171304 -0.031437579304220968 -0.017779411397283017 -0.036064534191014803 0.024328831966541908 -0.024207631748043343 -0.0090927902724546161 0.046005489802436905 -0.00047013347854894078 -0.020033579359430294 -0.020959122451198322 0.034208151262410585 0.01393056556370227 -0.0052538574981083833 0.010359884011935426 0.030495666283918189 0.036066207295872281 0.024170176027120877 0.00043457204915667448 -0.020959534423854998 -0.034445483847719803 -0.032436238055347323 -0.012806422080408662 0.003389209308160513 0.032517891155289413 -0.033272227116076206 -0.027506768639401515
leaf_weight=0.38766010105610194 0.85577616328373529 0.014068824122659862 0.1302783889696002 0.69708294770680446 0.10684295371174846 0.70946352416649494 0.48002984188497066 0.20538013428449631 0.19680006057023902 0.23608562385197585 0.19931397959589958 0.17330899275839318 0.22861125506460667 2.5257893910165876 1.4553078627213833 4.1080420212820181 0.065586524084210174 0.74961734935641289 0.053041433682665229 0.43443891359493125 0.31382010248489678 0.74937144212890405 0.087872201111167558 0.022523209452629089 0.14583757147192955 1.5636589581845326 0.034592921263538301
leaf_count=4 49 8 8 80 3 26 18 3 5 33 5 6 12 133 43 121 3 28 5 24 37 74 27 5 3 315 10
internal_value=2.78589e-10 0.0161073 -0.0187769 -0.0285815 -0.0112434 -0.00662366 0.00521265 0.0170381 0.0257402 -0.00118032 0.0271378 0.00469948 -0.0125633 -0.00941026 0.00611755 0.02908 -0.00366439 0.028866 -0.0285196 -0.0322638 -0.0266155 -0.0302655 -0.0153581 -0.00950214 0.0290552 -0.0341332 -0.0286432
internal_weight=16.9302 9.11292 7.81729 3.39666 4.42062 3.48793 4.27639 1.50061 4.83652 2.77578 4.67747 0.372623 1.08439 3.23525 1.69139 4.30484 0.545616 0.954997 0.932691 3.009 0.748259 0.87965 0.159057 0.110395 0.252681 2.26074 0.0486617
internal_count=1088 376 712 460 252 165 189 52 187 137 137 11 61 159 76 126 21 31 87 456 61 82 50 32 6 395 18
is_linear=0
shrinkage=0.03


Tree=44
num_leaves=27
num_cat=0
split_feature=9 9 9 7 1 12 1 6 11 12 0 12 7 7 9 7 13 5 9 9 13 7 2 4 8 0
split_gain=5.51121 1.05447 0.512897 0.372015 0.35 0.301271 0.316645 0.286796 0.228549 0.206222 0.161804 0.152726 0.217084 0.104817 0.0908595 0.0769746 0.0626507 0.03548 0.0326677 0.0259173 0.00888722 0.04761 0.00620486 0.00507195 0.00289887 0.00227732
threshold=0.62705000000000011 0.33225000000000005 0.95085000000000008 0.17550000000000002 1.0000000180025095e-35 0.9467000000000001 0.12605000000000002 0.14510000000000003 -0.20759999999999998 1.0597500000000004 0.057450000000000008 0.86260000000000014 0.16340000000000002 0.083550000000000013 0.54295000000000015 0.20520000000000002 0.037100000000000001 0.9396000000000001 0.3474000000000001 0.85210000000000019 0.0092500000000000013 0.074050000000000019 -0.91734999999999989 -0.16664999999999996 0.12785000000000005 0.055250000000000007
decision_type=2 2 2 2 2 2 2 2 2 2 2 2 2 2 2 2 2 2 2 2 2 2 2 2 2 2
left_child=1 4 3 11 -1 14 -7 -8 9 -5 22 19 -13 24 18 -10 -15 -16 -3 -2 21 -12 25 -22 -6 -4
right_child=2 5 10 8 13 6 7 -9 15 -11 20 12 -14 16 17 -17 -18 -19 -20 -21 23 -23 -24 -25 -26 -27
leaf_value=-5.7658092049913459e-10 -0.021586927865015083 -0.010898976234896687 -0.025614836686897569 0.0032746812272596722 -0.035677735848505282 0.032658009546308604 -0.0085238235289578496 0.012285648634638551 0.034436785643729276 0.026227463507808125 0.032520556495288837 0.022573828589929422 -0.00064819799674837816 -0.019375264931261363 -0.019024881065333919 0.017101425621627225 -0.034118492391104656 0.0024774702722526495 -0.031276496196604886 -0.0049416981488658741 0.037470157631846343 -0.0076026418578337678 0.0042582440124159689 0.033153424581631764 -0.033351946620172351 -0.011283861376324259
leaf_weight=0.38766010105610105 0.18666246405336906 0.08117922325618554 0.012518012896180153 0.81725519336760066 0.73223376856185574 0.20743529684841622 3.79124277504161 0.70726259937509883 1.0128309726715086 0.61922672390937805 0.22947480436414514 0.58267667330801465 0.95792705751955509 0.95513674337416865 0.13550383632536978 0.29846005514264096 0.35613006679341197 0.1408576276153326 0.55399422207847238 0.15335414605215192 0.28532629087567407 0.030108649283647537 0.022348940372467374 1.7318166019394987 1.4131241731811313 0.049214450642466545
leaf_count=4 41 5 4 25 94 5 189 33 23 23 22 16 33 48 18 9 49 5 58 19 3 2 2 42 301 15
internal_value=-5.73197e-12 -0.0149237 0.0202032 0.0143991 -0.0270301 -0.00663875 -0.00358107 -0.00525212 0.0214354 0.013169 0.0315823 0.00411833 0.00813468 -0.0300616 -0.0224245 0.0304911 -0.0233794 -0.00806543 -0.0286721 -0.0140796 0.0330916 0.0278667 -0.00928634 0.033764 -0.0341458 -0.0141899
internal_weight=16.451 9.46176 6.9892 4.62839 3.84428 5.61748 4.70594 4.49851 2.74777 1.43648 2.36081 1.88062 1.5406 3.45662 0.911535 1.31129 1.31127 0.276361 0.635173 0.340017 2.27673 0.259583 0.0840814 2.01714 2.14536 0.0617325
internal_count=1088 809 279 189 496 313 227 222 80 48 90 109 49 492 86 32 97 23 63 60 69 24 21 45 395 19
is_linear=0
shrinkage=0.03


Tree=45
num_leaves=28
num_cat=0
split_feature=9 7 9 13 1 4 12 8 7 11 12 2 9 7 2 0 6 3 9 13 7 10 1 4 10 0 6
split_gain=5.31454 1.11597 0.411045 0.34958 0.306858 0.283756 0.210867 0.276771 0.200305 0.175895 0.217828 0.10987 0.0995569 0.0682923 0.0522242 0.0490993 0.0276829 0.0149294 0.0144855 0.00939042 0.0432896 0.00720238 0.0137597 0.00501302 0.000375267 0.000217723 8.91272e-05
threshold=0.64780000000000004 0.11050000000000001 0.96800000000000008 0.08975000000000001 1.0000000180025095e-35 -0.16874999999999998 0.9467000000000001 0.13740000000000002 0.088100000000000026 -0.19384999999999999 1.0597500000000004 -0.41259999999999991 0.54295000000000015 0.17660000000000001 -1.1954999999999998 0.058350000000000006 -0.0077499999999999991 0.86390000000000011 0.85210000000000019 0.0092500000000000013 0.074050000000000019 0.55540000000000012 0.15685000000000002 -0.16304999999999997 0.53690000000000004 0.05315000000000001 -0.0075499999999999986
decision_type=2 2 2 2 2 2 2 2 2 2 2 2 2 2 2 2 2 2 2 2 2 2 2 2 2 2 2
left_child=1 4 3 16 -1 21 12 -8 17 10 -5 -10 -7 -11 15 26 25 -6 -18 20 -16 24 -23 -21 -3 -2 -4
right_child=2 5 14 9 8 6 7 -9 11 13 -12 -13 -14 -15 19 -17 18 -19 -20 23 -22 22 -24 -25 -26 -27 -28
leaf_value=-5.7658092049913521e-10 -0.031328351261307112 -0.036094667961734508 -0.012130596177380262 0.0084712312326073701 -0.033506024484513945 -0.031329017754492185 0.017705670458228875 -0.0038421290666004796 -0.014779674706701315 0.019581715928259601 0.027701702138576766 -0.034121551902118456 -0.0073303145988416881 0.033762721640399895 0.032441254128523209 0.032376699994239262 -0.016062213256850817 -0.0017060418755863052 -0.0023443932750603852 0.03732151622362416 -0.0069248448482323284 -0.016668373833622054 -0.032819006096027399 0.032951771930211732 -0.032683956778937991 -0.02766626454280444 -0.0093941202753129952
leaf_weight=0.3876601010561006 0.019821692490950227 0.12265077023766924 0.031715970486402512 1.8377043567597868 2.3930024825967857 0.31440707389265288 0.62448368314653624 3.8071818344760686 1.1322300168685613 0.53211390413343929 0.7450440190732478 0.34481025929562736 0.30795783363282681 0.71808175183832645 0.17744994908571277 0.04524010606110096 0.12052039499394496 0.013361328281462082 0.16294953878968954 0.27765938267111812 0.029290856793522835 0.075794169679284096 0.12706835148856044 1.5855221338570111 0.038036891724914312 0.055585379479452968 0.016175042837858533
leaf_count=4 11 9 8 54 450 25 19 178 58 16 28 45 13 17 16 2 17 1 18 3 2 4 19 43 4 16 8
internal_value=5.65985e-12 -0.0139838 0.0213198 0.0158389 -0.0254509 -0.00494356 -0.00310213 -0.000805743 -0.0279915 0.0184899 0.0140186 -0.019295 -0.019454 0.0277269 0.0319411 0.00996489 -0.0124741 -0.0333295 -0.00817668 0.0329299 0.0268639 -0.0305428 -0.0267848 0.033603 -0.0352873 -0.0286289 -0.0112064
internal_weight=16.0435 9.68864 6.35487 4.19182 4.27106 5.41758 5.05403 4.43167 3.8834 3.83294 2.58275 1.47704 0.622365 1.2502 2.16305 0.0931311 0.358877 2.40636 0.28347 2.06992 0.206741 0.36355 0.202863 1.86318 0.160688 0.0754071 0.047891
internal_count=1088 829 259 177 558 271 235 197 554 115 82 103 38 33 82 18 62 451 35 64 18 36 23 46 13 27 16
is_linear=0
shrinkage=0.03


Tree=46
num_leaves=28
num_cat=0
split_feature=9 7 9 11 7 6 11 1 12 0 5 12 12 1 7 4 13 9 8 7 5 0 2 4 5 7 9
split_gain=5.08062 0.902213 0.53905 0.380801 0.337524 0.30199 0.257274 0.242024 0.24169 0.237435 0.23689 0.1811 0.136154 0.202455 0.109167 0.0974218 0.0924726 0.130885 0.0673923 0.0433769 0.0271744 0.0214737 0.0184811 0.0128248 0.00612268 0.00254707 1.09395e-07
threshold=0.61635000000000006 0.097750000000000017 0.92825000000000013 -0.00089999999999999987 0.17550000000000002 0.14510000000000003 -0.20759999999999998 0.13525000000000001 1.0597500000000004 -0.018949999999999998 1.0543500000000001 1.0127500000000003 0.86260000000000014 0.14915000000000003 0.20520000000000002 -0.15424999999999997 0.0092500000000000013 1.2077000000000002 0.15205000000000005 0.083550000000000013 0.94705000000000006 0.057450000000000008 -0.59179999999999988 -0.0022499999999999998 0.91720000000000013 0.079500000000000015 1.2258500000000001
decision_type=2 2 2 2 2 2 2 2 2 2 2 2 2 2 2 2 2 2 2 2 2 2 2 2 2 2 2
left_child=1 3 4 19 12 7 8 9 -6 -3 -9 18 22 -14 -8 -13 17 23 -7 25 -21 -18 -2 -4 -23 -1 -19
right_child=2 5 16 -5 6 11 14 10 -10 -11 -12 15 13 -15 -16 -17 21 26 -20 20 -22 24 -24 -25 -26 -27 -28
leaf_value=-0.034259799758491832 -0.023578395593690942 -0.017799140889363019 0.010589821826814927 -0.0010041775733018994 -0.00058861125904540932 0.0024645707978401044 0.034329521558823045 -0.020654564018917545 0.025563751644839258 0.0058258621008141099 -0.001995162920527393 -0.033238672755588644 0.016171145471774173 -0.0043824337384804355 0.0103918289481819 0.02646697422592079 0.0031040781364373095 0.03231137676679826 -0.028080427306232555 -0.036202102507430278 -0.022009866909649036 0.032619296571555351 -0.0079204599584383282 -0.0099671629758311033 0.03620271942571375 -0.030289241846701381 0.032258270025434729
leaf_weight=1.9433690728619697 0.13398129236884415 0.56082004099152971 0.036297174170613289 0.41448617121204634 0.70714370347559474 0.19017283432185639 1.0300574414432047 2.2541441144421701 0.57798741199076176 1.2065678616054354 0.84072700305841852 0.026209053816273808 0.98643028177320935 0.76644537039101124 0.20570283383131016 0.39969135355204344 0.020779285579919704 0.044687880203127861 0.098773720441386104 0.15767596475779999 0.52810680889524519 1.3467562440782783 0.13743209489621344 0.11035435483790967 0.62981194630265225 0.15716461953707028 0.15953320823609829
leaf_count=402 43 24 7 7 23 8 23 143 23 49 56 7 31 30 9 15 8 2 7 12 41 36 11 19 11 26 15
internal_value=-2.35727e-10 -0.0151373 0.0192755 -0.027833 0.0132456 -0.00785103 0.0205714 -0.0105277 0.0111734 -0.00167072 -0.0155857 0.0103554 0.00412254 0.00718409 0.0303449 0.0227928 0.030947 0.016743 -0.00797696 -0.0318239 -0.025273 0.0334422 -0.0156499 -0.00487918 0.0337611 -0.0339627 0.0322699
internal_weight=15.6713 8.77791 6.8934 3.2008 4.54518 5.57711 2.52089 4.86226 1.28513 1.76739 3.09487 0.714847 2.02429 1.75288 1.23576 0.4259 2.34822 0.350873 0.288947 2.78632 0.685783 1.99735 0.271413 0.146652 1.97657 2.10053 0.204221
internal_count=1088 797 291 488 193 309 78 272 46 73 199 37 115 61 32 22 98 43 15 481 53 55 54 26 47 428 17
is_linear=0
shrinkage=0.03


Tree=47
num_leaves=28
num_cat=0
split_feature=9 7 9 11 7 6 11 1 0 12 5 12 12 8 7 11 13 9 8 7 5 0 2 4 5 12 9
split_gain=4.87329 0.86739 0.519073 0.37657 0.320977 0.26425 0.246667 0.23059 0.238855 0.222688 0.220304 0.162671 0.128504 0.18612 0.10338 0.0921324 0.0890952 0.126293 0.0635286 0.0421865 0.0246205 0.0213313 0.0186872 0.0118189 0.00565821 0.00239273 1.02178e-07
threshold=0.61635000000000006 0.097750000000000017 0.92825000000000013 -0.00089999999999999987 0.17550000000000002 0.14510000000000003 -0.20759999999999998 0.13525000000000001 -0.018949999999999998 1.0597500000000004 1.0543500000000001 1.0127500000000003 0.86260000000000014 0.14295000000000005 0.20520000000000002 -0.28344999999999992 0.0092500000000000013 1.2077000000000002 0.15205000000000005 0.083550000000000013 0.94705000000000006 0.057450000000000008 -0.59179999999999988 -0.0022499999999999998 0.91720000000000013 0.96285000000000009 1.2258500000000001
decision_type=2 2 2 2 2 2 2 2 2 2 2 2 2 2 2 2 2 2 2 2 2 2 2 2 2 2 2
left_child=1 3 4 19 12 7 9 8 -3 -6 -9 18 22 -14 -8 -13 17 23 -7 25 -21 -18 -2 -4 -23 -1 -19
right_child=2 5 16 -5 6 11 14 10 -10 -11 -12 15 13 -15 -16 -17 21 26 -20 20 -22 24 -24 -25 -26 -27 -28
leaf_value=-0.034961664919823075 -0.023394823288307384 -0.017924384391147151 0.010228960788214732 -0.00098107599657745086 -0.00015943499702564568 0.0022170714702470151 0.034222655137224577 -0.020279667839167067 0.0059325460464855024 0.025257133494972394 -0.0021435124009790874 -0.033813822235483328 0.021627677063129579 0.00045365351526687402 0.010677886332746038 0.025354257370609527 0.0025925188537503654 0.032235778276252139 -0.027951721743254596 -0.035829938034916825 -0.022087130053535461 0.032531556840169146 -0.0074253617194644664 -0.0097560134782170363 0.036039524331132076 -0.03289744297288464 0.032183669376833902
leaf_weight=0.96798591024708036 0.1297257705591619 0.55238494253717352 0.035400973632931709 0.4135682350024571 0.69565648771822475 0.18573988508433092 0.98974304273724534 2.1956727145006885 1.1943566533736882 0.5599827840924263 0.83092365087941278 0.025248909369111061 0.54862251132726658 1.1712610563263295 0.20211048424243927 0.38248172122985125 0.02011972852051247 0.043356357142329216 0.094924468547105789 0.1516666889656334 0.51814556284807622 1.3039595838636158 0.13414282025769431 0.10752280324231867 0.60620024055242527 1.057511852122843 0.15473501197993755
leaf_count=173 43 24 7 7 23 8 23 143 49 23 56 6 16 45 9 16 8 2 7 12 41 36 11 19 11 255 15
internal_value=1.66869e-10 -0.0149859 0.0191626 -0.0276357 0.0131855 -0.00778543 0.0204546 -0.0102914 -0.00161191 0.0111757 -0.0153006 0.00959082 0.00421716 0.00720792 0.03023 0.0216902 0.0308238 0.0166875 -0.00798642 -0.0317256 -0.0251989 0.0333212 -0.0152764 -0.00480591 0.0336448 -0.0338839 0.0321951
internal_weight=15.2732 8.57061 6.70254 3.10888 4.43124 5.46173 2.44749 4.77334 1.74674 1.25564 3.0266 0.688395 1.98375 1.71988 1.19185 0.407731 2.27129 0.341015 0.280664 2.69531 0.669812 1.93028 0.263869 0.142924 1.91016 2.0255 0.198091
internal_count=1088 797 291 488 193 309 78 272 73 46 199 37 115 61 32 22 98 43 15 481 53 55 54 26 47 428 17
is_linear=0
shrinkage=0.03


Tree=48
num_leaves=27
num_cat=0
split_feature=9 9 9 11 13 12 1 6 13 1 9 13 13 0 2 5 0 7 6 9 7 13 7 4 0 6
split_gain=4.68323 0.990414 0.37835 0.331936 0.302929 0.281995 0.258347 0.199213 0.160529 0.17819 0.101794 0.0718354 0.0636431 0.0482611 0.0476781 0.0473916 0.0444826 0.0367192 0.0284703 0.0132891 0.0103907 0.00766123 0.0350506 0.00420006 0.000101293 8.11937e-05
threshold=0.64780000000000004 0.33225000000000005 0.96800000000000008 -1.0000000180025095e-35 0.08975000000000001 0.9467000000000001 0.12605000000000002 0.12775000000000003 0.16120000000000004 0.14795000000000003 0.23420000000000002 0.076600000000000015 0.037100000000000001 -0.033699999999999994 -1.1954999999999998 0.93000000000000005 0.058350000000000006 0.14295000000000005 -0.0077499999999999991 0.85210000000000019 0.079500000000000015 0.0092500000000000013 0.074050000000000019 -0.16304999999999997 0.05315000000000001 -0.0075499999999999986
decision_type=2 2 2 2 2 2 2 2 2 2 2 2 2 2 2 2 2 2 2 2 2 2 2 2 2 2
left_child=1 3 4 10 18 11 -7 -8 9 -6 20 13 -12 -3 16 -10 25 -13 24 -20 -1 22 -16 -23 -2 -4
right_child=2 5 14 -5 8 6 7 -9 15 -11 12 17 -14 -15 21 -17 -18 -19 19 -21 -22 23 -24 -25 -26 -27
leaf_value=-0.0342040613051511 -0.031113803485125682 -0.0086806054480925258 -0.012055990663231398 -5.7658092049913914e-10 0.023725864119178375 0.032370615458608462 -0.0079041323376618806 0.0064710806776075965 0.0159520489654103 0.0084797090849715543 -0.016446627960273068 0.011034247209778844 -0.033827300140080195 -0.030771700183617981 0.032214379399725358 0.034888035634744526 0.032149583829771379 -0.014514306031388752 -0.015288306636458492 -0.0016268755582366898 -0.029049642708443079 0.036852905790492572 -0.0047130378913456698 0.032677417999163898 -0.028487509090213366 -0.0093382876848835204
leaf_weight=1.6715665337396788 0.017884814878925681 0.10801722295582294 0.029296343214809895 0.38766010105609794 1.1890916284173734 0.18102614767849434 3.3480145833455026 1.1711105415597556 0.15123197622597206 1.6435393597930668 0.68227032152935851 0.06525098136626184 0.26258492632769048 0.50562058365903784 0.16188203264027801 0.55726686120033264 0.041323738172650337 0.22594144660979509 0.11174573074095073 0.1502455547451973 0.44587577763013531 0.25536834448575962 0.026990436017513275 1.4360115118324754 0.050641394220292568 0.014938765205443016
leaf_count=358 11 4 8 4 40 5 178 57 5 52 44 6 36 72 16 18 2 11 17 18 54 3 2 43 16 8
internal_value=-3.06626e-11 -0.0135077 0.0209528 -0.0261541 0.0155106 -0.00572361 -0.00277116 -0.00417886 0.0180743 0.0148798 -0.029465 -0.0210601 -0.0212769 -0.0268831 0.0316713 0.0308461 0.00976921 -0.00878934 -0.0119568 -0.00745381 -0.0331187 0.0326679 0.0269373 0.0333078 -0.029173 -0.0111382
internal_weight=14.8924 9.05494 5.83746 3.44996 3.87165 5.60498 4.70015 4.51913 3.54113 2.83263 3.0623 0.90483 0.944855 0.613638 1.96581 0.708499 0.0855588 0.291192 0.330517 0.261991 2.11744 1.88025 0.188872 1.69138 0.0685262 0.0442351
internal_count=1088 829 259 496 177 333 240 235 115 92 492 93 80 76 82 23 18 17 62 35 412 64 18 46 27 16
is_linear=0
shrinkage=0.03


Tree=49
num_leaves=28
num_cat=0
split_feature=10 9 9 7 11 12 0 11 8 11 12 7 9 7 1 9 2 13 0 8 4 9 7 3 9 5 3
split_gain=4.47502 0.81871 0.477065 0.357491 0.326891 0.268088 0.281737 0.186788 0.177207 0.164188 0.141583 0.226287 0.101721 0.0968862 0.0924828 0.0830687 0.0712955 0.0593561 0.0545868 0.053922 0.0345412 0.0224793 0.0106279 0.00903973 0.0500606 0.00393863 0.00243984
threshold=0.83075000000000021 0.33225000000000005 0.95085000000000008 0.17550000000000002 -1.0000000180025095e-35 0.96770000000000012 0.052750000000000005 -0.20759999999999998 0.13355000000000003 -0.21274999999999997 0.86260000000000014 0.16155000000000003 0.23420000000000002 0.20520000000000002 0.16695000000000002 0.5283000000000001 -1.1954999999999998 0.037100000000000001 0.058350000000000006 0.14025000000000001 -0.13899999999999998 0.85210000000000019 0.079500000000000015 -1.1474 1.14375 0.91720000000000013 -4.4889499999999991
decision_type=2 2 2 2 2 2 2 2 2 2 2 2 2 2 2 2 2 2 2 2 2 2 2 2 2 2 2
left_child=1 4 3 10 12 15 8 9 -7 -5 21 -12 22 -9 -8 19 18 -14 26 -3 -17 -2 -1 24 -18 -25 -4
right_child=2 5 16 7 -6 6 14 13 -10 -11 11 -13 17 -15 -16 20 23 -19 -20 -21 -22 -23 -24 25 -26 -27 -28
leaf_value=-0.03414192547812956 -0.019027423197052879 -0.017446620512353832 -0.027011449616465948 0.016419763823240341 -5.7658092049913914e-10 0.018549266358746864 0.016736809083133027 0.034074416193887611 -0.0093605827591630737 -0.023375113452634131 0.020743710042913338 -0.0025551241403579555 -0.016364550444421422 0.010783477941151051 -0.011100464198822846 -0.015926994275076298 -0.0014348261717485346 -0.03344656697594299 0.03208187116840143 -0.033428887294231331 -0.00011093575356058766 -0.003529931279962548 -0.028846546936000562 0.03232539447063499 0.032415914635645908 0.035551621963087365 -0.010996013953512105
leaf_weight=1.6130449468037116 0.22598464111797589 0.41336999519262441 0.010688931681215763 1.1475473111495373 0.38766010105609794 0.22240664623677808 0.72174328053370107 0.92882469668984391 2.5778841327410191 0.10156885534524951 0.66815321519970872 0.85560562275350094 0.67114755255170155 0.19438214600086212 0.12619141908362508 0.28941689990460873 0.045236222445965146 0.25174665078520775 0.040085772052407265 0.35158311459235847 0.21779552660882473 0.13429697754327208 0.43259046680759627 1.0786674516275518 0.30058661662042141 0.49769914336502541 0.043004124425351953
leaf_count=358 56 43 2 44 4 6 27 23 147 3 20 34 44 9 15 16 10 36 2 30 10 19 54 45 7 9 15
internal_value=-3.06176e-11 -0.0144841 0.0191124 0.0134184 -0.0259086 -0.00669149 -0.00255634 0.0211664 -0.00714391 0.0131839 0.00366225 0.00766118 -0.029292 0.0300437 0.012594 -0.01855 0.0311343 -0.0210242 0.00559219 -0.0247923 -0.00913563 -0.0132506 -0.0330221 0.0323804 0.027988 0.033344 -0.0141843
internal_weight=14.5489 8.27658 6.27233 4.25636 3.35619 4.92039 3.64823 2.37232 2.80029 1.24912 1.88404 1.52376 2.96853 1.12321 0.847935 1.27217 2.01597 0.922894 0.0937788 0.764953 0.507212 0.360282 2.04564 1.92219 0.345823 1.57637 0.0536931
internal_count=1088 790 298 208 496 294 195 79 153 47 129 54 492 32 42 99 90 80 19 73 26 75 412 71 17 54 17
is_linear=0
shrinkage=0.03


Tree=50
num_leaves=30
num_cat=0
split_feature=9 10 9 7 10 11 12 8 4 2 6 12 13 11 3 1 8 1 2 2 6 7 1 1 1 13 7 4 5
split_gain=4.30289 0.919506 0.361036 0.283564 0.240723 0.368242 0.187191 0.236982 0.21829 0.191362 0.190741 0.179944 0.202113 0.177361 0.137437 0.115359 0.102417 0.0582263 0.0439697 0.0418295 0.0407916 0.0327195 0.0279743 0.0229533 0.00959366 0.00687518 0.0312031 0.00361813 7.39904e-05
threshold=0.64780000000000004 0.56900000000000006 0.96800000000000008 0.17550000000000002 0.32710000000000006 -1.0000000180025095e-35 0.99595000000000011 0.14995000000000003 -0.16014999999999999 -0.0055499999999999994 0.046550000000000001 0.95250000000000012 0.050050000000000004 -0.20219999999999996 0.34220000000000006 0.15020000000000003 0.14295000000000005 0.14100000000000004 -1.1954999999999998 -0.91229999999999989 -0.0058499999999999984 0.082000000000000003 0.14675000000000002 0.15685000000000002 0.15155000000000002 0.0092500000000000013 0.074050000000000019 -0.16304999999999997 0.015050000000000003
decision_type=2 2 2 2 2 2 2 2 2 2 2 2 2 2 2 2 2 2 2 2 2 2 2 2 2 2 2 2 2
left_child=1 4 3 14 5 21 7 10 23 -10 -3 19 -13 15 16 -5 -2 -15 20 -6 28 -1 -16 -8 -9 26 -20 -27 -4
right_child=2 6 18 13 11 -7 8 24 9 -11 -12 12 -14 17 22 -17 -18 -19 25 -21 -22 -23 -24 -25 -26 27 -28 -29 -30
leaf_value=-0.03393365670921511 0.0089790492029548641 -0.026883817017263244 -0.01155595400399214 0.034246802378996286 -0.011837258670203831 -5.7658092049913914e-10 -0.01350255233876026 -0.02953697523256776 0.00073688176754044125 0.021670280433952312 0.0051944528525280547 -0.0020363409263240918 -0.021708053392508433 0.013305130312154224 0.036222701180144395 0.010491716838593857 -0.0092247110419381509 0.033786548019490562 0.032064289096342083 -0.034549356008978398 0.032007891056163189 -0.026461660153565384 0.012219982050663212 -0.033514676572578603 -0.021076896193858406 0.036512507359245751 -0.0037352746627760318 0.032517115913305895 -0.008891725992114758
leaf_weight=1.6242168610915539 0.56203038070816658 0.20586437149904691 0.02776643168181181 0.21930294856429133 0.089130528969690204 0.38766010105609794 0.10072383657097805 0.28469252586364735 0.99885142594575871 0.64799510501325119 0.87974906247109175 1.1437311749905346 0.79804580518975843 0.14574253372848012 0.1215298008173703 1.1424366384744642 0.55071729980409145 0.87448475137352943 0.15172192454338063 0.40279304841533337 0.038860104978084453 0.78109209623653431 0.068236557766795158 0.10572645021602511 0.20934447832405567 0.24040329083800305 0.025610942393541336 1.3467473648488519 0.014168842695653439
leaf_count=376 69 37 14 9 5 4 4 15 64 25 37 51 51 7 5 44 20 20 16 50 2 80 3 17 13 3 2 43 2
internal_value=3.82201e-10 -0.0132015 0.0206736 0.0152488 -0.0211242 -0.0271341 -0.00113927 -0.00872718 0.00532826 0.00897368 -0.000888535 -0.014227 -0.0101212 0.0214031 0.00399403 0.0143174 -3.02939e-05 0.0308607 0.0315054 -0.0304342 0.00986414 -0.0315072 0.0275918 -0.0237511 -0.0259521 0.0324963 0.026894 0.0331223 -0.0106558
internal_weight=14.1894 8.65962 5.52976 3.68448 5.22667 2.79297 3.43295 1.57965 1.8533 1.64685 1.08561 2.4337 1.94178 2.38197 1.30251 1.36174 1.11275 1.02023 1.84528 0.491924 0.0807954 2.40531 0.189766 0.20645 0.494037 1.76448 0.177333 1.58715 0.0419353
internal_count=1088 829 259 177 617 460 212 102 110 89 74 157 102 80 97 53 89 27 82 55 18 456 8 21 28 64 18 46 16
is_linear=0
shrinkage=0.03


Tree=51
num_leaves=28
num_cat=0
split_feature=9 7 9 11 13 4 7 5 1 1 13 1 2 5 13 9 6 9 3 10 5 0 4 10 10 0 10
split_gain=4.12044 0.879854 0.35508 0.282146 0.275562 0.227816 0.175887 0.170629 0.265435 0.201397 0.14708 0.165509 0.0973833 0.0455492 0.0312257 0.0684347 0.0273799 0.0144148 0.0117738 0.00709583 0.0116182 0.00628796 0.0033593 0.000542218 0.000430718 5.15052e-05 8.19596e-08
threshold=0.64780000000000004 0.11050000000000001 0.96800000000000008 -1.0000000180025095e-35 0.08975000000000001 -0.16874999999999998 0.088100000000000026 1.0543500000000001 0.13525000000000001 0.16370000000000004 0.16120000000000004 0.14795000000000003 -0.41259999999999991 0.93000000000000005 0.0092500000000000013 1.2077000000000002 -0.0077499999999999991 0.85210000000000019 0.86390000000000011 0.55540000000000012 1.0441 0.059750000000000004 -0.16304999999999997 1.4546000000000003 0.53690000000000004 0.05315000000000001 2.5787500000000008
decision_type=2 2 2 2 2 2 2 2 2 2 2 2 2 2 2 2 2 2 2 2 2 2 2 2 2 2 2
left_child=1 3 4 6 16 19 18 8 -7 -9 11 -6 -8 -12 15 21 25 -18 -1 24 -21 -4 -16 -24 -3 -2 -17
right_child=2 5 14 -5 10 7 12 9 -10 -11 13 -13 -14 -15 22 26 17 -19 -20 20 -22 -23 23 -25 -26 -27 -28
leaf_value=-0.032938503580400659 -0.030969666774286222 -0.035861527463951361 -0.010240782282236764 -5.7658092049913914e-10 0.023382510605613856 0.0052209258921727718 -0.014127930294856095 0.022132733400446108 -0.012204731580257299 -0.0045249955649635199 0.015517220723798658 0.0081285939475526578 -0.033844658483271527 0.034693415299059435 0.036366036374472062 0.031939296357588957 -0.015919242227294104 -0.0011761819270504339 -0.0020133055762823981 -0.01762246291466207 -0.033230705960919371 0.0071275120721854979 0.034244337240486915 0.032244647679420028 -0.031832483146696566 -0.029032310759563688 0.031893386875487498
leaf_weight=1.9438898598309604 0.016729390132240951 0.10198363405652333 0.040752924978732952 0.38766010105609794 1.0969857517629868 1.2095589563250544 1.0106385885737834 0.47499485313892342 2.2505051011685282 0.55087224766612053 0.14318266417831171 1.5373487891629336 0.29018904920667399 0.5034977737814188 0.23272940516471852 0.12653517909348011 0.10426965611986938 0.1395922414958477 0.011143337935209163 0.083014088682830334 0.088871082989498973 0.034763016737997532 0.13626808114349831 1.1685368930920956 0.031181000871583819 0.047180536319501698 0.048378121107816696
leaf_count=450 11 9 15 4 40 47 58 15 130 43 5 52 45 18 3 10 17 18 1 5 18 3 3 41 4 16 7
internal_value=3.43055e-12 -0.013083 0.0205233 -0.0241939 0.0150816 -0.0046332 -0.0270745 -0.00292727 -0.00611312 0.00781801 0.0176277 0.0144806 -0.0185263 0.0304476 0.0314457 0.0216222 -0.0120607 -0.00747997 -0.0327622 -0.0297198 -0.0256925 -0.00224546 0.0330457 0.0324535 -0.0349181 -0.0295394 0.0319266
internal_weight=13.8113 8.4345 5.37675 3.64352 3.58879 4.79098 3.25586 4.48593 3.46006 1.02587 3.28101 2.63433 1.30083 0.64668 1.78796 0.250429 0.307772 0.243862 1.95503 0.30505 0.171885 0.0755159 1.53753 1.3048 0.133165 0.0639099 0.174913
internal_count=1088 829 259 558 177 271 554 235 177 58 115 92 103 23 82 35 62 35 451 36 23 18 47 44 13 27 17
is_linear=0
shrinkage=0.03


Tree=52
num_leaves=27
num_cat=0
split_feature=9 9 9 1 13 11 12 12 1 6 5 7 13 9 9 0 13 9 5 9 0 5 0 8 1 9
split_gain=3.94633 0.748963 0.414332 0.313382 0.245656 0.23509 0.359639 0.197105 0.236157 0.182589 0.167715 0.100521 0.0731809 0.10279 0.0683725 0.067797 0.0528713 0.0320481 0.0196905 0.0169027 0.00992762 0.0056302 0.0168691 0.00232955 0.00091685 6.60578e-08
threshold=0.62705000000000011 0.33225000000000005 0.92825000000000013 1.0000000180025095e-35 0.08975000000000001 -0.20759999999999998 1.0586500000000003 0.9467000000000001 0.12605000000000002 0.14510000000000003 0.93000000000000005 0.083550000000000013 0.0092500000000000013 1.2077000000000002 0.54295000000000015 0.068050000000000013 0.037100000000000001 0.3474000000000001 0.9396000000000001 0.85210000000000019 0.058650000000000008 0.91720000000000013 0.057450000000000008 0.12785000000000005 0.16605000000000003 1.2258500000000001
decision_type=2 2 2 2 2 2 2 2 2 2 2 2 2 2 2 2 2 2 2 2 2 2 2 2 2 2
left_child=1 3 4 -1 15 6 -6 14 -9 -10 -7 23 13 20 17 19 -13 -3 -16 -2 -4 22 -14 -5 -23 -15
right_child=2 7 12 11 5 10 -8 8 9 -11 -12 16 21 25 18 -17 -18 -19 -20 -21 -22 24 -24 -25 -26 -27
leaf_value=-5.7658092049913717e-10 -0.019812180980711896 -0.0080895569670865249 -0.014217423878578899 -0.035138756031764057 -0.0047856661507152693 0.0041452780013387812 0.026031883753428752 0.032158260662283743 -0.0078747644153725309 0.010396389820089405 0.026929451667871671 -0.017977270956552625 0.0025069051434267963 0.031899860359828405 -0.01621376709878199 0.036285706715195876 -0.033232685588722208 -0.029954137356605133 0.0013744817239201464 -0.0039567366913073306 0.003000527573687115 0.036266219256256574 0.032158623430773768 -0.032751025280747859 0.033440969093599629 0.031854547329521712
leaf_weight=0.38766010105609927 0.21896772133186493 0.070225901901721843 0.050911937956698128 0.56555836740881238 0.91904205456376098 0.35815930925309647 0.54168376140296459 0.15898319520056237 3.2976509305881341 0.57861998956650484 1.5453489143401382 0.81667072395794071 0.017540836706757434 0.037078117951750755 0.11038542364258319 0.024674233049154282 0.27274856204167008 0.42833394045010209 0.11909232847392559 0.083620544755831361 0.073865300044417381 0.37244375981390465 1.1089111641049383 1.0513806720264254 0.14309637621045113 0.1321614095941186
leaf_count=4 42 5 18 94 38 16 25 5 189 33 45 48 8 2 18 2 49 58 5 13 8 8 36 301 3 15
internal_value=5.38024e-10 -0.0137346 0.0191767 -0.0252269 0.0132816 0.0156954 0.00664247 -0.00626974 -0.0036776 -0.00514739 0.0226424 -0.0288404 0.0304172 0.0166335 -0.020637 -0.0115313 -0.0217966 -0.0268743 -0.00708597 -0.0154305 -0.00402479 0.0328853 0.0316969 -0.0335862 0.035482 0.0318645
internal_weight=13.4848 7.85731 5.62751 3.09402 3.6915 3.36423 1.46073 4.76329 4.03525 3.87627 1.90351 2.70636 1.93601 0.294017 0.728038 0.327262 1.08942 0.49856 0.229478 0.302588 0.124777 1.64199 1.12645 1.61694 0.51554 0.16924
internal_count=1088 809 279 496 181 124 63 313 227 222 61 492 98 43 86 57 97 63 23 55 26 55 44 395 11 17
is_linear=0
shrinkage=0.03


Tree=53
num_leaves=27
num_cat=0
split_feature=9 7 9 11 7 10 11 8 12 0 12 8 6 12 12 11 8 7 7 5 13 7 3 5 7 2
split_gain=3.77038 0.724196 0.402507 0.351096 0.26523 0.245161 0.18132 0.13707 0.229659 0.150545 0.129064 0.147204 0.121512 0.1189 0.114769 0.103533 0.0564048 0.0467657 0.0414697 0.0230905 0.00542417 0.0283777 0.00434923 0.00312299 0.00224247 0.00197812
threshold=0.62705000000000011 0.097750000000000017 0.95085000000000008 -0.00089999999999999987 0.17550000000000002 0.56900000000000006 -0.20219999999999996 0.14855000000000004 1.0083500000000003 -0.010849999999999997 0.95250000000000012 0.13195000000000004 -0.0058499999999999984 1.0597500000000004 1.0586500000000003 -0.20759999999999998 0.12535000000000004 0.20520000000000002 0.083550000000000013 0.94705000000000006 0.0092500000000000013 0.074050000000000019 -4.4889499999999991 0.91720000000000013 0.079500000000000015 -0.91734999999999989
decision_type=2 2 2 2 2 2 2 2 2 2 2 2 2 2 2 2 2 2 2 2 2 2 2 2 2 2
left_child=1 3 4 18 14 10 13 9 -9 -7 16 -12 22 -6 15 -2 -3 -8 24 -20 21 -14 -4 -22 -1 -24
right_child=2 5 12 -5 6 7 17 8 -10 -11 11 -13 20 -15 -16 -17 -18 -19 19 -21 23 -23 25 -25 -26 -27
leaf_value=-0.033805275437594921 -0.014545044639317448 -0.0020530101097711831 -0.028067021204994252 -0.00079310416038914997 0.0057185256318494507 -0.024514520268224899 0.033607666714491106 -0.025244517158495017 0.00033056524753681489 0.010752481146950757 0.015285292870135515 -0.013602395989191211 0.031882868413018961 0.024778752502347227 0.035575508998582479 0.0057615624854753748 -0.034806158337963605 0.014969819360518714 -0.035400018106501202 -0.021003755765757293 0.032088997054496297 -0.0030758062174878775 -0.009956028777792952 0.035101656856738869 -0.029632417306920615 0.0023219217605845617
leaf_weight=1.5086190853035084 0.27982634212821711 0.055332683026790952 0.0095896152779459953 0.40932799992151547 0.78256677463650726 0.12182651460170735 0.74718238599598397 0.4320118911564349 1.1767880402039734 1.0295698978006842 0.17466940917074669 1.7427638774970544 0.17325916141271558 0.47234613820910454 0.096882427111267932 1.174014693242498 0.32681689620949328 0.14461670443415642 0.12856509385164816 0.45562888961285353 1.072132592089474 0.023764671757817268 0.038484241813421249 0.43546091020107258 0.12555060093291093 0.01703847385942947
leaf_count=402 15 2 2 7 29 5 20 26 86 46 6 116 19 25 3 91 34 6 12 41 37 2 20 9 26 1
internal_value=-3.90233e-10 -0.0135445 0.0190452 -0.0263217 0.0134136 -0.00690895 0.0202427 -0.000881464 -0.00653713 0.00702096 -0.0141438 -0.0109709 0.030811 0.0128927 0.0039599 0.00185307 -0.0300637 0.0305853 -0.0310322 -0.024172 0.0323474 0.0276662 -0.00941051 0.0329592 -0.0334847 -0.00618825
internal_weight=13.1546 7.68747 5.46717 2.62769 3.69744 5.05978 2.14671 2.7602 1.6088 1.1514 2.29958 1.91743 1.76973 1.25491 1.55072 1.45384 0.38215 0.891799 2.21836 0.584194 1.70462 0.197024 0.0651123 1.50759 1.63417 0.0555227
internal_count=1088 809 279 488 189 321 80 163 112 51 158 122 90 54 109 106 36 26 481 53 67 21 23 46 428 21
is_linear=0
shrinkage=0.03


Tree=54
num_leaves=27
num_cat=0
split_feature=9 9 9 1 13 11 12 12 1 6 5 7 13 9 9 0 13 9 5 9 0 5 0 7 1 9
split_gain=3.60761 0.696256 0.394405 0.305956 0.223721 0.208991 0.320552 0.181883 0.213245 0.172124 0.155713 0.0956248 0.0686893 0.0961396 0.0645626 0.0609946 0.0489505 0.0296181 0.0255649 0.0165383 0.00998764 0.00506701 0.0158178 0.00221952 0.00080848 5.56073e-08
threshold=0.62705000000000011 0.33225000000000005 0.92825000000000013 1.0000000180025095e-35 0.08975000000000001 -0.20759999999999998 1.0586500000000003 0.9467000000000001 0.12605000000000002 0.14935000000000004 0.93000000000000005 0.083550000000000013 0.0092500000000000013 1.2077000000000002 0.5283000000000001 0.068050000000000013 0.037100000000000001 0.3474000000000001 0.9396000000000001 0.85210000000000019 0.058650000000000008 0.91720000000000013 0.057450000000000008 0.079500000000000015 0.16605000000000003 1.2258500000000001
decision_type=2 2 2 2 2 2 2 2 2 2 2 2 2 2 2 2 2 2 2 2 2 2 2 2 2 2
left_child=1 3 4 -1 15 6 -6 14 -9 -10 -7 23 13 20 17 19 -13 -3 -16 -2 -4 22 -14 -5 -23 -15
right_child=2 7 12 11 5 10 -8 8 9 -11 -12 16 21 25 18 -17 -18 -19 -20 -21 -22 24 -24 -25 -26 -27
leaf_value=-5.7658092049913717e-10 -0.019371452518216984 -0.0091758112181830453 -0.014541132905440356 -0.033797510428069152 -0.0042427557357976589 0.0038537542287690315 0.025535282222853891 0.032023626014227459 -0.0075873188239355587 0.010802848212831092 0.026422864056044926 -0.017906298593348347 0.0025531178537693015 0.031791928064310214 -0.018114165885557545 0.035956776485514985 -0.033056160719704845 -0.030687517173405905 0.0010444988490662245 -0.0033311385951341984 0.0032205525475104313 0.036039356746006508 0.032034648354632884 -0.029567228634717342 0.033281813971557619 0.031748991743396258
leaf_weight=0.38766010105609927 0.20946150750387493 0.068323126062750705 0.047950617037713417 1.3797391724074262 0.88536476064473413 0.33916066214442242 0.51436346117407084 0.14574129134416614 3.2112317953724419 0.53425533976405848 1.4573252145200966 0.78424941492266931 0.016641510650515445 0.034768145531415939 0.12125500408001244 0.022864200174808502 0.2541521736420691 0.36715178383747116 0.12976999301463366 0.079924673424102366 0.070216625928878784 0.34945913311094035 1.03853064449504 0.12145105737727124 0.13177268952131271 0.12385008111596107
leaf_count=4 42 5 18 369 38 16 25 5 191 31 45 48 8 2 20 2 49 55 6 13 8 8 36 26 3 15
internal_value=-3.20169e-10 -0.0133975 0.0188941 -0.0248243 0.0130228 0.0153906 0.00669989 -0.00609053 -0.00357882 -0.00496415 0.022162 -0.0286137 0.0302548 0.0164978 -0.0203274 -0.0112144 -0.0216143 -0.0273125 -0.00820989 -0.0149413 -0.00398689 0.0327332 0.0315697 -0.0334553 0.0352843 0.0317584
internal_weight=12.8266 7.50498 5.32165 2.92725 3.50846 3.19621 1.39973 4.57773 3.89123 3.74549 1.79649 2.53959 1.81319 0.276785 0.6865 0.31225 1.0384 0.435475 0.251025 0.289386 0.118167 1.5364 1.05517 1.50119 0.481232 0.158618
internal_count=1088 809 279 496 181 124 63 313 227 222 61 492 98 43 86 57 97 60 26 55 26 55 44 395 11 17
is_linear=0
shrinkage=0.03


Tree=55
num_leaves=28
num_cat=0
split_feature=9 7 9 1 7 4 7 0 3 11 13 3 1 2 8 1 2 6 11 10 10 1 13 7 4 10 0
split_gain=3.44474 0.749617 0.3262 0.265989 0.258093 0.193979 0.167012 0.161704 0.171903 0.151146 0.123349 0.120387 0.102642 0.101188 0.0903885 0.0422896 0.0370274 0.0340372 0.0259452 0.017394 0.00724374 0.0126958 0.00552239 0.0249533 0.00265593 0.000435459 0.000280482
threshold=0.64780000000000004 0.11050000000000001 0.96800000000000008 1.0000000180025095e-35 0.17550000000000002 -0.16874999999999998 0.090550000000000005 -0.013249999999999998 -0.74979999999999991 -0.20219999999999996 0.049450000000000008 0.34220000000000006 0.15020000000000003 -0.41259999999999991 0.14295000000000005 0.14155000000000004 -1.1954999999999998 -0.0058499999999999984 -0.20759999999999998 0.16415000000000005 0.55540000000000012 0.15685000000000002 0.0092500000000000013 0.074050000000000019 -0.16304999999999997 0.53690000000000004 0.055950000000000007
decision_type=2 2 2 2 2 2 2 2 2 2 2 2 2 2 2 2 2 2 2 2 2 2 2 2 2 2 2
left_child=1 3 4 -1 11 20 19 10 -9 12 -7 14 -6 -8 -2 -11 17 26 -13 -5 25 -22 23 -18 -24 -3 -4
right_child=2 5 16 6 9 7 13 8 -10 15 -12 18 -14 -15 -16 -17 22 -19 -20 -21 21 -23 24 -25 -26 -27 -28
leaf_value=-5.7658092049913717e-10 0.0084428512032081408 -0.035541941514772579 -0.0085169029928699545 -0.033744144433399618 0.033870416004123022 0.012310658519129472 -0.011657546989759265 0.036269362779326894 -0.0021635959991613773 0.015755365484162398 -0.033082906705063586 0.011678488924188029 0.010216909438658127 -0.033528738003917279 -0.0095529629831091825 0.033489149608513943 0.031798542620168201 0.031727498157400801 0.036018829784246184 -0.027270249157406529 -0.013675483685517071 -0.031279861973006903 0.03587280366228273 -0.0023624348180671328 0.032179263650723593 -0.031193654335426108 -0.014144035668289496
leaf_weight=0.38766010105609927 0.49460620013996981 0.089516488136723527 0.024454982951283455 1.3180254450999203 0.19694483280181918 0.068648897111415752 0.7952635686378926 0.10776683688163746 3.7311226386809726 0.14579185843467701 0.25034257397055626 0.063515244051814079 1.0214968360960481 0.25030323967803247 0.51042683515697718 0.71240516379475594 0.12926736846566189 0.033069663681089767 0.10386734828352917 0.52122861385578279 0.059068645350635052 0.098101448500528932 0.20707270875573147 0.02261083573102951 1.1389149455353615 0.026973604690283537 0.011827919632196426
leaf_count=4 69 9 8 370 9 3 48 3 218 8 11 3 44 43 20 19 16 2 5 93 4 19 3 2 43 4 8
internal_value=2.48378e-10 -0.012442 0.0199019 -0.0233318 0.0144795 -0.00440035 -0.0264671 -0.00279011 -0.00108469 0.0208327 -0.0233139 0.00322645 0.0140402 -0.0168934 -0.000696696 0.0304765 0.0311434 0.0097133 0.0267826 -0.0319095 -0.0288657 -0.0246637 0.0321356 0.0267128 0.0327475 -0.0345351 -0.0103513
internal_weight=12.5203 7.70402 4.81627 3.27248 3.24905 4.43154 2.88482 4.15788 3.83889 2.07664 0.318991 1.17242 1.21844 1.04557 1.00503 0.858197 1.56722 0.0693526 0.167383 1.83925 0.27366 0.15717 1.49787 0.151878 1.34599 0.11649 0.0362829
internal_count=1088 829 259 558 177 271 554 235 221 80 14 97 53 91 89 27 82 18 8 463 36 23 64 18 46 13 16
is_linear=0
shrinkage=0.03


Tree=56
num_leaves=29
num_cat=0
split_feature=10 9 10 1 12 12 6 1 6 8 5 11 5 12 4 11 8 9 10 2 13 9 7 6 12 6 8 9
split_gain=3.29856 0.725377 0.360428 0.341824 0.228709 0.219689 0.304287 0.209105 0.19901 0.197456 0.191285 0.181927 0.179157 0.13036 0.128553 0.122768 0.0768683 0.0328912 0.0325841 0.0262352 0.02267 0.0167667 0.0142555 0.0117232 0.00603817 0.00262597 0.00198132 0.000105106
threshold=0.70295000000000007 0.72810000000000008 0.32710000000000006 1.0000000180025095e-35 0.95250000000000012 0.99645000000000017 0.13035000000000002 0.12605000000000002 -0.0058499999999999984 0.14995000000000003 1.0535000000000003 -0.20074999999999996 0.93740000000000012 1.0290000000000001 -0.11894999999999999 -0.26089999999999997 0.15290000000000001 0.66930000000000012 0.16415000000000005 -0.91229999999999989 0.030500000000000003 0.46820000000000006 0.10130000000000002 -0.008349999999999998 0.96905000000000008 -0.0063999999999999986 0.12785000000000005 0.95985000000000009
decision_type=2 2 2 2 2 2 2 2 2 2 2 2 2 2 2 2 2 2 2 2 2 2 2 2 2 2 2 2
left_child=2 5 3 -1 19 9 16 24 23 12 15 -12 -2 -9 -8 -10 -7 -11 26 22 -20 -21 -4 27 -6 -25 -5 -3
right_child=1 8 4 18 7 6 14 13 10 17 11 -13 -14 -15 -16 -17 -18 -19 20 21 -22 -23 -24 25 -26 -27 -28 -29
leaf_value=-5.7658092049913717e-10 -0.010532758746974843 -0.030652369612989415 -0.028773556634198699 -0.035410349699132024 0.020041210636824288 0.017752919343390444 0.027957745952256467 -0.013659347880749739 0.001939641171807013 -0.024069662628850332 -0.019148154653098458 0.033185370411803861 0.015571910491129846 0.00071845748749480758 -0.006699386736046772 0.029425221020594628 -0.0054709311560964518 -0.0096936520770487672 -0.021871082449263137 -0.034130999513268437 -0.033279274194987107 -0.021110328907958609 -0.0032291919637952586 -0.011350165401030048 0.031680027253758035 0.0023649934824102135 -0.032870384108680296 -0.026817465534807371
leaf_weight=0.38766010105609927 0.40980036027031042 0.025411916431039572 0.031117119593545794 0.40665776829700895 0.074674818664789533 0.15746568236500003 0.80186605639755726 1.7196193533018234 0.1544357221573599 0.31843893695622683 0.15685217455029488 0.096602730453014263 0.55988107528537512 0.84714200906455506 0.10947609134018421 2.7617564350366592 0.69178870413452387 0.2603298407047987 0.47322913771495212 0.34741881594527546 0.23443037841934711 0.11966422572731972 0.053412932902574539 0.061544505064375699 0.086688194423913956 0.015786897391081189 0.86293217877391726 0.0086121531203389168
leaf_count=4 53 14 5 72 3 7 36 93 5 19 5 6 21 70 5 121 47 11 41 56 45 10 2 26 3 6 298 4
internal_value=6.88126e-11 0.0144165 -0.0168311 -0.0257585 -0.0103939 0.00450568 0.0117549 -0.00683157 0.0244121 -0.00373675 0.0257969 0.000798437 0.00453973 -0.00891405 0.0237945 0.0279696 -0.00116485 -0.0176033 -0.0308087 -0.0280119 -0.0256503 -0.0307952 -0.0126326 -0.0150069 0.0262939 -0.00855027 -0.033684 -0.0296817
internal_weight=12.2347 6.59005 5.64465 2.36491 3.27974 3.30905 1.7606 2.72812 3.281 1.54845 3.16965 0.253455 0.969681 2.56676 0.911342 2.91619 0.849254 0.578769 1.97725 0.551613 0.70766 0.467083 0.0845301 0.111355 0.161363 0.0773314 1.26959 0.0340241
internal_count=1088 386 702 460 242 199 95 169 187 104 137 11 74 163 41 126 54 30 456 73 86 66 7 50 6 32 370 18
is_linear=0
shrinkage=0.03


Tree=57
num_leaves=30
num_cat=0
split_feature=9 10 9 13 0 11 12 1 5 9 6 8 6 12 12 9 6 2 0 4 7 6 1 9 3 3 7 5 0
split_gain=3.20408 0.619433 0.358294 0.217049 0.213592 0.163219 0.230005 0.14886 0.136455 0.136223 0.112944 0.12177 0.140069 0.135151 0.111735 0.0860123 0.0561818 0.0530349 0.0514716 0.0433837 0.0421513 0.0404927 0.0249883 0.0189454 0.00638816 0.0205212 0.00299486 0.00237565 0.00184251
threshold=0.62705000000000011 0.56900000000000006 0.95085000000000008 0.08975000000000001 -0.025799999999999997 -0.20759999999999998 1.0586500000000003 0.13825000000000001 0.93000000000000005 -1.0000000180025095e-35 0.14935000000000004 0.14855000000000004 0.046550000000000001 1.1508000000000003 1.0083500000000003 0.35330000000000006 0.16555000000000003 -1.1954999999999998 0.068050000000000013 -0.14694999999999997 0.093700000000000019 -0.0058499999999999984 0.14655000000000004 0.85210000000000019 -1.1474 -1.2752499999999998 0.12495000000000002 0.91720000000000013 0.055250000000000007
decision_type=2 2 2 2 2 2 2 2 2 2 2 2 2 2 2 2 2 2 2 2 2 2 2 2 2 2 2 2 2
left_child=1 4 3 18 19 6 -5 9 -7 -6 11 12 -3 -13 22 -9 -16 21 23 26 -21 28 -12 -2 25 -19 -1 -26 -4
right_child=2 10 17 5 7 8 -8 15 -10 -11 14 13 -14 -15 16 -17 -18 24 -20 20 -22 -23 -24 -25 27 -27 -28 -29 -30
leaf_value=-0.034014695039665276 -0.018759406872324455 -0.022722097766273926 -0.026315727829382046 -0.00096008071822535949 -0.034097511355338145 0.0041443091347514033 0.025230098121107571 -0.031364392363009211 0.026126278370870112 -0.0055612053972740987 0.003949307474088613 -0.015308375567040792 0.0082808273207636268 0.012171241031635456 0.035424217130235219 -0.01597388089145773 0.009879031923960304 0.031939507977038116 0.035603583719583165 -0.030621323437579569 -0.015958092083448439 0.031636624642051386 -0.021310851796067024 -0.0032543500365957139 0.031841694964571725 0.012582926376146877 -0.020666526292371583 0.034717940105001469 -0.010456659679097863
leaf_weight=0.78999634517822415 0.1961674144258726 0.15543563448591236 0.008182179182767868 0.89271308202296518 0.16916849033441383 0.31365004368126381 0.45591332204639912 0.55881752655841388 1.3398481309413908 1.3683946502860638 0.064582874998450168 0.98544437368400373 0.83953819936141372 0.19255451392382383 0.15059558488428593 0.787166474503465 0.15960809867829084 0.23209697660058737 0.02080608531832695 0.36715677496977128 0.33966721757315099 0.030998644419014343 0.077590588014572859 0.11108967754989862 0.80633026827126719 0.062585396692156681 0.015423155389726162 0.38036440219730139 0.033950679004192352
leaf_count=188 42 33 2 40 43 16 25 164 45 98 3 78 41 13 6 62 12 14 2 44 17 2 6 19 45 3 1 9 15
internal_value=-1.4139e-10 -0.012981 0.0186586 0.0131074 -0.0198674 0.0156392 0.00789371 -0.0150784 0.0219565 -0.00870088 -0.00145072 -0.00428983 0.00343752 -0.0108166 0.0121868 -0.0223636 0.0222805 0.0305507 -0.0100613 -0.028999 -0.0235748 0.00561129 -0.00983632 -0.0131535 0.0317819 0.0278285 -0.0337591 0.0327636 -0.0135365
internal_weight=11.9058 7.02114 4.8847 3.33019 4.39579 3.00212 1.34863 2.88355 1.6535 1.53756 2.62535 2.17297 0.994974 1.178 0.452377 1.34598 0.310204 1.55451 0.328063 1.51224 0.706824 0.0731315 0.142173 0.307257 1.48138 0.294682 0.80542 1.18669 0.0421329
internal_count=1088 809 279 189 617 126 65 367 61 141 192 165 74 91 27 226 18 90 63 250 61 19 9 61 71 17 189 54 17
is_linear=0
shrinkage=0.03


Tree=58
num_leaves=31
num_cat=0
split_feature=10 9 0 12 6 1 5 6 5 11 8 12 2 9 5 4 11 10 8 8 12 7 12 0 3 6 10 4 6 8
split_gain=3.022 0.689348 0.340278 0.213319 0.273785 0.183703 0.318819 0.180806 0.162583 0.169578 0.15984 0.18028 0.145734 0.13872 0.18838 0.112721 0.108674 0.0833081 0.082984 0.0638648 0.062498 0.0559649 0.0363609 0.0301936 0.024478 0.0117197 0.00453902 0.00628165 0.00207788 0.0015236
threshold=0.70295000000000007 0.72810000000000008 -0.015699999999999995 0.99645000000000017 0.13035000000000002 0.13825000000000001 0.97560000000000013 -0.0058499999999999984 1.0535000000000003 -0.20074999999999996 0.14995000000000003 0.87670000000000015 -0.026949999999999998 0.35330000000000006 1.0576000000000001 -0.11894999999999999 -0.26089999999999997 0.22945000000000002 0.13195000000000004 0.15290000000000001 0.96615000000000018 0.10655000000000002 1.0348500000000003 0.12745000000000004 -0.68449999999999989 -0.008349999999999998 0.16415000000000005 -0.13874999999999996 -0.0063999999999999986 0.12785000000000005
decision_type=2 2 2 2 2 2 2 2 2 2 2 2 2 2 2 2 2 2 2 2 2 2 2 2 2 2 2 2 2 2
left_child=2 3 17 10 19 6 12 25 16 -10 11 -2 -4 24 -15 -6 -9 26 20 -5 -19 -8 -20 -12 -7 -3 29 -28 -27 -1
right_child=1 7 5 4 15 13 21 8 9 -11 23 -13 -14 14 -16 -17 -18 18 22 -21 -22 -23 -24 -25 -26 28 27 -29 -30 -31
leaf_value=-0.035621541991244732 -0.020428292403509817 -0.029743470750217837 -0.019005204867083347 0.016888664948610185 0.027525098732218912 -0.010955716959166972 0.0030081721784731741 0.0027620397010187049 -0.01786839336431267 0.032956644459403245 -0.022601768656392067 0.010816306928886844 0.0017849389917622429 -0.018026671971565142 0.0088261143181029289 -0.0056438723282244904 0.029126988767029544 -0.017728545534503249 -0.029270542162363865 -0.0047926787863198745 0.0085770851716487472 0.033181225772974388 -0.0054942219368049796 -0.0083206440446319616 -0.033100296716643073 -0.010477434617592801 -0.031349059099592583 -0.016717664769411118 0.0020530662428332679 -0.032867780740713615
leaf_weight=0.28929622378200281 0.21614500088617228 0.031727890018373728 0.67640377942007024 0.14984152279794194 0.75440067006275058 0.050070451106875802 0.074637344107031711 0.14878371357917863 0.14903907105326653 0.097886055707931408 0.32609626185148954 0.71931441128253937 0.55035251996014301 1.0863692173734305 0.30006882781162847 0.10505195893347263 2.5919319749809802 0.2521053231321273 0.5962442122399807 0.66459251660853624 0.11996488459408283 0.21381340175867081 0.064112407970242202 0.22529125958681107 0.43711348366923652 0.057922471663914621 0.13163722085300833 0.033036153763532639 0.014993455260992383 0.48227414162829518
leaf_count=46 46 18 96 7 36 5 6 5 5 6 18 28 19 98 22 5 121 15 40 47 5 6 4 12 150 26 17 2 6 171
internal_value=4.99123e-10 0.014167 -0.0165351 0.00431464 0.01166 -0.0107725 -0.00300535 0.0242375 0.0255951 0.00227967 -0.00395472 0.003597 -0.00967824 -0.0170538 -0.0122149 0.0234708 0.0276957 -0.0264547 -0.0205779 -0.000803693 -0.00924694 0.0253739 -0.0269622 -0.0167666 -0.0308244 -0.0145235 -0.0329353 -0.0284138 -0.00790083 -0.0339003
internal_weight=11.6105 6.25302 5.3575 3.16073 1.67389 3.38883 1.51521 3.09228 2.98764 0.246925 1.48685 0.935459 1.22676 1.87362 1.38644 0.859453 2.74072 1.96867 1.03243 0.814434 0.37207 0.288451 0.660357 0.551388 0.487184 0.104644 0.936244 0.164673 0.0729159 0.77157
internal_count=1088 386 702 199 95 402 127 187 137 11 104 74 115 275 120 41 126 300 64 54 20 12 44 30 155 50 236 19 32 217
is_linear=0
shrinkage=0.03


Tree=59
num_leaves=31
num_cat=0
split_feature=9 9 9 7 0 13 13 4 12 8 6 11 0 1 0 1 10 11 10 2 6 8 11 0 13 7 0 6 4 5
split_gain=2.94674 0.637375 0.286471 0.209516 0.191758 0.160819 0.155508 0.132448 0.149034 0.174812 0.155225 0.129649 0.0988125 0.0831401 0.0682247 0.0507796 0.0422586 0.075698 0.0402721 0.0307657 0.0282918 0.0217003 0.0190589 0.0100629 0.00548961 0.0247507 0.00397987 0.00390424 0.00199492 0.000292808
threshold=0.64780000000000004 0.44475000000000003 0.96800000000000008 0.17550000000000002 -0.025799999999999997 0.050050000000000004 0.048550000000000003 -0.16014999999999999 0.99595000000000011 0.14995000000000003 0.12775000000000003 -0.20219999999999996 0.099850000000000008 0.15020000000000003 0.048650000000000006 0.14100000000000004 0.22945000000000002 -0.16584999999999997 0.52370000000000017 -1.1954999999999998 -0.0058499999999999984 0.15205000000000005 -0.22394999999999995 0.013200000000000002 0.0092500000000000013 0.074050000000000019 0.047950000000000007 0.028500000000000001 -0.16304999999999997 0.015050000000000003
decision_type=2 2 2 2 2 2 2 2 2 2 2 2 2 2 2 2 2 2 2 2 2 2 2 2 2 2 2 2 2 2
left_child=1 4 3 12 16 6 -6 22 9 -9 -10 13 14 -5 -2 -13 27 -18 -7 20 29 -14 23 -3 25 -21 -24 -1 -26 -4
right_child=2 7 19 11 5 18 -8 8 10 -11 -12 15 21 -15 -16 -17 17 -19 -20 24 -22 -23 26 -25 28 -27 -28 -29 -30 -31
leaf_value=-0.033903983376878909 0.013591427374301088 -0.012076488574056013 -0.011433215758910898 0.033623698952248766 -0.013460023685264225 -0.028475968102123567 0.011613017858583988 3.8207591157785797e-05 -0.0002155236783523664 -0.025306675907563397 0.020156685662468934 0.011194541579755453 0.035073666641049925 0.010259298862518024 -0.0050268507072300673 0.033154889444224428 -0.033127977156312605 -0.012172651340519791 -0.01055082682258679 0.03161705319458822 0.031540490297267208 0.011664515353966235 -0.0025629316197689944 -0.029437264759442888 0.035379140645686764 -0.0040184157108310668 -0.015589762682891613 -0.02743375229728312 0.031970664996687999 -0.0053851332837310268
leaf_weight=0.70654009573627241 0.24107117950916312 0.037073928862810135 0.021106385625898838 0.16102090850472428 1.5169675176148305 0.71537660347530607 0.26092101295944292 0.86873217276297532 0.93336170562542953 0.34109032992273569 0.52648184215649962 0.11109833139926184 0.093218173831701279 0.9215366430580616 0.66788988746702671 0.64464179240167141 0.31202338507864624 0.308575987117365 0.13392041227780282 0.11300564184784878 0.028969175182282814 0.057700272649526596 0.042103006504476403 0.15857442561537027 0.18277352489531029 0.020764632150530815 0.042326972354203463 0.095249570324085653 1.0005380315706132 0.010937632992863655
leaf_count=189 10 2 14 9 201 134 14 68 68 24 27 7 4 44 80 20 23 15 10 16 2 3 2 24 3 2 5 23 43 2
internal_value=-8.03378e-13 -0.0119875 0.0196208 0.0142665 -0.0197139 -0.0149104 -0.00978033 -0.00138019 0.000678848 -0.00710738 0.00713156 0.0203912 0.0036435 0.0137345 -8.89822e-05 0.0299266 -0.028586 -0.0227085 -0.0256495 0.0308812 0.010055 0.0261237 -0.0210066 -0.0261475 0.0318459 0.0260855 -0.00909363 -0.0331353 0.0324971 -0.00936881
internal_weight=11.2756 6.99932 4.27627 2.89818 4.04957 2.62719 1.77789 2.94974 2.66967 1.20982 1.45984 1.8383 1.05988 1.08256 0.908961 0.75574 1.42239 0.620599 0.849297 1.3781 0.0610132 0.150918 0.280078 0.195648 1.31708 0.13377 0.08443 0.80179 1.18331 0.032044
internal_count=1088 829 259 177 609 359 215 220 187 92 95 80 97 53 90 27 250 38 144 82 18 7 33 26 64 18 7 212 46 16
is_linear=0
shrinkage=0.03


Tree=60
num_leaves=31
num_cat=0
split_feature=9 10 9 13 0 13 13 13 1 12 11 12 0 10 10 11 5 2 6 13 1 6 9 8 13 7 6 4 5 10
split_gain=2.83124 0.608279 0.278669 0.196525 0.195542 0.12912 0.124415 0.118979 0.120897 0.112311 0.161847 0.113189 0.111994 0.0671447 0.0439912 0.0695456 0.0316511 0.0294732 0.0267283 0.0238853 0.0227175 0.0221733 0.0106819 0.00986211 0.00515709 0.0230061 0.00375222 0.00186029 0.0002665 4.33637e-05
threshold=0.64780000000000004 0.56900000000000006 0.96800000000000008 0.08975000000000001 -0.025799999999999997 0.050050000000000004 0.048550000000000003 0.16120000000000004 0.14795000000000003 0.9467000000000001 -0.20854999999999999 1.0155500000000002 -0.010849999999999997 0.52370000000000017 0.22945000000000002 -0.16584999999999997 0.93000000000000005 -1.1954999999999998 -0.0058499999999999984 0.058350000000000006 0.13255000000000003 -0.0077499999999999991 0.85210000000000019 0.0052500000000000003 0.0092500000000000013 0.074050000000000019 0.028500000000000001 -0.12164999999999999 0.015050000000000003 1.1004000000000003
decision_type=2 2 2 2 2 2 2 2 2 2 2 2 2 2 2 2 2 2 2 2 2 2 2 2 2 2 2 2 2 2
left_child=1 4 3 21 14 6 -6 8 -5 19 11 -11 -12 -7 26 -16 -9 18 28 23 -21 29 -23 -3 25 -19 -1 -26 -4 -2
right_child=2 9 17 7 5 13 -8 16 -10 10 12 -13 -14 -15 15 -17 -18 24 -20 20 -22 22 -24 -25 27 -27 -28 -29 -30 -31
leaf_value=-0.033864327798286402 -0.027475400634496445 0.0030968130132483385 -0.010769105618354058 0.022169299559841822 -0.013059562722113715 -0.028297701034637839 0.0093517079749458835 0.016254116476541916 0.0074837617093968436 -0.024437506121646198 -0.029681668460276648 -0.001563228517313312 0.011224593976955782 -0.01016506280928652 -0.03257913349232075 -0.012236886476309999 0.034167098344983188 0.031569847204774071 0.031498478856482867 0.0036444829450754967 -0.015503239991712024 -0.01479939801627279 -0.00073920171734451396 -0.030122177657909536 0.034511299911050446 -0.0032080904469218492 -0.027443090592845942 0.031730484872231027 -0.0049501196303472165 -0.029665082288584544
leaf_weight=0.68778422713512533 0.010247864993289113 0.0087525472044948094 0.020714834332466125 0.85596008412540037 1.4835178710054608 0.69110498024383549 0.26236400194466103 0.1163203977048396 1.2287893351167438 0.25080564711242959 0.063536500558257214 0.87023918004706502 1.1596018834970885 0.25038163783028722 0.29999647382646799 0.30507294612471014 0.37490115594118834 0.10923974961042393 0.028032552450895198 0.072546554729342461 0.24109017290174961 0.085732107516378497 0.11237151641398668 0.099274368374608457 0.2900215722620485 0.020300248637795448 0.092973160033579916 0.85418639983981848 0.010764323174953461 0.0395665472606197
leaf_count=189 3 1 14 40 196 134 15 5 52 17 3 76 57 22 23 15 18 16 2 6 17 17 18 35 7 2 23 39 2 24
internal_value=3.4766e-10 -0.0118683 0.0195249 0.0141878 -0.0192409 -0.0145207 -0.00969169 0.016643 0.0135134 -0.00101083 0.0015531 -0.00668077 0.0090997 -0.0234755 -0.0283943 -0.0223227 0.0299253 0.0308289 0.0101933 -0.0152646 -0.0110742 -0.0113229 -0.00682395 -0.0274307 0.031793 0.0261198 -0.0330997 0.0324353 -0.0087793 -0.0292146
internal_weight=10.9962 6.83904 4.15715 2.82389 4.0732 2.68737 1.74588 2.57597 2.08475 2.76585 2.34418 1.12104 1.22314 0.941487 1.38583 0.605069 0.491222 1.33326 0.0595117 0.421664 0.313637 0.247918 0.198104 0.108027 1.27375 0.12954 0.780757 1.14421 0.0314792 0.0498144
internal_count=1088 829 259 177 617 367 211 115 92 212 153 93 60 156 250 38 23 82 18 59 23 62 35 36 64 18 212 46 16 27
is_linear=0
shrinkage=0.03


Tree=61
num_leaves=30
num_cat=0
split_feature=9 9 9 7 0 13 11 13 12 11 12 0 3 1 8 1 10 11 12 7 2 6 9 9 13 7 6 4 5
split_gain=2.71489 0.582279 0.273339 0.190456 0.183034 0.144901 0.121839 0.11987 0.117076 0.151821 0.116192 0.100597 0.0834732 0.0811913 0.0639044 0.0484927 0.0452283 0.066145 0.0392504 0.0375166 0.0285599 0.0256735 0.0230477 0.0339508 0.00489127 0.0216497 0.00358075 0.00176511 0.000236572
threshold=0.64780000000000004 0.44475000000000003 0.96800000000000008 0.17550000000000002 -0.025799999999999997 0.050050000000000004 -0.20219999999999996 0.048550000000000003 0.9467000000000001 -0.20854999999999999 1.0155500000000002 0.051250000000000011 0.34220000000000006 0.15020000000000003 0.14295000000000005 0.14100000000000004 0.22945000000000002 -0.16584999999999997 0.91025000000000011 0.11940000000000002 -1.1954999999999998 -0.0058499999999999984 0.63225000000000009 0.54295000000000015 0.0092500000000000013 0.074050000000000019 0.028500000000000001 -0.12164999999999999 0.015050000000000003
decision_type=2 2 2 2 2 2 2 2 2 2 2 2 2 2 2 2 2 2 2 2 2 2 2 2 2 2 2 2 2
left_child=1 4 3 12 16 7 13 -6 22 10 -10 -11 14 -5 -2 -8 26 -18 -14 -7 21 28 23 -3 25 -22 -1 -26 -4
right_child=2 8 20 6 5 19 15 -9 9 11 -12 -13 18 -15 -16 -17 17 -19 -20 -21 24 -23 -24 -25 27 -27 -28 -29 -30
leaf_value=-0.033832459570507609 0.0086185604498559085 -0.02456577167038845 -0.010485198914774924 0.03340646555525334 -0.012892210767708712 -0.030700782669749266 0.011068077451549075 0.0095498468786068252 -0.024708957742427404 0.0021938536067453379 -0.0016929701875964419 0.020000108019915131 -0.0013258562940199744 0.010029407442976928 -0.0075368414551912457 0.033058552368894427 -0.032259899552646243 -0.012170288755088056 0.034898160021243255 -0.017555797009430659 0.031527500201222664 0.031459963303210089 -0.038086782734479192 -0.0063797297367371034 0.034436490702331311 -0.0026718802920003585 -0.027475208094707163 0.031683617271422874 -0.0049387340071185715
leaf_weight=0.66746546089416392 0.43099295056890718 0.15564638469368253 0.020222595892846584 0.15754354558885075 1.4643727749353277 0.45707112766103808 0.10634214058518399 0.2509047818602993 0.25319280102849051 0.83396537741646126 0.89594901516102254 0.43422992248088121 0.036520868539810181 0.88395882025361061 0.45090632047504187 0.59642093256115913 0.28875719476491213 0.30152456997893751 0.10241761244833469 0.34134178480599076 0.10553709138184775 0.027113248594105133 0.038620484992861748 0.22732012259075418 0.28093909099698045 0.019782023504376411 0.090559235250111669 0.82579280762001872 0.010522224009037018
leaf_count=189 69 26 14 9 201 116 7 14 18 41 83 22 3 44 20 20 23 15 5 28 16 2 5 25 7 2 23 39 2
internal_value=2.11745e-10 -0.0117247 0.0193751 0.0140553 -0.0193068 -0.0145236 0.0200786 -0.00960947 -0.0014102 0.00113402 -0.00676413 0.00829071 0.00376347 0.0135656 0.000358464 0.029731 -0.0282243 -0.0219978 0.0253764 -0.025081 0.030779 0.0101797 -0.0159985 -0.013771 0.0317464 0.026129 -0.033073 0.0323824 -0.00858696
internal_weight=10.7559 6.70092 4.05501 2.7651 3.862 2.51369 1.74427 1.71528 2.83892 2.41734 1.14914 1.2682 1.02084 1.0415 0.881899 0.702763 1.34831 0.590282 0.138938 0.798413 1.28991 0.0578581 0.421587 0.382967 1.23205 0.125319 0.758025 1.10673 0.0307448
internal_count=1088 829 259 177 609 359 80 215 220 164 101 63 97 53 89 27 250 38 8 144 82 18 56 51 64 18 212 46 16
is_linear=0
shrinkage=0.03


Tree=62
num_leaves=31
num_cat=0
split_feature=9 10 9 0 7 1 11 0 0 12 8 4 6 12 9 13 6 1 10 11 2 6 1 1 1 13 7 6 4 0
split_gain=2.60414 0.558194 0.266646 0.187121 0.178231 0.122707 0.117018 0.115537 0.0996543 0.0959182 0.134245 0.133103 0.14059 0.104761 0.0806501 0.0769486 0.0478944 0.04629 0.0443285 0.0640564 0.028733 0.0256528 0.0218593 0.0188621 0.0125059 0.00460051 0.0201423 0.00356932 0.00165474 2.41036e-05
threshold=0.64780000000000004 0.56900000000000006 0.96800000000000008 -0.025799999999999997 0.17660000000000001 0.13825000000000001 -0.20219999999999996 0.030600000000000006 0.099850000000000008 0.99595000000000011 0.14995000000000003 -0.16014999999999999 0.12775000000000003 0.9467000000000001 0.35330000000000006 0.16120000000000004 -0.0077499999999999991 0.14100000000000004 0.22945000000000002 -0.16584999999999997 -1.1954999999999998 -0.0058499999999999984 0.14675000000000002 0.15685000000000002 0.15155000000000002 0.0092500000000000013 0.074050000000000019 0.028500000000000001 -0.12164999999999999 0.055950000000000007
decision_type=2 2 2 2 2 2 2 2 2 2 2 2 2 2 2 2 2 2 2 2 2 2 2 2 2 2 2 2 2 2
left_child=1 3 4 18 8 7 15 -5 16 10 13 23 -13 -3 -7 -6 -2 -8 27 -20 21 29 -10 -11 -12 26 -22 -1 -27 -4
right_child=2 9 20 5 6 14 17 -9 22 11 24 12 -14 -15 -16 -17 -18 -19 19 -21 25 -23 -24 -25 -26 28 -28 -29 -30 -31
leaf_value=-0.033773781508064295 -0.029115453545621957 -0.013695409687711739 -0.0085901014816137742 -0.0047410184321004471 0.0083437916592251655 -0.030757912693321322 0.011255411125089534 -0.029771445360664027 0.034595954527828744 -0.011723936345990888 -0.027429793491399842 -0.00021120306747565655 0.020204343740719992 0.0081334906386636881 -0.014793998937779761 0.027327802924505925 0.0018896974292420448 0.032959343218335498 -0.032263090204292286 -0.012217835430825478 0.031488406024963542 0.03142173891852567 0.011137842284400474 -0.032539291110268653 -0.016121275040538525 0.034348845163694325 -0.0018686519901048495 -0.027311759298654731 0.031639925506047051 -0.010405357403131909
leaf_weight=0.64399058476556115 0.047407422913238628 0.33120702649466716 0.020267323590815067 1.2106441722717138 0.72012361604720354 0.48075326520483919 0.10456547793000914 0.19233681302284811 0.10040009580552578 0.079558761790394672 0.20686676725745201 0.82730701193213441 0.47955633141100407 0.49149875063449144 0.69884359196294099 0.26210296154022217 0.82777257158886686 0.57352706138044596 0.27666359359864146 0.29803922749124467 0.10215373104438175 0.02625497244298447 0.055522333830595016 0.077197354752570391 0.15318694803863764 0.27193707786500432 0.019383450970053673 0.087365570885594934 0.79993776138871908 0.00975063256919384
leaf_count=189 27 52 8 88 37 164 7 53 5 4 15 64 25 22 62 14 64 20 23 15 16 2 3 17 13 7 2 23 39 8
internal_value=-3.65101e-10 -0.0116155 0.0192605 -0.0188485 0.0139432 -0.0141686 0.020027 -0.00817248 0.00414681 -0.000987234 -0.00734071 0.00414705 0.00728033 -0.000654445 -0.0213002 0.0134096 0.000210187 0.0296125 -0.0281025 -0.0218677 0.0307122 0.00976348 0.0262428 -0.0219748 -0.0226185 0.0317 0.0261684 -0.0330018 0.0323272 -0.00917975
internal_weight=10.4761 6.53502 3.94111 3.88864 2.69142 2.58258 1.66032 1.40298 1.0311 2.64638 1.18276 1.46362 1.30686 0.822706 1.1796 0.982227 0.87518 0.678093 1.30606 0.574703 1.24968 0.0562729 0.155922 0.156756 0.360054 1.19341 0.121537 0.731356 1.07187 0.030018
internal_count=1088 829 259 617 177 367 78 141 99 212 102 110 89 74 226 51 91 27 250 38 82 18 8 21 28 64 18 212 46 16
is_linear=0
shrinkage=0.03


Tree=63
num_leaves=27
num_cat=0
split_feature=9 7 9 11 13 7 0 1 12 5 13 12 2 13 5 2 4 6 6 9 7 13 7 4 0 0
split_gain=2.51625 0.532219 0.256491 0.239461 0.166887 0.151748 0.141889 0.141375 0.159001 0.114394 0.105957 0.111743 0.0689761 0.0650135 0.031539 0.027844 0.027209 0.0246479 0.0210071 0.0103535 0.00781075 0.00437113 0.018953 0.00155356 5.79177e-05 2.17511e-05
threshold=0.64780000000000004 0.11050000000000001 0.96800000000000008 -0.00089999999999999987 0.08975000000000001 0.088100000000000026 -0.013249999999999998 0.13525000000000001 0.99595000000000011 0.97560000000000013 0.16120000000000004 1.0479000000000003 -0.41259999999999991 0.049450000000000008 0.93000000000000005 -1.1954999999999998 -0.13384999999999997 -0.0058499999999999984 -0.0077499999999999991 0.85210000000000019 0.08030000000000001 0.0092500000000000013 0.074050000000000019 -0.12164999999999999 0.05315000000000001 0.055950000000000007
decision_type=2 2 2 2 2 2 2 2 2 2 2 2 2 2 2 2 2 2 2 2 2 2 2 2 2 2
left_child=1 3 4 5 18 20 13 9 -9 -8 11 -6 -7 -3 -12 17 -15 25 24 -20 -1 22 -17 -23 -2 -4
right_child=2 6 15 -5 10 12 7 8 -10 -11 14 -13 -14 16 -16 21 -18 -19 19 -21 -22 23 -24 -25 -26 -27
leaf_value=-0.033352985565899447 -0.030560990352957104 0.0018352939073017955 -0.008463679934544114 -0.00042946572875151418 0.0093112481725033443 -0.012666598830568122 0.0026603675924153267 -0.016558791422900523 -0.00067969088735844133 0.030178231983256237 0.015457224711492785 0.026332567915137294 -0.032312458945047633 -0.035951722384172852 0.033968887457883075 0.031451670239398398 -0.01070595976338566 0.031387543904173414 -0.014095854160206535 0.00023809232143206526 -0.027107944584739849 0.034267114010312211 -0.0013348859269392845 0.031599499995400238 -0.028121585025950985 -0.010210597222675933
leaf_weight=1.0673300984781242 0.01187377015594393 0.070359624922275876 0.019753490574657917 0.40401793457567681 1.491727330721915 0.78886499465443194 0.62484019715338979 0.83619265980087254 1.7664320033509282 0.173773143440485 0.10961211752146471 0.45238561462610949 0.20203464158112172 0.193430011626333 0.33903795666992664 0.098524140659719595 0.047945530153810978 0.025342186912894138 0.07989776867907572 0.10489033069461584 0.21686954016331572 0.26352240424603202 0.018914680927991867 0.77233609836548567 0.03339923225576058 0.0094996597617864609
leaf_count=410 11 5 8 7 69 58 34 71 141 6 5 23 45 11 18 16 3 2 17 18 38 7 2 39 16 8
internal_value=-4.59455e-10 -0.0115221 0.0192263 -0.0217129 0.0139582 -0.0254925 -0.00416885 -0.00239339 -0.00578146 0.00864808 0.0163047 0.013272 -0.0166722 -0.0235402 0.0294462 0.0306653 -0.030937 0.00973059 -0.0104466 -0.00595955 -0.0322984 0.0316563 0.0261711 0.0322781 -0.0287614 -0.00903097
internal_weight=10.2228 6.39209 3.83072 2.67912 2.62282 2.2751 3.71297 3.40124 2.60262 0.798613 2.39276 1.94411 0.9909 0.311735 0.44865 1.20789 0.241376 0.0545953 0.230061 0.184788 1.2842 1.1533 0.117439 1.03586 0.045273 0.0292532
internal_count=1088 829 259 558 177 551 271 252 212 40 115 92 103 19 23 82 14 18 62 35 448 64 18 46 27 16
is_linear=0
shrinkage=0.03


Tree=64
num_leaves=31
num_cat=0
split_feature=9 10 9 0 12 13 8 12 7 6 13 12 10 5 10 11 2 6 9 9 9 7 3 3 0 6 0 0 0 5
split_gain=2.40906 0.509549 0.251797 0.17452 0.144325 0.114742 0.100921 0.0930805 0.127789 0.0976204 0.0861048 0.106025 0.0550609 0.0457297 0.0451877 0.0616052 0.0423099 0.0306235 0.0206825 0.0170323 0.0157355 0.0062611 0.0051224 0.0186384 0.00436836 0.00354988 0.00334226 0.00297201 0.00174456 0.00164729
threshold=0.64780000000000004 0.56900000000000006 0.95085000000000008 -0.025799999999999997 0.86260000000000014 0.050050000000000004 0.15790000000000001 0.9467000000000001 0.12825000000000003 0.12775000000000003 0.16120000000000004 1.0479000000000003 0.52370000000000017 0.93000000000000005 0.22945000000000002 -0.16584999999999997 -1.1954999999999998 -0.0058499999999999984 0.52695000000000014 0.85210000000000019 0.63225000000000009 0.073350000000000012 -1.1474 -1.2752499999999998 0.044850000000000008 0.028500000000000001 0.035450000000000002 0.057950000000000008 0.055250000000000007 0.91720000000000013
decision_type=2 2 2 2 2 2 2 2 2 2 2 2 2 2 2 2 2 2 2 2 2 2 2 2 2 2 2 2 2 2
left_child=1 3 4 14 19 6 -5 18 26 -10 11 -6 -7 -12 25 -16 17 28 24 21 -20 -2 23 -18 -3 -1 -9 -21 -4 -24
right_child=2 7 16 5 10 12 -8 8 9 -11 13 -13 -14 -15 15 -17 22 -19 20 27 -22 -23 29 -25 -26 -27 -28 -29 -30 -31
leaf_value=-0.033657948533829848 -0.028147084280509542 -0.020141211003242083 -0.025969549018427105 -0.007007860756138031 0.0092506337056842119 -0.02747358090120737 -0.03445200278396527 0.02443181409547495 -0.0054619242444969244 0.0082214816610058396 0.0089187141131779456 0.026069124849916657 -0.010307022921068857 0.034070406555499796 -0.031847103957628041 -0.011766313763187453 0.031610387719012811 0.03135540176296446 -0.0085985764543884263 -0.014119856836657153 -0.032287553114499157 -0.013189118974356607 0.031530252251455684 0.0099837575602844085 -0.033546595810128969 -0.027015730841154197 0.034004671937807318 0.00058136764305614257 -0.0090759445763981227 0.034209718462351317
leaf_weight=0.5990757020772437 0.042795410845429482 0.039814664050937032 0.0068192635662853709 1.4984509868663738 1.4700009450316431 0.61928817676380266 0.1311490045627578 0.058376302942633962 1.294103224296123 0.73617622256278981 0.082893816754221805 0.43782231491059054 0.23083967994898558 0.30238117277622223 0.26187207316979766 0.28950745391193777 0.18341752048581839 0.024426695890724548 0.25883234635693952 0.014669061521999538 0.02796295378357172 0.061204567668028176 0.64352552779018868 0.044582772068679222 0.048561987059656531 0.08237215003464371 0.074992399662733078 0.079177976585924625 0.028470136225223541 0.30407082568854094
leaf_count=189 22 4 2 156 65 134 55 3 100 47 4 23 22 17 23 15 14 2 30 13 5 18 45 3 20 23 3 7 15 9
internal_value=-3.51166e-10 -0.011381 0.0190934 -0.0184638 0.0136016 -0.0138776 -0.00921655 -0.00102369 0.00136829 -0.000500342 0.0157227 0.0131103 -0.0228123 0.0286589 -0.0276886 -0.0213035 0.0301674 0.00553322 -0.0148184 -0.0109827 -0.0109083 -0.0193442 0.0314187 0.0273816 -0.0275073 -0.032855 0.0298146 -0.00171655 -0.0123404 0.0323901
internal_weight=9.97763 6.25138 3.72626 3.71256 2.49095 2.47973 1.6296 2.53882 2.16365 2.03028 2.2931 1.90782 0.850128 0.385275 1.23283 0.55138 1.23531 0.0597161 0.375172 0.197847 0.286795 0.104 1.1756 0.228 0.0883767 0.681448 0.133369 0.093847 0.0352894 0.947596
internal_count=1088 829 259 617 169 367 211 212 153 147 109 88 156 21 250 38 90 19 59 60 35 40 71 17 24 212 6 20 17 54
is_linear=0
shrinkage=0.03


Tree=65
num_leaves=28
num_cat=0
split_feature=9 7 9 11 7 7 4 11 5 1 5 11 0 7 2 0 2 6 8 7 3 4 0 3 3 0 5
split_gain=2.31173 0.493159 0.246045 0.231252 0.146448 0.13995 0.135791 0.123348 0.114642 0.146463 0.132128 0.094066 0.0667396 0.0652423 0.0627958 0.0536419 0.0400243 0.0292847 0.0225929 0.0079042 0.00626849 0.00724318 0.00706033 0.0050662 0.0184511 0.00160039 0.00156666
threshold=0.64780000000000004 0.11050000000000001 0.95085000000000008 -0.00089999999999999987 0.088100000000000026 0.17550000000000002 -0.16874999999999998 -0.20759999999999998 1.0543500000000001 0.16370000000000004 0.95045000000000013 -0.21274999999999997 0.099850000000000008 0.20520000000000002 -0.41259999999999991 0.048650000000000006 -1.1954999999999998 -0.0058499999999999984 0.15205000000000005 0.08030000000000001 -0.071549999999999989 -0.17054999999999998 0.066950000000000023 -1.1474 -1.2752499999999998 0.055250000000000007 0.91720000000000013
decision_type=2 2 2 2 2 2 2 2 2 2 2 2 2 2 2 2 2 2 2 2 2 2 2 2 2 2 2
left_child=1 3 5 4 19 12 20 11 10 -10 -8 -7 15 -9 -6 -2 17 25 -14 -1 21 -3 -22 24 -18 -4 -25
right_child=2 6 16 -5 14 7 8 13 9 -11 -12 -13 18 -15 -16 -17 23 -19 -20 -21 22 -23 -24 26 -26 -27 -28
leaf_value=-0.033292914037922929 0.013833210145545498 -0.033336925247680553 -0.025064824860496406 -0.00045494574440543785 -0.012614580079436482 0.014435419085139191 0.0046535197814470321 0.032978973518570411 0.02170397678105062 -0.0044015497292112368 -0.010110768511825153 -0.021613945915195585 0.034474701375503222 0.0089894123165632518 -0.031962323469635116 -0.0038347834094526849 0.031564122685713965 0.031321810793883589 0.0083139114454503192 -0.026837111725499671 0.0038617204717093989 -0.018267808308681004 -0.024856505190693576 0.031487411372718647 0.0096833379077211623 -0.0086542906763984739 0.03414047323456413
leaf_weight=0.99335198313929207 0.21188050974160511 0.13288149237632751 0.0066196597181260577 0.4033282478339969 0.76531719241756946 0.77344262413680553 0.7830793027533226 0.55478841532021739 0.35533256642520417 0.42448650836013258 1.7982620194088665 0.071136461570858955 0.077716173604130745 0.12502244673669338 0.18808123213239003 0.57265756081324071 0.17691077012568712 0.024061407893895992 0.048098830506205559 0.20610097737517208 0.010863373056054448 0.03661859966814518 0.026497426442801952 0.62107758643105615 0.043143479153513797 0.027850023470818996 0.29568977281451225
leaf_count=410 10 26 2 7 58 43 50 23 15 43 127 3 4 9 45 74 14 2 3 38 1 3 6 45 3 15 9
internal_value=-1.36929e-10 -0.0112441 0.0189696 -0.0213021 -0.0252077 0.013497 -0.00403851 0.0190553 -0.00258661 0.0074937 -0.00563185 0.0113991 0.00418969 0.0285671 -0.0164314 0.000936819 0.0301163 0.00592342 0.0244735 -0.0321836 -0.0276296 -0.0300814 -0.0165061 0.0313619 0.0272742 -0.0118058 0.0323431
internal_weight=9.7543 6.1242 3.6301 2.55618 2.15285 2.43474 3.56802 1.52439 3.36116 0.779819 2.58134 0.844579 0.910353 0.679811 0.953398 0.784538 1.19535 0.0585311 0.125815 1.19945 0.206861 0.1695 0.0373608 1.13682 0.220054 0.0344697 0.916767
internal_count=1088 829 259 558 551 169 271 78 235 58 177 46 91 32 103 84 90 19 7 448 36 29 7 71 17 17 54
is_linear=0
shrinkage=0.03


Tree=66
num_leaves=31
num_cat=0
split_feature=9 0 9 10 3 7 10 11 12 11 13 10 3 5 8 8 7 8 12 12 2 6 13 10 4 13 7 4 8 0
split_gain=2.20635 0.477197 0.238646 0.193585 0.159767 0.151285 0.135744 0.112779 0.0952549 0.137645 0.0946016 0.0809744 0.0789166 0.0750039 0.068979 0.0586335 0.0529051 0.0506026 0.0391196 0.0300753 0.0250427 0.022271 0.0191367 0.00465601 0.00497727 0.00372634 0.0175248 0.00128582 0.000957008 2.0691e-05
threshold=0.64780000000000004 -0.015699999999999995 0.96800000000000008 0.56900000000000006 -0.71894999999999987 0.17660000000000001 0.40615000000000007 -0.20759999999999998 0.9467000000000001 -0.20854999999999999 0.15310000000000004 0.22945000000000002 0.34220000000000006 1.0209000000000004 0.13195000000000004 0.14295000000000005 0.20520000000000002 0.12845000000000004 0.91025000000000011 0.99125000000000008 -1.1954999999999998 -0.0058499999999999984 0.076600000000000015 0.16415000000000005 -0.13874999999999996 0.0092500000000000013 0.074050000000000019 -0.12164999999999999 0.12785000000000005 0.055950000000000007
decision_type=2 2 2 2 2 2 2 2 2 2 2 2 2 2 2 2 2 2 2 2 2 2 2 2 2 2 2 2 2 2
left_child=1 11 5 4 13 12 -6 10 22 -10 -7 23 15 -3 17 -2 -9 -13 -14 -16 21 29 -5 28 -25 26 -22 -27 -1 -4
right_child=2 3 20 8 6 7 -8 16 9 -11 -12 14 18 -15 19 -17 -18 -19 -20 -21 25 -23 -24 24 -26 27 -28 -29 -30 -31
leaf_value=-0.035148152880514406 0.0092204026590450069 -0.0050293119877407423 -0.0080262637021708601 -0.024095973639853458 -0.031025504963396917 0.0036049941848975129 -0.011212299799669418 0.03290894990816097 -0.0055789827186632163 0.010078602871406928 0.024458156721319138 -0.017430776688953053 -0.003424775648352767 0.024000372342453939 -0.033857319959786011 -0.0069627417193243836 0.012382437907523362 0.0058233303829515973 0.034497393864213584 -0.019638011858354846 0.031328283479667415 0.031285492479343147 -0.009248245022315223 -0.03045981143081522 -0.016367769252405559 0.034024896924362842 -0.001211354294297387 0.031477394368920067 -0.032656489697165947 -0.0097946407250976975
leaf_weight=0.22490924497833453 0.38112365966662842 0.61691669624997292 0.018338794820010662 0.12822989973938126 0.51042108196998037 0.48519369401037693 0.79738341679330915 0.53588704112917163 0.99465997773222681 1.0270798818673934 0.32825624151155353 0.22723607474472374 0.032146790064871311 0.092054228996858001 0.23351858847308904 0.42751450277864933 0.14320774562656879 0.13381610764190555 0.10268368478864431 0.31373565527610481 0.099689505528658406 0.023503133095800766 0.1999388593249023 0.10296535555971786 0.028885338455438614 0.24167118035256852 0.017512813210487366 0.68021484697237622 0.36207533575361595 0.0088183330371975899
leaf_count=46 69 57 8 42 182 29 76 23 93 57 16 14 3 5 20 21 10 8 6 24 16 2 15 17 2 7 2 39 171 8
internal_value=1.23215e-10 -0.0110771 0.0188311 -0.00590986 -0.0127282 0.0136108 -0.0189452 0.0195548 -5.81165e-05 0.00237535 0.01202 -0.024944 0.00420752 -0.00126004 -0.0189904 0.000664624 0.0285803 -0.00881215 0.0254558 -0.0257055 0.0305005 0.00990407 -0.0150499 -0.0324669 -0.0273726 0.0315047 0.0264661 0.0321452 -0.0336112 -0.00860048
internal_weight=9.51959 5.99383 3.52576 4.36668 2.01678 2.43601 1.3078 1.49254 2.34991 2.02174 0.81345 1.62714 0.943469 0.708971 0.908306 0.808638 0.679095 0.361052 0.13483 0.547254 1.08975 0.0506603 0.328169 0.718835 0.131851 1.03909 0.117202 0.921886 0.586985 0.0271571
internal_count=1088 829 259 527 320 177 258 78 207 150 45 302 99 62 66 90 33 22 9 44 82 18 57 236 19 64 18 46 217 16
is_linear=0
shrinkage=0.03


Tree=67
num_leaves=30
num_cat=0
split_feature=9 0 9 10 3 13 11 12 10 5 6 10 10 6 9 5 8 7 0 12 9 10 4 0 13 7 5 1 8
split_gain=2.12334 0.417937 0.268948 0.174264 0.154707 0.142192 0.127098 0.175789 0.124098 0.0995699 0.0893724 0.0943944 0.0810814 0.0748695 0.0733368 0.0659402 0.0608867 0.0461473 0.0383567 0.028855 0.0178233 0.00463472 0.00456086 0.00349851 0.0031826 0.0168418 0.00137114 0.00119048 0.000884626
threshold=0.62705000000000011 -0.015699999999999995 0.95085000000000008 0.56900000000000006 -0.71894999999999987 0.08975000000000001 -0.20759999999999998 1.0586500000000003 0.40615000000000007 0.93000000000000005 0.14935000000000004 0.57420000000000015 0.22945000000000002 -0.0058499999999999984 0.60270000000000012 1.0209000000000004 0.13195000000000004 0.093700000000000019 0.068050000000000013 0.99125000000000008 0.85210000000000019 0.16415000000000005 -0.13874999999999996 0.055250000000000007 0.0092500000000000013 0.074050000000000019 0.91720000000000013 0.0093500000000000024 0.12785000000000005
decision_type=2 2 2 2 2 2 2 2 2 2 2 2 2 2 2 2 2 2 2 2 2 2 2 2 2 2 2 2 2
left_child=1 12 5 4 15 18 7 -7 -6 -8 11 -5 21 23 -12 -3 17 -14 20 -18 -2 28 -23 -4 25 -15 -26 -25 -1
right_child=2 3 13 10 8 6 9 -9 -10 -11 14 -13 16 24 -16 -17 19 -19 -20 -21 -22 22 -24 27 26 -27 -28 -29 -30
leaf_value=-0.035063005731210184 -0.017823579523437653 -0.005047719947942726 -0.028218425348276763 0.031480574034402325 -0.030914261514325095 -0.0014546698237404008 0.0043509847202571695 0.024730148069282608 -0.011668886015935805 0.02533284787182968 0.021583114273532138 -0.0047786013222617567 -0.028129444950302316 0.031282905139520416 -0.0077187348183217677 0.0227010563987197 -0.033390248363470473 -0.0030152025532890611 0.035271627524962067 -0.019192857885989109 -0.00089980068933071867 -0.030271931997289333 -0.016659749361226991 -0.0080048559705169116 0.031436860481307838 -0.00050920476158818843 0.033954018899523097 0.0033699864929292935 -0.032625031150315148
leaf_weight=0.21735356759745605 0.15567157976329404 0.61340835073497091 0.006520155817270167 0.067322555696592068 0.49164497165475063 0.71454913541674681 0.2549618305638427 0.34079822432249784 0.77988792635733262 1.0095769735053179 0.26135004847310472 1.6084329158184116 0.087071056943386793 0.11882525729015447 0.10890684090554714 0.088149316841736436 0.22251277859322727 0.27016823121812195 0.0166958998888731 0.30604225874412805 0.087478693225421011 0.099373033619485795 0.028508405201137066 0.02656836248934269 0.65727989934384823 0.017162598669528961 0.2767723985016346 0.0120305260643363 0.34908266528509557
leaf_count=46 42 57 4 4 182 40 16 25 76 45 18 156 6 19 9 5 20 16 2 24 19 17 2 18 37 2 9 1 171
internal_value=4.80976e-10 -0.0116483 0.0176518 -0.00650918 -0.0128704 0.0123303 0.0146875 0.00700107 -0.0191102 0.0211024 -0.000374671 -0.00332191 -0.0247201 0.0299623 0.0129643 -0.00156114 -0.0187035 -0.00913638 -0.00871457 -0.0251697 -0.0117349 -0.0323959 -0.0272374 -0.00789294 0.0315585 0.0272705 0.0321827 -0.00445954 -0.0335605
internal_weight=9.29411 5.59921 3.69489 4.0191 1.97309 2.57973 2.31989 1.05535 1.27153 1.26454 2.04601 1.67576 1.58011 1.11516 0.370257 0.701558 0.885794 0.357239 0.259846 0.528555 0.24315 0.694318 0.127881 0.045119 1.07004 0.135988 0.934052 0.0385989 0.566436
internal_count=1088 809 279 507 320 189 126 65 258 61 187 160 302 90 27 62 66 22 63 44 61 236 19 23 67 21 46 19 217
is_linear=0
shrinkage=0.03


Tree=68
num_leaves=28
num_cat=0
split_feature=9 7 11 9 12 5 7 6 7 11 4 3 13 2 8 10 10 1 12 2 0 7 10 13 7 4 5
split_gain=2.0504 0.439025 0.222553 0.221826 0.153961 0.159678 0.13532 0.134682 0.133644 0.104309 0.103693 0.0705379 0.0636732 0.0554423 0.0486479 0.0393717 0.0401178 0.0367443 0.0355041 0.0231007 0.0199541 0.00809149 0.00361649 0.00336297 0.0154562 0.00112772 2.0266e-05
threshold=0.64780000000000004 0.11050000000000001 -0.00089999999999999987 0.96800000000000008 0.9467000000000001 0.95805000000000018 0.17660000000000001 0.055550000000000009 0.088100000000000026 -0.20219999999999996 -0.14894999999999997 0.34220000000000006 0.16120000000000004 -0.41259999999999991 0.14295000000000005 0.6725000000000001 0.85940000000000005 0.14100000000000004 0.91025000000000011 -1.1954999999999998 0.058350000000000006 0.08030000000000001 0.60460000000000014 0.0092500000000000013 0.074050000000000019 -0.12164999999999999 0.015050000000000003
decision_type=2 2 2 2 2 2 2 2 2 2 2 2 2 2 2 2 2 2 2 2 2 2 2 2 2 2 2
left_child=1 2 8 6 15 10 11 -7 21 12 -6 14 -8 -10 -2 22 -17 -11 -13 20 26 -1 -3 24 -21 -25 -5
right_child=3 4 -4 19 5 7 9 -9 13 17 -12 18 -14 -15 -16 16 -18 -19 -20 23 -22 -23 -24 25 -26 -27 -28
leaf_value=-0.033187203167765043 0.0091294030159382762 -0.033471047107616642 -0.00042075317366991455 -0.0082524448470138578 -0.013474958400756899 -0.03005499232735688 0.0077675909195245776 -0.002883487468096742 -0.012639833718374148 0.011615356547059528 0.018802223875246375 -0.0025774119875821185 0.026405353529245879 -0.031819312757357054 -0.0059474397895738261 -0.0051210686775816864 -0.032323828810616961 0.032643321804155578 0.034336055033307104 0.031253260650798129 0.031212097954267295 -0.026349664862248177 -0.024391752711705163 0.03385836064392779 -6.1334895080635159e-05 0.031393416946110461 -0.006488525474982066
leaf_weight=0.89101334079168759 0.36235829413635734 0.13462885317858342 0.40243848168756802 0.01716369204223156 0.11069843359291553 0.17738861124962602 0.62073432561010122 2.2052327527198941 0.717595373862423 0.088655888102948444 0.469489692943171 0.031082288362085819 0.22468784591183066 0.1672650433029047 0.4111739182844758 0.17709843022748828 0.067347589880228043 0.47815152537077665 0.095506560057401657 0.092655419837683217 0.021866101771593094 0.18876534648006782 0.055870309472084045 0.22680757474154234 0.016750194132328033 0.63393389200791717 0.0089027369394898415
leaf_count=410 69 22 7 14 6 11 37 184 58 7 24 3 14 45 21 15 2 20 6 16 2 38 7 7 2 39 2
internal_value=-1.47403e-10 -0.0108265 -0.0207454 0.0187403 -0.00391647 -0.00146968 0.0136029 -0.00490643 -0.0249087 0.0193968 0.0126438 0.0045126 0.0127209 -0.0162653 0.00111525 -0.0205838 -0.0126157 0.0293543 0.0252724 0.0304087 0.0100783 -0.0319919 -0.0308082 0.0314132 0.0264589 0.0320429 -0.00765
internal_weight=9.09526 5.76483 2.36708 3.33043 3.39775 2.96281 2.31235 2.38262 1.96464 1.41223 0.580188 0.900121 0.845422 0.88486 0.773532 0.434945 0.244446 0.566807 0.126589 1.01808 0.0479325 1.07978 0.190499 0.970147 0.109406 0.860741 0.0260664
internal_count=1088 829 558 259 271 225 177 195 551 78 30 99 51 103 90 46 17 27 9 82 18 448 29 64 18 46 16
is_linear=0
shrinkage=0.03


Tree=69
num_leaves=31
num_cat=0
split_feature=9 10 9 0 13 13 8 12 3 9 4 8 13 1 12 7 10 11 5 2 6 0 1 9 6 13 7 4 0 0
split_gain=1.97583 0.422727 0.21579 0.153222 0.131157 0.102902 0.0850323 0.0846279 0.113783 0.099232 0.0977798 0.0968384 0.0841651 0.0947311 0.0712009 0.0456089 0.0421822 0.0496554 0.0286105 0.0222773 0.0196384 0.0190321 0.0114016 0.00962787 0.00336908 0.00320374 0.0145208 0.00105754 3.9351e-05 1.87796e-05
threshold=0.64780000000000004 0.56900000000000006 0.96800000000000008 -0.025799999999999997 0.08975000000000001 0.050050000000000004 0.15790000000000001 0.99595000000000011 -0.06384999999999999 0.46365000000000006 -0.12484999999999997 0.14995000000000003 0.16120000000000004 0.14795000000000003 0.9467000000000001 0.17090000000000002 0.22945000000000002 -0.16584999999999997 0.93000000000000005 -1.1954999999999998 -0.0077499999999999991 0.058350000000000006 0.15155000000000002 0.85210000000000019 0.028500000000000001 0.0092500000000000013 0.074050000000000019 -0.12164999999999999 0.05315000000000001 0.055950000000000007
decision_type=2 2 2 2 2 2 2 2 2 2 2 2 2 2 2 2 2 2 2 2 2 2 2 2 2 2 2 2 2 2
left_child=1 3 4 16 20 6 -5 11 9 -9 -10 14 13 -6 -3 -7 24 -18 -14 21 28 29 -13 -22 -1 26 -21 -27 -2 -4
right_child=2 7 19 5 12 15 -8 8 10 -11 -12 22 18 -15 -16 -17 17 -19 -20 25 23 -23 -24 -25 -26 27 -28 -29 -30 -31
leaf_value=-0.033406276308461103 -0.030439855915084437 -0.013032278780968664 -0.0068130402795655402 -0.0066295428276618926 0.021591040333612709 -0.02326607026996582 -0.034354569649205857 0.028475291292179676 0.025578314473088684 -0.0054741270621719764 -0.006657762497892415 -0.026427938381267925 0.014804573437225139 0.0070812506875912139 0.0063892427614391199 0.033516799292658779 -0.030958737739511428 -0.011904265299611834 0.033643447353686469 0.031223166054948577 -0.01341149748529244 0.031181758413741344 -0.014728612182781682 0.0013964099820274291 -0.026412134647585798 0.033784511729556897 0.00051312911050065114 0.031359971991988658 -0.02825509042476668 -0.0085549961049818744
leaf_weight=0.50190609256969787 0.0099852791172452271 0.28140562627231724 0.017170670442283154 1.3814986656070689 0.67860983498394523 0.73286416684277345 0.1072915352997369 0.086060049012303352 0.31178629049099982 0.77785802562721074 0.11626397073268868 0.17695855814963579 0.098553465679287799 1.0042431163601575 0.42869568523019552 0.012955907732248306 0.22624677559360862 0.26995451212860644 0.27501419000327587 0.089265645947307237 0.07000141486059952 0.021071485243737698 0.1300790598616004 0.090743625536561012 0.070718505012337118 0.22014093305915594 0.016403498128056526 0.61212421767413616 0.028878061508294195 0.0082443803548812866
leaf_count=189 11 52 8 156 40 155 55 4 20 80 6 15 5 52 22 1 23 15 18 16 17 2 13 18 23 7 2 39 16 8
internal_value=1.02026e-10 -0.010769 0.0186521 -0.0176525 0.0135382 -0.0131841 -0.00862758 -0.000921329 0.00417456 -0.00209222 0.0168226 -0.00739412 0.0157918 0.0129323 -0.0013073 -0.0222797 -0.0269946 -0.0205923 0.0286734 0.0303718 -0.00967901 0.0101004 -0.0214714 -0.00505215 -0.0325425 0.0313765 0.0264559 0.0320013 -0.0288164 -0.00737811
internal_weight=8.85299 5.61254 3.24045 3.30344 2.25603 2.23461 1.48879 2.30911 1.29197 0.863918 0.42805 1.01714 2.05642 1.68285 0.710101 0.74582 1.06883 0.496201 0.373568 0.984421 0.199608 0.0464865 0.307038 0.160745 0.572625 0.937934 0.105669 0.832265 0.0388633 0.0254151
internal_count=1088 829 259 617 177 367 211 212 110 84 26 102 115 92 74 156 250 38 23 82 62 18 28 35 212 64 18 46 27 16
is_linear=0
shrinkage=0.03


Tree=70
num_leaves=31
num_cat=0
split_feature=9 0 9 10 3 7 10 11 10 4 12 0 5 12 8 7 0 1 12 2 1 0 11 10 4 13 7 4 8 5
split_gain=1.88997 0.411729 0.211147 0.157983 0.129724 0.126414 0.122673 0.0986534 0.0843443 0.081429 0.0943273 0.0673049 0.0657521 0.0606681 0.0504751 0.0415239 0.0409624 0.0347181 0.0341513 0.0216076 0.0198071 0.0181268 0.012899 0.00456601 0.00415851 0.0030732 0.0137351 0.0010078 0.000756431 1.77894e-05
threshold=0.64780000000000004 -0.013249999999999998 0.96800000000000008 0.56900000000000006 -0.71894999999999987 0.17660000000000001 0.40615000000000007 -0.20219999999999996 0.22945000000000002 -0.16014999999999999 0.99595000000000011 0.099850000000000008 1.0209000000000004 1.0597500000000004 0.13195000000000004 0.093700000000000019 0.048650000000000006 0.14100000000000004 0.99125000000000008 -1.1954999999999998 0.14675000000000002 0.058350000000000006 -0.22394999999999995 0.16415000000000005 -0.13874999999999996 0.0092500000000000013 0.074050000000000019 -0.12164999999999999 0.12785000000000005 0.015050000000000003
decision_type=2 2 2 2 2 2 2 2 2 2 2 2 2 2 2 2 2 2 2 2 2 2 2 2 2 2 2 2 2 2
left_child=1 8 5 4 12 11 -6 13 23 22 -11 16 -3 -7 15 -10 -2 -9 -16 21 -13 29 -5 28 -25 26 -21 -27 -1 -4
right_child=2 3 19 9 6 7 -8 17 14 10 -12 20 -14 -15 18 -17 -18 -19 -20 25 -22 -23 -24 24 -26 27 -28 -29 -30 -31
leaf_value=-0.034894494802329971 0.012316280025950923 -0.0048669743087323353 -0.0076241104377362638 -0.02469932982488262 -0.030594307274266003 0.0064579372593792147 -0.010521649591056004 0.011757821725633619 -0.027503374641055948 -0.0057096726823619975 0.007454334595042713 0.034024704955737818 0.024587205159376319 0.023657650382213534 -0.032958009997863295 -0.003005657110193388 -0.0033751715830222665 0.032547056355531262 -0.017364673257963717 0.03118440958169523 0.0088367777230192162 0.031144124440304941 -0.0073541732051037607 -0.029976427175731062 -0.016608089621594178 0.033722795051388817 0.00092311386734780679 0.031318838646227157 -0.032542165058184719 -0.0059345062011328491
leaf_weight=0.19740006700158097 0.20840989798307497 0.56970209925202642 0.016412560828030109 0.12548283184878528 0.43977755995001666 0.52057177852839231 0.72701087710447609 0.086240792647003905 0.081973210675641894 0.87719026539707545 1.109572871122509 0.07885272242128849 0.077489623799920082 0.28595604002475739 0.21349797362927347 0.2590942500391975 0.53175796905998141 0.44715327583253384 0.30987993231974542 0.085891897790133842 0.043653510510921478 0.020286077633500099 0.055722229415551161 0.09107182762818411 0.027196213603019714 0.21387308742851019 0.016016103327274323 0.58970356732606888 0.3265666181105189 0.0085195181891322136
leaf_count=46 11 53 14 21 177 27 75 7 6 92 88 5 3 24 22 16 80 20 27 16 3 2 6 17 2 7 2 39 178 2
internal_value=-8.42705e-11 -0.0106339 0.0185094 -0.00557968 -0.0121123 0.0134092 -0.0180873 0.019176 -0.0239917 -0.000113689 0.0016422 0.00445215 -0.00134036 0.0125561 -0.0178736 -0.00889351 0.00104309 0.0291858 -0.0237256 0.0303256 0.0250493 0.0100867 -0.0193655 -0.0322266 -0.0269023 0.0313363 0.0264285 0.0319587 -0.0334284 -0.00704676
internal_weight=8.64193 5.48863 3.1533 3.98195 1.81398 2.2026 1.16679 1.33992 1.50668 2.16797 1.98676 0.862674 0.647192 0.806528 0.864445 0.341067 0.740168 0.533394 0.523378 0.950703 0.122506 0.0452182 0.181205 0.642235 0.118268 0.905485 0.101908 0.803577 0.523967 0.0249321
internal_count=1088 829 259 515 308 177 252 78 314 207 180 99 56 51 71 22 91 27 49 82 8 18 27 243 19 64 18 46 224 16
is_linear=0
shrinkage=0.03


Tree=71
num_leaves=31
num_cat=0
split_feature=9 0 9 9 4 7 11 12 6 10 6 3 8 8 7 8 12 13 8 9 10 0 1 4 5 1 8 12 1 9
split_gain=1.8224 0.352973 0.262492 0.13309 0.127519 0.115847 0.11951 0.102978 0.10224 0.0727646 0.0656123 0.0566793 0.117645 0.054445 0.0544429 0.0399843 0.0284126 0.0121367 0.0281062 0.0109396 0.00454203 0.00397201 0.00387734 0.00385633 0.00153624 0.00104425 0.000705174 0.000268875 0.000121022 3.66493e-05
threshold=0.61635000000000006 -0.015699999999999995 0.92825000000000013 -1.0000000180025095e-35 -0.16874999999999998 0.17660000000000001 -0.20759999999999998 1.0597500000000004 0.14935000000000004 0.22945000000000002 -0.0058499999999999984 -0.69219999999999982 0.13515000000000002 0.13195000000000004 0.20520000000000002 0.12845000000000004 0.99125000000000008 0.0092500000000000013 0.0078000000000000014 0.89850000000000019 0.16415000000000005 0.055250000000000007 0.15685000000000002 -0.13874999999999996 0.91720000000000013 0.0093500000000000024 0.12785000000000005 1.0155500000000002 0.0053500000000000006 -0.31559999999999994
decision_type=2 2 2 2 2 2 2 2 2 2 2 2 2 2 2 2 2 2 2 2 2 2 2 2 2 2 2 2 2 2
left_child=1 9 5 27 22 11 7 -7 -6 20 21 19 -13 15 -8 -11 -15 18 -12 -2 26 -4 -5 -22 -19 -23 -1 28 -3 -29
right_child=2 3 10 4 8 6 14 -9 -10 13 17 12 -14 16 -16 -17 -18 24 -20 -21 23 25 -24 -25 -26 -27 -28 29 -30 -31
leaf_value=-0.034844936875639693 -0.017919747451780776 -0.0302072367360657 -0.028090177976315311 -0.022980461916893208 -0.0059093939915835338 -0.00038953183677608623 0.03260499766071398 0.023371773925965737 0.010497279374360487 -0.017118548446263034 0.031153502694536841 0.032095544500406241 0.0030625388403584153 -0.033513106164973994 0.0088712586062131039 0.004317367575517983 -0.018738653271296757 0.031290501691367434 0.0017470448413788684 0.00087166948321263911 -0.029830557110264937 -0.0066564508691115323 -0.032501881117441109 -0.016843158438434189 0.033992557554401358 0.0044808081581083079 -0.032512367327009371 -0.030178977778105014 -0.034161606280123928 -0.031791848622172811
leaf_weight=0.19111531850649022 0.10642117966199327 0.0075571131310429021 0.0069026824203319839 0.05499289417639408 2.8118141556333289 0.40341769997030497 0.44975908473134019 0.27677035424858332 0.38915038265986357 0.21103077777661383 0.10243102582171537 0.14561132062226556 0.91454646224156022 0.20101562805939466 0.1078440984711051 0.12452983821276575 0.2807771391235292 0.56959015200845897 0.040945384651422501 0.037780457059852779 0.087989849620498717 0.024551820009946823 0.12828549678670242 0.026857112534344196 0.28368824813514948 0.010958865284919739 0.29935593891423196 0.016699230065569282 0.08897730172611773 0.052678164967801422
leaf_count=46 41 10 7 8 292 21 23 23 45 14 19 11 56 20 9 8 24 37 4 9 17 19 57 2 11 1 171 26 25 32
internal_value=-2.85873e-10 -0.011654 0.0166474 -0.00659435 -0.00530824 0.011274 0.0177191 0.00927901 -0.00391479 -0.0242799 0.0292767 0.00464994 0.00705019 -0.0184412 0.0280147 -0.00916347 -0.0249029 0.0308318 0.0227556 -0.0129964 -0.0321638 -0.00726707 -0.029645 -0.0267934 0.0321889 -0.00321941 -0.0334213 -0.0328282 -0.033852 -0.0314036
internal_weight=8.45405 4.97283 3.48122 3.55015 3.38424 2.44215 1.23779 0.680188 3.20096 1.42267 1.03907 1.20436 1.06016 0.817353 0.557603 0.335561 0.481793 0.996655 0.143376 0.144202 0.605318 0.0424134 0.183278 0.114847 0.853278 0.0355107 0.490471 0.165912 0.0965344 0.0693774
internal_count=1088 797 291 495 402 193 76 44 337 302 98 117 67 66 32 22 44 71 23 50 236 27 65 19 48 20 217 93 35 58
is_linear=0
shrinkage=0.03


Tree=72
num_leaves=31
num_cat=0
split_feature=9 0 9 9 4 7 11 6 12 10 6 2 8 7 8 7 12 13 8 6 10 1 0 4 5 1 8 12 1 9
split_gain=1.75423 0.344575 0.252695 0.128368 0.120175 0.111089 0.113687 0.0951058 0.0939755 0.0711053 0.0624898 0.0534562 0.0831596 0.0515591 0.0488927 0.0372746 0.0276094 0.0116567 0.0267082 0.0071608 0.00440597 0.0038945 0.00369254 0.00361254 0.00142472 0.000974179 0.000646751 0.000247352 0.00011045 3.3824e-05
threshold=0.61635000000000006 -0.015699999999999995 0.92825000000000013 -1.0000000180025095e-35 -0.16874999999999998 0.17660000000000001 -0.20759999999999998 0.14935000000000004 1.0597500000000004 0.22945000000000002 -0.0058499999999999984 -0.47284999999999994 0.14295000000000005 0.20520000000000002 0.13195000000000004 0.093700000000000019 0.99125000000000008 0.0092500000000000013 0.0078000000000000014 -0.0077499999999999991 0.16415000000000005 0.15685000000000002 0.055250000000000007 -0.13874999999999996 0.91720000000000013 0.0093500000000000024 0.12785000000000005 1.0155500000000002 0.0053500000000000006 -0.31559999999999994
decision_type=2 2 2 2 2 2 2 2 2 2 2 2 2 2 2 2 2 2 2 2 2 2 2 2 2 2 2 2 2 2
left_child=1 9 5 27 21 11 8 -6 -7 20 22 19 -13 -8 15 -11 -16 18 -12 -2 26 -5 -4 -22 -19 -24 -1 28 -3 -29
right_child=2 3 10 4 7 6 13 -9 -10 14 17 12 -14 -15 16 -17 -18 24 -20 -21 23 -23 25 -25 -26 -27 -28 29 -30 -31
leaf_value=-0.034758546434017254 -0.028339020585682283 -0.030194882519156276 -0.027370402251649148 -0.022634902176942171 -0.0058176198623002932 0.00014441402195390749 0.03253578242796494 0.010152793697185226 0.023120383396282723 -0.02749183193434989 0.031118459881305845 0.01950925383563977 0.0012704429296853147 0.0091894099588843633 -0.033255417129823397 -0.00390306066232732 -0.018489284098735896 0.031252960281405041 0.0020383482706476802 -0.010903195697053768 -0.02975576763597719 -0.032351931839704973 -0.0063111130757281357 -0.017086913359083061 0.033901283785453686 0.0045765297931649783 -0.032485807569364041 -0.03016831119770572 -0.034075658562253371 -0.031759907109393151
leaf_weight=0.18491982785053529 0.030162143753841519 0.0071480162441733821 0.0066444918629713348 0.053341994527727699 2.7740637413808149 0.39782149065285921 0.43221757188439347 0.38178326893830661 0.26825236016884446 0.079203720553778112 0.098503597546368615 0.32009146176278613 0.75726092513650656 0.10601781494915485 0.19390450976788998 0.25247181160375476 0.2764296205714345 0.54859929485246539 0.03995400108397007 0.071339533082209861 0.085779987624846399 0.12207725155167282 0.024026324506849051 0.026520065031945705 0.27420041803270578 0.010685814544558525 0.28849587982404046 0.015783529030159116 0.086157028737943619 0.050359568500425667
leaf_count=46 26 10 7 8 292 21 23 45 23 6 19 20 49 9 20 16 24 37 4 22 17 57 19 2 11 1 171 26 25 32
internal_value=-6.25105e-10 -0.0115147 0.0165911 -0.0064876 -0.00522897 0.0112752 0.0176834 -0.00388558 0.00939768 -0.02416 0.0292268 0.0047285 0.00668936 0.0279372 -0.0183567 -0.00953603 -0.0245769 0.0307803 0.022727 -0.0160844 -0.0321063 -0.0293971 -0.0068814 -0.026764 0.0321355 -0.00295945 -0.0333736 -0.0327835 -0.0337784 -0.0313801
internal_weight=8.26422 4.87844 3.38578 3.49071 3.33127 2.38316 1.20431 3.15585 0.666074 1.38773 1.00261 1.17885 1.07735 0.538235 0.80201 0.331676 0.470334 0.961257 0.138458 0.101502 0.585716 0.175419 0.0413566 0.1123 0.8228 0.0347121 0.473416 0.159448 0.093305 0.0661431
internal_count=1088 797 291 495 402 193 76 337 44 302 98 117 69 32 66 22 44 71 23 48 236 65 27 19 48 20 217 93 35 58
is_linear=0
shrinkage=0.03


Tree=73
num_leaves=31
num_cat=0
split_feature=9 0 9 10 3 7 10 11 13 10 11 12 11 9 11 3 4 7 8 12 0 2 10 0 5 13 7 4 8 1
split_gain=1.69174 0.38703 0.188829 0.154657 0.121858 0.106514 0.0888491 0.0868026 0.0793705 0.0774146 0.0748417 0.0838644 0.0798271 0.0722154 0.0599368 0.0563866 0.0444666 0.042769 0.0423084 0.0319392 0.0209057 0.0196443 0.0178188 0.015653 0.0151718 0.00271508 0.0116989 0.000838672 0.000616253 1.70059e-05
threshold=0.64780000000000004 -0.013249999999999998 0.96800000000000008 0.56900000000000006 -0.74364999999999981 0.17660000000000001 0.40615000000000007 -0.20759999999999998 0.15310000000000004 0.35635000000000006 -0.20854999999999999 0.9467000000000001 -0.24104999999999996 0.39610000000000006 -0.16014999999999999 0.34220000000000006 -0.13554999999999998 0.20520000000000002 0.14295000000000005 0.91025000000000011 -0.057849999999999992 -1.1954999999999998 0.16415000000000005 0.058350000000000006 0.94705000000000006 0.0092500000000000013 0.074050000000000019 -0.12164999999999999 0.12785000000000005 0.0071000000000000013
decision_type=2 2 2 2 2 2 2 2 2 2 2 2 2 2 2 2 2 2 2 2 2 2 2 2 2 2 2 2 2 2
left_child=1 9 5 4 13 15 -6 8 -7 22 12 -12 -5 -3 16 18 -11 -9 -2 -17 -16 23 28 29 -24 26 -23 -27 -1 -4
right_child=2 3 21 10 6 7 -8 17 -10 14 11 -13 -14 -15 20 19 -18 -19 -20 -21 -22 25 24 -25 -26 27 -28 -29 -30 -31
leaf_value=-0.034690363570661818 0.009737143293201701 -0.0035714951193865784 -0.0072162808755642446 0.0019908904484913139 -0.028164400088004086 0.0035320696385584219 -0.011066769405615937 0.03249766955294655 0.024115795154014179 -0.026610694381290871 -0.010902162342339008 0.0094295310339731868 -0.015783049599835557 0.035368133262554349 -0.01671123584956765 -0.0027579764744354411 -0.0012570083595517883 0.012100693304189565 -0.0051270335068808711 0.034082839795596453 0.0070452982554659324 0.031092074642381454 -0.035695630817702169 0.031055441072308173 -0.021359347361477148 0.033519293786889032 0.0020774271694956842 0.031216460446779608 -0.032453596016470077 -0.0054929250530401071
leaf_weight=0.17894112999783807 0.3199631192255773 0.50571307935751963 0.0076269586570560923 0.49853981914930046 0.432453992078081 0.41197992488741875 0.74440099258208647 0.41914464347064473 0.28539253538474441 0.3043846501968801 0.22794347882154375 0.91764258616603911 0.41817832342349026 0.046833096072077751 0.046633505262434483 0.028410654515028 0.07826608105096966 0.11872900743037462 0.37353797722607851 0.083207199349999428 0.11693284392822534 0.076564475428312906 0.085678730742074549 0.018109892494976521 0.29582073562778533 0.19485533516854048 0.014948947355151176 0.52806783653795719 0.29135299232439138 0.015889765694737434
leaf_count=46 69 46 14 56 180 29 80 23 16 26 49 57 45 2 3 3 6 10 21 6 8 16 12 2 35 7 2 39 178 2
internal_value=-7.47158e-10 -0.0102512 0.0183678 -0.00527662 -0.0118929 0.0134062 -0.0173496 0.01894 0.0119557 -0.0237435 0.000271673 0.00538402 -0.00611703 -0.000271023 -0.0149277 0.004916 -0.0214249 0.0279953 0.00173091 0.0247056 0.000272203 0.0301935 -0.0293967 0.0100919 -0.024579 0.0312209 0.0263525 0.0318372 -0.0333047 -0.00605184
internal_weight=8.08614 5.18972 2.89643 3.79171 1.7294 2.04037 1.17685 1.23525 0.697372 1.39801 2.0623 1.14559 0.916718 0.552546 0.546217 0.805119 0.382651 0.537874 0.693501 0.111618 0.163566 0.856063 0.851794 0.0416266 0.381499 0.814437 0.0915134 0.722923 0.470294 0.0235167
internal_count=1088 829 259 515 308 177 260 78 45 314 207 106 101 48 43 99 32 33 90 9 11 82 271 18 47 64 18 46 224 16
is_linear=0
shrinkage=0.03


Tree=74
num_leaves=30
num_cat=0
split_feature=9 0 9 10 3 12 10 13 1 10 10 4 9 8 12 5 12 2 10 6 5 0 9 13 7 4 8 1 5
split_gain=1.6258 0.380169 0.183361 0.146544 0.111992 0.103449 0.0863975 0.0757135 0.082055 0.0741389 0.070165 0.0900412 0.0668285 0.0547327 0.0338675 0.0222262 0.0195622 0.0188021 0.0175981 0.0167114 0.0155997 0.0147197 0.0101526 0.00258878 0.0109777 0.000781687 0.000574033 7.36469e-05 1.6294e-05
threshold=0.64780000000000004 -0.013249999999999998 0.96800000000000008 0.56900000000000006 -0.74364999999999981 0.86260000000000014 0.40615000000000007 0.16120000000000004 0.14795000000000003 0.35635000000000006 0.57420000000000015 -0.15609999999999999 0.39610000000000006 0.13195000000000004 0.99125000000000008 0.93000000000000005 0.96905000000000008 -1.1954999999999998 0.16415000000000005 -0.0077499999999999991 0.94705000000000006 0.058350000000000006 0.85210000000000019 0.0092500000000000013 0.074050000000000019 -0.12164999999999999 0.12785000000000005 0.0073500000000000015 0.015050000000000003
decision_type=2 2 2 2 2 2 2 2 2 2 2 2 2 2 2 2 2 2 2 2 2 2 2 2 2 2 2 2 2
left_child=1 9 5 4 12 19 -6 8 -7 18 -5 -12 -3 16 -15 -9 -11 21 26 27 -20 28 -21 24 -19 -25 -1 -2 -4
right_child=2 3 17 10 6 7 -8 15 -10 13 11 -13 -14 14 -16 -17 -18 23 20 22 -22 -23 -24 25 -26 -27 -28 -29 -30
leaf_value=-0.034628746444222085 -0.02708625412042957 -0.0035411366695673996 -0.006045100666194618 0.03179688689041367 -0.027730458805624442 0.021197703789207392 -0.010713686141545687 0.016063256097410751 0.0068222406753420369 -0.0084481579545972359 -0.019780723276788557 0.0014710343550482902 0.035099450309130656 -0.032188015088160493 -0.013233701538053734 0.033450579400128293 0.012392642225123356 0.031066708428381672 -0.035884225877188342 -0.013918090229273842 -0.021181600251835676 0.031030183903452753 0.0025560660004956396 0.033447948007963725 0.0026709707131062394 0.03118833175178521 -0.032432879844353758 -0.03034562275717978 -0.0043653355082476043
leaf_weight=0.17318613434326813 0.025174813286866993 0.50328129180707026 0.01520309504121542 0.061708097695373332 0.42253839111072033 0.5970161724835632 0.73672513873316348 0.092181203886866458 0.89022168144583702 0.13639754755422473 0.19975974806584429 1.7630463846144262 0.043787289410829544 0.16131278977263719 0.17897077556699514 0.234464424662292 0.057675190269947052 0.073803985025733598 0.083722243696684018 0.057524453615770077 0.28964070108486339 0.017458096146583557 0.081180323846638203 0.18876637285575271 0.014692353084683418 0.51018786313943565 0.280969392741099 0.0082950105424970388 0.0078967828303575516
leaf_count=46 12 46 14 4 180 36 80 5 52 9 30 173 2 18 13 18 3 16 12 20 35 2 19 7 2 39 178 15 2
internal_value=7.97276e-11 -0.0101122 0.0183005 -0.00516003 -0.0116364 0.0133559 -0.0169161 0.0154654 0.0125929 -0.0236788 0.000298459 -0.000691811 -0.00044835 -0.0149682 -0.0222191 0.0285438 -0.00225462 0.0301606 -0.0293035 -0.00886738 -0.0244785 0.0102409 -0.00427619 0.0311865 0.0263524 0.0317986 -0.0332702 -0.027894 -0.00547087
internal_weight=7.90679 5.09272 2.81407 3.73085 1.70633 1.98606 1.15926 1.81388 1.48724 1.36187 2.02451 1.96281 0.547069 0.534356 0.340284 0.326646 0.194073 0.828009 0.827518 0.172175 0.373363 0.040558 0.138705 0.787451 0.0884963 0.698954 0.454156 0.0334698 0.0230999
internal_count=1088 829 259 515 308 177 260 111 88 314 207 203 48 43 31 23 12 82 271 66 47 18 39 64 18 46 224 27 16
is_linear=0
shrinkage=0.03


Tree=75
num_leaves=31
num_cat=0
split_feature=9 0 9 9 7 6 4 6 6 10 6 2 8 8 7 12 7 13 8 9 6 10 0 4 5 1 8 12 1 13
split_gain=1.56941 0.318203 0.228586 0.108571 0.101148 0.103213 0.0987196 0.0860575 0.0790632 0.0730943 0.0552108 0.0473002 0.074064 0.0327395 0.0359791 0.0311566 0.0118995 0.0104237 0.0229369 0.00637944 0.00629973 0.00386448 0.00338985 0.00331868 0.00117789 0.000818252 0.000545203 0.000214325 0.000102994 2.71341e-05
threshold=0.61635000000000006 -0.013249999999999998 0.92825000000000013 -1.0000000180025095e-35 0.17660000000000001 0.15730000000000002 -0.16874999999999998 0.14935000000000004 0.24005000000000001 0.22945000000000002 -0.0058499999999999984 -0.47284999999999994 0.14295000000000005 0.13195000000000004 0.093700000000000019 0.99125000000000008 0.17950000000000002 0.0092500000000000013 0.0078000000000000014 0.5283000000000001 -0.0077499999999999991 0.16415000000000005 0.055250000000000007 -0.13874999999999996 0.91720000000000013 0.0093500000000000024 0.12785000000000005 1.0216500000000004 0.0053500000000000006 0.030500000000000003
decision_type=2 2 2 2 2 2 2 2 2 2 2 2 2 2 2 2 2 2 2 2 2 2 2 2 2 2 2 2 2 2
left_child=1 9 4 27 11 16 19 -8 -7 21 22 20 -13 14 -11 -15 -6 18 -12 -5 -2 26 -4 -23 -19 -24 -1 28 -3 -29
right_child=2 3 10 6 5 8 7 -9 -10 13 17 12 -14 15 -16 -17 -18 24 -20 -21 -22 23 25 -25 -26 -27 -28 29 -30 -31
leaf_value=-0.034591138071970007 -0.027683344920987663 -0.030170981371121182 -0.02630971238046129 -0.031023943935238947 0.018448952509163567 0.0046745648439786109 -0.0056811143688705107 0.010009665163149342 0.026343204863424771 -0.0280776878301238 0.031033799828226068 0.019110018289661423 0.0013889577115819075 -0.032353461513433816 -0.0044849399531836573 -0.016493621702708083 0.03255651652216722 0.031159192658899059 0.0029841900832756605 -0.01410856080705423 -0.010582073419673961 -0.029849397593728736 -0.0051996330473419259 -0.017366746793614399 0.033689737109542608 0.0051043085150269266 -0.032414413430987839 -0.030139239693792539 -0.034142961006678255 -0.031728992883644606
leaf_weight=0.1677604849101042 0.027236299181822687 0.0064001087448563023 0.0061614291043952099 0.13045985423377748 0.064715660177171008 0.52035097219049931 2.6306494728487455 0.35731800080975507 0.21382416505366564 0.076889792399015278 0.087818557862192281 0.30263095349073432 0.710819311439991 0.18374359171139076 0.23901116580236703 0.28345478337723762 0.31933015212416649 0.49181163869798183 0.037416523322463036 0.02371339313685894 0.067269509600010102 0.079132752143777907 0.022697888780385256 0.025296488776803017 0.24954374600201845 0.0099886348471045494 0.27061306429095566 0.012641695851925761 0.071672961115837097 0.041004930535564199
leaf_count=46 26 10 7 58 5 34 288 45 17 6 19 20 49 22 16 27 20 37 4 6 22 17 19 2 11 1 178 25 23 28
internal_value=3.19071e-11 -0.0111527 0.0163812 -0.00613117 0.0112121 0.0175774 -0.00501261 -0.00380472 0.0109854 -0.0235515 0.0290902 0.00478786 0.00668072 -0.0176871 -0.0102274 -0.0227311 0.0301792 0.0306587 0.0226534 -0.0284222 -0.0155106 -0.0320119 -0.00589841 -0.0268257 0.032011 -0.00205086 -0.0332474 -0.0328142 -0.0338174 -0.0313544
internal_weight=7.73138 4.59976 3.13162 3.27386 2.22618 1.11822 3.14214 2.98797 0.734175 1.3259 0.905438 1.10796 1.01345 0.783099 0.315901 0.467198 0.384046 0.86659 0.125235 0.154173 0.0945058 0.542803 0.038848 0.104429 0.741355 0.0326865 0.438374 0.13172 0.0780731 0.0536466
internal_count=1088 797 291 483 193 76 397 333 51 314 98 117 69 71 22 49 25 71 23 64 48 243 27 19 48 20 224 86 33 53
is_linear=0
shrinkage=0.03


Tree=76
num_leaves=29
num_cat=0
split_feature=9 0 9 10 3 12 11 6 5 10 10 4 10 4 9 6 8 7 12 13 8 10 4 0 5 1 8 7
split_gain=1.52127 0.329097 0.199505 0.116418 0.105577 0.104964 0.121058 0.136783 0.135767 0.0851602 0.0706142 0.0682519 0.0670016 0.0636526 0.0610905 0.0528315 0.0323655 0.0294941 0.0274008 0.0100345 0.0218392 0.00385532 0.00314612 0.00309768 0.00107605 0.000783021 0.00051022 0.000281683
threshold=0.62705000000000011 -0.013249999999999998 0.92825000000000013 0.56900000000000006 -0.74364999999999981 1.0586500000000003 -0.20759999999999998 0.24005000000000001 0.93000000000000005 0.40615000000000007 0.22945000000000002 -0.11989999999999999 0.57420000000000015 -0.15404999999999996 0.39610000000000006 -0.0058499999999999984 0.13195000000000004 0.093700000000000019 0.99125000000000008 0.0092500000000000013 0.0078000000000000014 0.16415000000000005 -0.13874999999999996 0.055250000000000007 0.91720000000000013 0.0093500000000000024 0.12785000000000005 0.17135000000000003
decision_type=2 2 2 2 2 2 2 2 2 2 2 2 2 2 2 2 2 2 2 2 2 2 2 2 2 2 2 2
left_child=1 10 5 4 14 6 7 -2 -8 -6 21 27 -5 -14 -3 23 17 -12 -18 20 -17 26 -23 -4 -21 -25 -1 -7
right_child=2 3 15 12 9 11 8 -9 -10 -11 16 -13 13 -15 -16 19 18 -19 -20 24 -22 22 -24 25 -26 -27 -28 -29
leaf_value=-0.034532960149385401 -0.0110430074096794 -0.0033918104009197318 -0.025453787413654186 0.031517321470862975 -0.027803032547818806 0.034701571816850268 -0.00081121870693383336 0.023013741678849266 0.02177689638004528 -0.010456241107280424 -0.026839158790395074 -0.0019486339787964486 -0.018547822271742995 0.00066264220557732466 0.0348392789107453 0.031003972309422718 -0.03196004987609663 -0.005059334339073903 -0.016880691207800464 0.03112835486683509 0.0032343057759775589 -0.029723474204315183 -0.017483049356078775 -0.0049988472261051275 0.033589505604821233 0.0052007076805270676 -0.032392739307432493 0.032063694926392085
leaf_weight=0.16268824928556547 0.42580024898052249 0.49881836335407559 0.0059569933218881479 0.057812124839983769 0.39782123995246388 0.042416613548994064 0.35296247253427304 0.14137847069650888 0.74488711263984442 0.70802156144054607 0.073260482517071068 0.062808585353195556 0.17324369074776758 1.4931282995676154 0.040685053914785385 0.084358779713511356 0.17786231468198821 0.2369476871099323 0.27790859289234504 0.47351531009189785 0.036523142829537392 0.076978963275905699 0.025047642178833485 0.022233325522392988 0.241385567933321 0.0097425049170851707 0.26120700905448757 0.25826561823487282
leaf_count=46 31 46 7 4 180 2 70 7 41 80 6 3 29 154 2 19 22 16 27 37 4 17 2 19 11 1 178 27
internal_value=-2.94072e-10 -0.0106161 0.0170511 -0.00568036 -0.0113887 0.011889 0.00870047 -0.00255381 0.0145147 -0.0166967 -0.0234895 0.0264944 -0.000233038 -0.00133457 -0.000508726 0.0290361 -0.0176778 -0.010203 -0.0227653 0.0306077 0.0226137 -0.031954 -0.0267184 -0.00559149 0.0319594 -0.00189121 -0.0332141 0.0324358
internal_weight=7.56367 4.66143 2.90223 3.36953 1.64535 2.02852 1.66503 0.567179 1.09785 1.10584 1.2919 0.363491 1.72418 1.66637 0.539503 0.873716 0.765979 0.310208 0.455771 0.835783 0.120882 0.525922 0.102027 0.0379328 0.714901 0.0319758 0.423895 0.300682
internal_count=1088 809 279 495 308 181 149 38 111 260 314 32 187 183 48 98 71 22 49 71 23 243 19 27 48 20 224 29
is_linear=0
shrinkage=0.03


Tree=77
num_leaves=30
num_cat=0
split_feature=9 0 9 10 3 13 4 10 1 10 9 10 4 4 11 11 9 2 5 0 5 10 4 13 7 4 8 11 0
split_gain=1.46792 0.341902 0.162853 0.126477 0.107513 0.0977149 0.0850193 0.0803934 0.0775481 0.0701471 0.0651164 0.056144 0.0581117 0.0309661 0.0364751 0.0281154 0.0194272 0.0173029 0.0150368 0.0128004 0.00422413 0.00385597 0.00301926 0.0022888 0.00940144 0.000600829 0.000483781 0.000389364 1.52032e-05
threshold=0.64780000000000004 -0.013249999999999998 0.96800000000000008 0.56900000000000006 -0.74364999999999981 0.16120000000000004 -0.11339999999999999 0.40615000000000007 0.14795000000000003 0.22945000000000002 0.39610000000000006 0.57935000000000014 -0.15609999999999999 -0.13554999999999998 -0.16584999999999997 -0.21184999999999996 0.85210000000000019 -1.1954999999999998 0.93000000000000005 0.058350000000000006 0.91060000000000008 0.16415000000000005 -0.13874999999999996 0.0092500000000000013 0.074050000000000019 -0.12164999999999999 0.12785000000000005 -0.18634999999999999 0.055950000000000007
decision_type=2 2 2 2 2 2 2 2 2 2 2 2 2 2 2 2 2 2 2 2 2 2 2 2 2 2 2 2 2
left_child=1 9 5 4 10 6 8 -6 -2 21 -3 15 -13 14 -11 -5 -8 19 -7 28 -15 26 -23 24 -19 -25 -1 -20 -4
right_child=2 3 17 11 7 18 16 -9 -10 13 -12 12 -14 20 -16 -17 -18 23 27 -21 -22 22 -24 25 -26 -27 -28 -29 -30
leaf_value=-0.034498752306135243 0.021112813677303551 -0.0033719569448767439 -0.0040895272960238867 -0.0017637604532862788 -0.027664821160650315 0.019065214530084171 -0.019818570988561341 -0.010592330338899433 0.0066901049858757765 -0.026771944119820257 0.035144823605983741 -0.017167972221927369 0.00074848987926702147 -0.013228736428247694 -0.012195794649772676 0.033185235496170744 0.00048501247915212943 0.030985074546229358 0.03465043841202272 0.030951160827772186 -0.00052323064959816103 -0.029606419844669225 -0.017497092255633066 0.033186471375002746 0.0037122077013799549 0.031099217504523817 -0.03237723849372523 0.032069286766136754 -0.0057778283959716075
leaf_weight=0.15733818747685269 0.58054635580629088 0.49647316179471079 0.014807933941483498 0.029981539468280971 0.38682134254486322 0.098600368946790584 0.085367952822707927 0.69290020584594458 0.7949626469053328 0.34161259280517697 0.042918162420392036 0.18097999866586167 1.6336421088490167 0.031610651931259781 0.28210170846432447 0.067038474837317952 0.084294267639052123 0.065678303129970916 0.096598275005817413 0.015552807133644819 0.092358033638447523 0.074819618341280147 0.024631932377815247 0.17045367648825049 0.013758659362792969 0.45662051718682051 0.25116712329327129 0.11547489929944277 0.0071030240505933753
leaf_count=46 37 46 8 4 180 5 40 80 51 41 2 29 169 6 18 5 26 16 11 2 6 17 2 7 2 39 178 7 8
internal_value=-3.19873e-10 -0.00985664 0.0181466 -0.00507512 -0.0112447 0.0133926 0.0103059 -0.0167087 0.0127773 -0.0233019 -0.000307263 0.000150401 -0.0010384 -0.0174574 -0.0201793 0.0223851 -0.00973102 0.0300053 0.0287447 0.0101373 -0.00376299 -0.0319047 -0.0266072 0.0310588 0.0262614 0.0316666 -0.0331944 0.033245 -0.00463684
internal_weight=7.38621 4.78639 2.59982 3.53075 1.61911 1.85584 1.54517 1.07972 1.37551 1.25564 0.539391 1.91164 1.81462 0.747683 0.623714 0.09702 0.169662 0.743975 0.310674 0.0374638 0.123969 0.507957 0.0994516 0.706511 0.079437 0.627074 0.408505 0.212073 0.021911
internal_count=1088 829 259 515 308 177 154 260 88 314 48 207 198 71 59 9 66 82 23 18 12 243 19 64 18 46 224 18 16
is_linear=0
shrinkage=0.03


Tree=78
num_leaves=29
num_cat=0
split_feature=9 0 9 10 3 13 12 11 12 10 9 10 4 4 4 11 2 5 0 5 10 4 13 7 4 8 11 11
split_gain=1.41069 0.330412 0.158515 0.11549 0.0979942 0.0930948 0.0811505 0.0814416 0.0804421 0.063335 0.0616773 0.0563303 0.0581674 0.0450558 0.0325651 0.0259823 0.0168941 0.0148873 0.0122185 0.00419788 0.00383033 0.00286725 0.00221199 0.00896446 0.000567649 0.00044504 0.000353999 1.45823e-05
threshold=0.64780000000000004 -0.015699999999999995 0.96800000000000008 0.56900000000000006 -0.74364999999999981 0.16120000000000004 1.0479000000000003 -0.20759999999999998 0.95645000000000013 0.22945000000000002 0.39610000000000006 0.57420000000000015 -0.15609999999999999 -0.11989999999999999 -0.13554999999999998 -0.16584999999999997 -1.1954999999999998 0.93000000000000005 0.058350000000000006 0.91060000000000008 0.16415000000000005 -0.13874999999999996 0.0092500000000000013 0.074050000000000019 -0.12164999999999999 0.12785000000000005 -0.18634999999999999 -0.0052499999999999986
decision_type=2 2 2 2 2 2 2 2 2 2 2 2 2 2 2 2 2 2 2 2 2 2 2 2 2 2 2 2
left_child=1 9 5 4 10 6 7 -2 -6 20 -3 -5 -13 -8 15 -11 18 -7 27 -16 25 -22 23 -18 -24 -1 -19 -4
right_child=2 3 16 11 8 17 13 -9 -10 14 -12 12 -14 -15 19 -17 22 26 -20 -21 21 -23 24 -25 -26 -27 -28 -29
leaf_value=-0.034458472599248988 -0.0047532521139530617 -0.0035931646382248075 -0.0032604649994299266 0.030786558096618146 -0.033391419554836252 0.018860084481487977 0.032066980078197041 0.012039751165157113 -0.012332471260828558 -0.02628132814767736 0.034914420432589521 -0.016967686705551259 0.0008600055576687642 0.0043015811378360209 -0.012928196186769259 -0.013551099926991503 0.030960073181425504 0.034537801779958917 0.030927611731320043 -7.4478065271409358e-05 -0.029497560766441718 -0.017568236425906311 0.033133197954778752 0.003988489125108274 0.031071591841282688 -0.032368553798487847 0.032027719168006431 -0.0049039972410720601
leaf_weight=0.15220472845248856 0.37088872492313374 0.52399731357581902 0.0073818219825625411 0.051846474059857317 0.20110557755106151 0.096346037462353595 0.20613990491256118 0.86867433128645677 0.86724746919935569 0.32486680120928213 0.040314892306923866 0.183028747094795 1.6461368162417782 0.070619727484881767 0.030880628211889416 0.25959719344973564 0.063165805535390862 0.092798894271254539 0.014966167509555817 0.088123099878430367 0.072661559737753123 0.024163518100976944 0.16537790838629007 0.013452542945742607 0.44002849096432328 0.23069664029753767 0.11111462023109198 0.014214266091585159
leaf_count=46 25 52 1 4 55 5 19 106 211 39 2 30 173 4 6 16 16 11 2 5 17 2 7 2 39 171 7 15
internal_value=2.93959e-10 -0.00973433 0.0180347 -0.00511699 -0.0109549 0.0133166 0.0102945 0.00701513 -0.0162966 -0.0234462 -0.000842154 -4.98206e-05 -0.000923857 0.0249822 -0.0177145 -0.020627 0.0299619 0.0285783 0.0100949 -0.00340993 -0.0318513 -0.0265205 0.031027 0.0262244 0.0316348 -0.0331993 0.03317 -0.00434222
internal_weight=7.23204 4.69687 2.53517 3.51368 1.63267 1.81658 1.51632 1.23956 1.06835 1.18319 0.564312 1.88101 1.82917 0.27676 0.703468 0.584464 0.718587 0.30026 0.0365623 0.119004 0.479726 0.0968251 0.682025 0.0766183 0.605406 0.382901 0.203914 0.0215961
internal_count=1088 829 259 527 320 177 154 131 266 302 54 207 203 23 66 55 82 23 18 11 236 19 64 18 46 217 18 16
is_linear=0
shrinkage=0.03


Tree=79
num_leaves=31
num_cat=0
split_feature=9 0 9 9 3 7 6 13 10 7 13 12 5 13 3 8 4 11 12 2 7 0 10 4 4 13 7 4 8 5
split_gain=1.35995 0.31496 0.153715 0.103964 0.1067 0.0920365 0.0753893 0.0893285 0.0693941 0.0678734 0.0653986 0.0626336 0.112642 0.0631335 0.0496023 0.0404727 0.0256758 0.0291672 0.0225512 0.0162042 0.0130417 0.0115253 0.00380048 0.00350938 0.00275379 0.00211374 0.00843674 0.00052647 0.000428789 1.31112e-05
threshold=0.64780000000000004 -0.013249999999999998 0.96800000000000008 0.44475000000000003 -0.74364999999999981 0.17660000000000001 0.15730000000000002 0.16120000000000004 0.22945000000000002 0.090550000000000005 0.048550000000000003 0.96770000000000012 0.97135000000000005 0.072550000000000017 0.34220000000000006 0.14295000000000005 -0.13554999999999998 -0.16584999999999997 0.91025000000000011 -1.1954999999999998 0.17850000000000002 0.058350000000000006 0.16415000000000005 -0.13434999999999997 -0.13874999999999996 0.0092500000000000013 0.074050000000000019 -0.12164999999999999 0.12785000000000005 0.015050000000000003
decision_type=2 2 2 2 2 2 2 2 2 2 2 2 2 2 2 2 2 2 2 2 2 2 2 2 2 2 2 2 2 2
left_child=1 8 5 4 10 14 20 -8 22 -6 -3 13 -13 -5 15 -2 17 -10 -16 21 -7 29 28 -18 -24 26 -21 -27 -1 -4
right_child=2 3 19 11 9 6 7 -9 16 -11 -12 12 -14 -15 18 -17 23 -19 -20 25 -22 -23 24 -25 -26 27 -28 -29 -30 -31
leaf_value=-0.034413592418203923 0.010252007814476046 -0.0034243883835327091 -0.0043885547693139002 -0.023618384575548969 -0.03262709644287369 0.015874648960124613 0.0052651673430887079 0.02772454770855463 -0.025741582157257806 -0.012912184854458702 0.0351656514685963 0.022788899409213935 -0.00068203178500698557 -0.0022675741739110267 0.00070774835256094812 -0.0050446286286661354 0.0033747209731492685 -0.01241277875136281 0.033895293398354405 0.030935670330607869 0.032467065277539009 0.030902797273620729 -0.02938950530717991 -0.0077550111817121757 -0.01757414261101202 0.033065325996786993 0.0045068720555267805 0.031044534815538753 -0.032346467101797234 -0.0028160590430339701
leaf_weight=0.14714604013715848 0.28739463706733692 0.49537721351953201 0.013956205919384956 0.17519335611723352 0.19946494512260005 0.049515993334352748 0.45118014328181744 0.2464355044066906 0.31864480464719236 0.74108341604005545 0.042950822040438652 0.22042980417609204 1.114369756542146 0.43199749337509274 0.024971675127744675 0.33965214435011148 0.036983966827392578 0.27552134788129479 0.070313978940248489 0.060915541369467863 0.30675284005701542 0.014432273339480162 0.070610428025247529 0.082100447325501591 0.023716172203421593 0.15958468150347471 0.013232208788394928 0.42514418507926166 0.23383250972256064 0.0072516235522925845
leaf_count=46 69 50 14 45 143 4 33 20 41 105 2 11 124 35 3 21 2 18 6 16 21 2 17 10 2 7 2 39 178 2
internal_value=2.34829e-10 -0.0096261 0.0179585 -0.0050037 -0.0109968 0.0132795 0.0189331 0.013199 -0.0229302 -0.0170932 -0.000345459 -0.000439782 0.00319398 -0.00842794 0.00503084 0.00196629 -0.0170127 -0.0195609 0.0251978 0.0299252 0.030161 0.0102224 -0.03181 -0.00429846 -0.0264188 0.030991 0.0262193 0.0315961 -0.0331449 -0.00385087
internal_weight=7.08016 4.60942 2.47073 3.42087 1.47888 1.77622 1.05388 0.697616 1.18856 0.940548 0.538328 1.94199 1.3348 0.607191 0.722332 0.627047 0.713251 0.594166 0.0952857 0.694517 0.356269 0.0356401 0.475305 0.119084 0.0943266 0.658877 0.0741478 0.584729 0.380979 0.0212078
internal_count=1088 829 259 515 300 177 78 53 314 248 52 215 135 80 99 90 71 59 9 82 25 18 243 12 19 64 18 46 224 16
is_linear=0
shrinkage=0.03


Tree=80
num_leaves=31
num_cat=0
split_feature=9 9 0 9 8 5 6 2 7 12 6 8 5 11 11 7 1 12 13 10 9 6 9 10 11 8 12 1 5 9
split_gain=1.31326 0.279396 0.219467 0.091447 0.0851276 0.0850118 0.0870506 0.0784196 0.0696819 0.065213 0.111874 0.0807307 0.124081 0.063398 0.0625389 0.0574113 0.0535071 0.0417093 0.0274745 0.0457934 0.0158641 0.00813456 0.006563 0.00135012 0.0009167 0.000392142 0.000183201 8.09148e-05 3.75158e-05 2.0737e-05
threshold=0.57480000000000009 0.72810000000000008 -0.015699999999999995 -1.0000000180025095e-35 0.16480000000000003 1.0535000000000003 -0.0058499999999999984 -0.026949999999999998 0.17090000000000002 1.0418000000000003 0.13035000000000002 0.14995000000000003 0.93740000000000012 -0.26089999999999997 -0.20074999999999996 0.083550000000000013 0.14025000000000001 1.1508000000000003 0.049450000000000008 0.37125000000000002 0.62705000000000011 -0.008349999999999998 0.44170000000000004 0.16415000000000005 -0.16634999999999997 0.12785000000000005 1.0155500000000002 0.0053500000000000006 1.1244000000000003 -0.31559999999999994
decision_type=2 2 2 2 2 2 2 2 2 2 2 2 2 2 2 2 2 2 2 2 2 2 2 2 2 2 2 2 2 2
left_child=2 9 15 26 7 6 21 -5 -6 11 17 12 -2 -8 -7 23 -13 -11 19 -17 -12 -3 -20 25 -25 -1 27 -4 -16 -28
right_child=1 5 3 4 8 14 13 -9 -10 10 20 16 -14 -15 28 18 -18 -19 22 -21 -22 -23 -24 24 -26 -27 29 -29 -30 -31
leaf_value=-0.034367375720648484 -0.010181957176319159 -0.027145967752587499 -0.030140070226089902 -0.0088059895275570208 -0.024884799158776248 -0.012879302295402203 0.0020192729544646531 0.0029254061986580954 0.033127914692253478 -0.0095689176895638085 0.015673168260567992 0.034986958403570592 0.020556271923253506 0.027986004055977395 0.032791543366245818 -0.021937137031558442 -0.0086483095206529043 0.0141640466337489 -0.036027779054518108 -0.0043420418048988902 0.032679033549477328 -0.0030503462697469693 -0.022819808000053208 -0.033574126951024352 -0.024308983757899732 -0.032337371429747824 -0.030105427612655184 -0.033956048764508411 0.030926941735054909 -0.031627729484096041
leaf_weight=0.14263246458722301 0.18351726591936335 0.017457324895076454 0.0053930326830599054 1.2736536703596368 0.28333258177735832 0.097050781361758709 0.090373392216861137 0.85848157526925151 0.019946266897022724 0.15740462951362122 0.067209630273282528 0.026492312550544739 0.33203922957181931 1.329695517895743 0.021861709654331096 0.35956579027697444 0.5580952325835824 0.11558459559455514 0.078568181488662958 0.21139151544775814 0.18599499622359872 0.045408547739498206 0.059500566683709621 0.014652948302682489 0.027930991258472204 0.21434656344354153 0.010197348514338955 0.06880037669907324 0.017473644111305475 0.038308290648274124
leaf_count=46 33 18 10 185 96 5 5 63 3 20 8 2 19 121 2 40 47 12 10 18 19 32 5 7 4 171 26 25 4 32
internal_value=1.59974e-10 0.0138986 -0.0123026 -0.00747098 -0.00619782 0.0227196 0.0248042 -0.00408247 -0.0210694 0.00511561 0.0138019 0.000960991 0.00961471 0.0263335 5.38121e-05 -0.0234518 -0.00667085 0.000479703 -0.0183268 -0.0154227 0.0281651 -0.0097415 -0.0303358 -0.0325462 -0.0274971 -0.0331485 -0.0327414 -0.0336787 0.0319632 -0.0313077
internal_weight=6.91236 3.24566 3.6667 2.55811 2.43541 1.61932 1.48293 2.13214 0.303279 1.62634 0.526194 1.10014 0.515556 1.42007 0.136386 1.10859 0.584588 0.272989 0.709026 0.570957 0.253205 0.0628659 0.138069 0.399563 0.0425839 0.356979 0.122699 0.0741934 0.0393354 0.0485056
internal_count=1088 347 741 440 347 187 176 248 99 160 59 101 52 126 11 301 49 32 73 58 27 50 15 228 11 217 93 35 6 58
is_linear=0
shrinkage=0.03


Tree=81
num_leaves=31
num_cat=0
split_feature=9 0 9 10 3 10 7 6 13 10 12 5 13 5 0 6 8 0 12 2 7 1 0 10 4 13 7 4 8 0
split_gain=1.26362 0.301493 0.142778 0.0979333 0.117515 0.0934852 0.0810523 0.0700754 0.0814619 0.0645506 0.0626623 0.102638 0.0585263 0.0523186 0.0445443 0.0270504 0.0239115 0.0294771 0.0214608 0.0149721 0.0127545 0.0119164 0.0103832 0.00398248 0.0031602 0.00210226 0.00824714 0.000454884 0.000377909 1.26384e-05
threshold=0.64780000000000004 -0.013249999999999998 0.96800000000000008 0.52370000000000017 -0.68449999999999989 0.40615000000000007 0.17660000000000001 0.15730000000000002 0.16120000000000004 0.22945000000000002 0.96770000000000012 0.97135000000000005 0.072550000000000017 1.0209000000000004 0.099850000000000008 -0.0077499999999999991 0.13195000000000004 -0.057849999999999992 0.99125000000000008 -1.1954999999999998 0.17850000000000002 0.14675000000000002 0.058350000000000006 0.16415000000000005 -0.13874999999999996 0.0092500000000000013 0.074050000000000019 -0.12164999999999999 0.12785000000000005 0.055950000000000007
decision_type=2 2 2 2 2 2 2 2 2 2 2 2 2 2 2 2 2 2 2 2 2 2 2 2 2 2 2 2 2 2
left_child=1 9 6 4 13 -6 14 20 -9 23 12 -12 -5 -3 15 -2 17 -11 -18 22 -8 -16 29 28 -25 26 -21 -27 -1 -4
right_child=2 3 19 10 5 -7 7 8 -10 16 11 -13 -14 -15 21 -17 18 -19 -20 25 -22 -23 -24 24 -26 27 -28 -29 -30 -31
leaf_value=-0.034315834323188368 -0.026643139540990984 -0.0052202825087744016 -0.0026870866288210386 -0.023236174313428649 -0.032886685958706773 -0.010558118004834246 0.015353764159470611 0.0052813459906510402 0.027406037558951338 -0.026055287015841352 0.01999780549909955 -0.00098859861646757516 -0.0025644710788671745 0.019488872736346675 0.033503856083329009 0.0037980720251017805 -0.030603535017523036 -0.0044790634102580204 -0.016297538687532278 0.030895136503323439 0.032288554854184873 0.010982888815891918 0.030858494499748472 -0.029330073886279225 -0.016466884632065054 0.03294103534481041 0.0041540817575391386 0.031000094144523298 -0.032309844488874841 -0.0042889629759039613
leaf_weight=0.13839812419610076 0.027540535375010333 0.54646012539160416 0.013684752862900496 0.17494356961105939 0.28220844722818628 0.41978479700628668 0.046484746970236301 0.42558825667947531 0.23110990552231669 0.078475106507539749 0.25935673248022784 1.0962654692120848 0.41728465363848954 0.089795861858874559 0.056167971342802048 0.57036122947465639 0.15227559389313683 0.20811928517650813 0.24819356494117528 0.056506348308175691 0.28809986123815179 0.033911906182765961 0.013374371454119682 0.067007591656874865 0.023120406083762646 0.1497735851444304 0.012715555727481842 0.39600329170934856 0.21712445621960796 0.0065566459670662871
leaf_count=46 27 53 8 56 171 50 4 33 20 5 15 128 36 6 5 64 22 17 27 16 21 3 2 17 2 7 2 39 178 8
internal_value=1.06245e-10 -0.00942347 0.0178878 -0.00482275 -0.011071 -0.0195344 0.0132703 0.0187611 0.0130676 -0.0227706 -0.000529987 0.00302651 -0.00867087 -0.00173304 0.00535887 0.00239589 -0.0170028 -0.0103871 -0.0217373 0.0298425 0.0299358 0.0250255 0.0103469 -0.0316628 -0.0260303 0.0309081 0.025983 0.0315327 -0.0330907 -0.00320597
internal_weight=6.74669 4.41881 2.32788 3.2861 1.33825 0.701993 1.67926 0.991283 0.656698 1.13271 1.94785 1.35562 0.592228 0.636256 0.687982 0.597902 0.687064 0.286594 0.400469 0.648615 0.334585 0.0900799 0.0336158 0.445651 0.090128 0.614999 0.0692219 0.545777 0.355523 0.0202414
internal_count=1088 829 259 515 280 221 177 78 53 314 235 143 92 59 99 91 71 22 49 82 25 8 18 243 19 64 18 46 224 16
is_linear=0
shrinkage=0.03


Tree=82
num_leaves=30
num_cat=0
split_feature=10 9 2 7 11 12 12 6 5 6 8 13 8 4 7 11 11 12 7 8 4 12 7 10 6 4 10 8 5
split_gain=1.22937 0.316919 0.172126 0.184607 0.0906216 0.0835098 0.0741358 0.0904522 0.073471 0.0777515 0.0690523 0.0798155 0.0673109 0.0610295 0.0587879 0.0585689 0.0536375 0.0404364 0.0585646 0.0332704 0.0324317 0.0273357 0.0135655 0.0104298 0.00700821 0.004636 0.00361907 0.000478583 3.16719e-05
threshold=0.70295000000000007 0.72810000000000008 -0.031799999999999988 0.090550000000000005 -0.21609999999999999 1.0290000000000001 0.99645000000000017 0.13035000000000002 1.0535000000000003 -0.0058499999999999984 0.14605000000000004 0.08975000000000001 0.15970000000000004 -0.11894999999999999 0.17090000000000002 -0.26089999999999997 -0.20074999999999996 0.96205000000000007 0.11145000000000001 0.15290000000000001 -0.12794999999999998 0.9719000000000001 0.08030000000000001 0.58515000000000017 -0.008349999999999998 -0.13899999999999998 0.58515000000000017 0.12785000000000005 1.1244000000000003
decision_type=2 2 2 2 2 2 2 2 2 2 2 2 2 2 2 2 2 2 2 2 2 2 2 2 2 2 2 2 2
left_child=2 6 3 22 26 -6 10 19 9 24 11 -2 17 -9 23 -11 -10 20 -19 -8 -4 -12 27 -14 -3 -24 -5 -1 -18
right_child=1 8 12 4 5 -7 7 13 16 15 21 -13 14 -15 -16 -17 28 18 -20 -21 -22 -23 25 -25 -26 -27 -28 -29 -30
leaf_value=-0.034258617705129217 -0.00174210478100962 -0.02599303250629614 -0.024604102009400088 -0.034144179809579345 -0.013302724811637062 0.0043831635008725299 0.017249482811527186 0.02491035118081604 -0.0110983515057 0.0022515940233555549 -0.0043545620940928726 0.025928598052741249 -0.032252862426324504 -0.0071590920627743722 0.032990876705053643 0.027747066817186087 0.032661376511994709 -0.02557201019332804 0.017798670573287982 -0.0021907862015082104 -0.00018116853598373358 -0.019432862961283333 -0.026637279842451164 -0.017272304869683612 -0.0027308727318993168 -0.016400303355072431 -0.02205279646581295 -0.032363121158122586 0.030880545557768615
leaf_weight=0.20618968870258036 0.31484104646369837 0.015940901852445677 0.055548609932884574 0.14943925046827633 1.1178846525726838 0.3060739533684681 0.098220864310860634 0.36810140870511532 0.092834241688251495 0.086648538708686718 0.28743782616220415 0.13364239688962698 0.070663054444594309 0.062470913864672184 0.018417602404952049 1.2647843146696685 0.020214625168591627 0.03233331540832296 0.2101051420904696 0.40981164830736816 0.41099058825056989 0.17354244505986571 0.16217726122704335 0.10250056709628552 0.043363152362871804 0.05276962456991896 0.02618180331774056 0.28639798745280132 0.016184279695153236
leaf_count=100 55 18 10 42 102 33 7 36 5 5 24 10 54 5 3 121 2 9 17 47 14 15 37 20 32 7 5 249 4
internal_value=3.05266e-10 0.0126024 -0.013311 -0.0176528 -0.0120089 -0.00950122 0.00422675 0.0101414 0.0226537 0.024637 -0.00187739 0.00650341 -0.00218788 0.0202575 -0.0179657 0.0261124 0.00100369 0.00207564 0.0120144 0.00156771 -0.00308909 -0.010031 -0.0304125 -0.0233854 -0.00898373 -0.0241241 -0.0323416 -0.0331565 0.0318696
internal_weight=6.59571 3.38804 3.20767 2.30711 1.59958 1.42396 1.84807 0.938605 1.53997 1.41074 0.909464 0.448483 0.900559 0.430572 0.191581 1.35143 0.129233 0.708978 0.242438 0.508033 0.466539 0.46098 0.707535 0.173164 0.0593041 0.214947 0.175621 0.492588 0.0363989
internal_count=1088 386 702 575 182 135 199 95 187 176 104 65 127 41 77 126 11 50 26 54 24 39 393 74 50 44 47 349 6
is_linear=0
shrinkage=0.03


Tree=83
num_leaves=31
num_cat=0
split_feature=9 0 9 9 13 4 2 7 11 12 11 4 13 2 6 0 9 10 5 13 7 10 11 4 8 0 12 1 9 5
split_gain=1.16409 0.278175 0.134697 0.0973055 0.0763261 0.0750043 0.0676803 0.0582703 0.0563589 0.055288 0.0259101 0.0249121 0.0223338 0.0142156 0.0113923 0.00960447 0.00786603 0.00731283 0.00360035 0.00210722 0.00810053 0.00120171 0.000845081 0.000396041 0.000317463 0.000157916 0.000144914 6.40079e-05 1.68097e-05 1.16433e-05
threshold=0.64780000000000004 -0.015699999999999995 0.96800000000000008 -1.0000000180025095e-35 0.08975000000000001 -0.16874999999999998 -0.039149999999999997 0.083550000000000013 -0.19384999999999999 0.99285000000000012 -0.17284999999999998 -0.13554999999999998 0.049450000000000008 -1.1954999999999998 -0.0077499999999999991 0.058350000000000006 0.85210000000000019 0.58515000000000017 0.91060000000000008 0.0092500000000000013 0.074050000000000019 0.16415000000000005 -0.16634999999999997 -0.12164999999999999 0.12785000000000005 0.05315000000000001 1.0155500000000002 0.0053500000000000006 -0.31559999999999994 0.015050000000000003
decision_type=2 2 2 2 2 2 2 2 2 2 2 2 2 2 2 2 2 2 2 2 2 2 2 2 2 2 2 2 2 2
left_child=1 7 4 26 14 17 -7 21 9 -6 -10 12 -9 15 25 29 -16 -5 -13 20 -15 24 -23 -21 -1 -2 27 -3 -28 -4
right_child=2 3 13 5 8 6 -8 11 10 -11 -12 18 -14 19 16 -17 -18 -19 -20 23 -22 22 -24 -25 -26 -27 28 -29 -30 -31
leaf_value=-0.034188780890734849 -0.030239856282066612 -0.030119799066744578 -0.0035986024887491226 -0.032191819183925094 0.0014644002905922493 -0.0074016922915248664 0.0017145356003160396 -0.017186628128172076 0.032231266758650845 0.016299254422731575 0.017480558793621082 -0.013651026834069517 -0.032353949104366564 0.030857914693293898 -0.012541748033372479 0.030818580129848262 0.0030078935705988939 -0.017848568576328973 -0.0012727649048288011 0.032830085866815163 0.0036957907578441629 -0.033556888968292009 -0.024315342904521958 0.03096019749256073 -0.032264530030124416 -0.024633230141751662 -0.030087889751583906 -0.03377130056899677 -0.031573809557303309 -0.0020442152061236302
leaf_weight=0.12942182627739363 0.0058893944369629017 0.0046467056672557785 0.012678563594818115 0.074755000445293596 0.33954395260661818 1.459832752414514 1.472019967681262 0.46548789890948683 0.19897212693467736 0.67675720062106848 0.2322946349158882 0.028512174147181213 0.10756611730903387 0.052229431923478731 0.052003249875270163 0.012354494072496891 0.06700392160564661 0.055924055632203817 0.081878206692636013 0.14097104594111443 0.012187443673610687 0.013573664415162057 0.025893420446664095 0.36820364301092923 0.19110227900091559 0.019463759323116392 0.0085517719853669405 0.061541894887341186 0.034470846236217767 0.0065921372734010211
leaf_count=46 11 10 14 49 23 215 153 52 15 59 18 6 11 16 17 2 18 17 5 7 2 7 4 39 171 16 26 25 32 2
internal_value=-1.28162e-10 -0.00922844 0.0177046 -0.0048081 0.0131246 -0.00381582 -0.00282463 -0.022665 0.015199 0.011343 0.024286 -0.0175198 -0.0200336 0.0297515 -0.00767677 0.0101706 -0.00378692 -0.0260536 -0.00446988 0.0308311 0.0257189 -0.0324333 -0.0274937 0.0314779 -0.0330415 -0.0259356 -0.0326339 -0.033515 -0.0312784 -0.00306688
internal_weight=6.41232 4.21518 2.19714 3.17174 1.59193 3.06253 2.93185 1.04344 1.44757 1.0163 0.431267 0.683444 0.573054 0.605217 0.14436 0.0316252 0.119007 0.130679 0.11039 0.573592 0.0644169 0.359991 0.0394671 0.509175 0.320524 0.0253532 0.109211 0.0661886 0.0430226 0.0192707
internal_count=1088 829 259 527 177 434 368 302 115 82 33 74 63 82 62 18 35 66 11 64 18 228 11 46 217 27 93 35 58 16
is_linear=0
shrinkage=0.03


Tree=84
num_leaves=30
num_cat=0
split_feature=9 9 2 7 11 5 5 6 8 12 7 11 7 11 8 12 6 8 5 1 12 9 7 9 6 10 4 9 12
split_gain=1.12968 0.251007 0.198256 0.19526 0.0823961 0.0784262 0.062907 0.0690865 0.0570076 0.0652952 0.0729605 0.0533948 0.0530417 0.0510079 0.0458074 0.0448766 0.0858582 0.072237 0.100126 0.0407468 0.0341975 0.0157048 0.0123651 0.0110705 0.0060332 0.00513612 0.00471311 0.00150811 4.28596e-05
threshold=0.57480000000000009 0.72810000000000008 -0.031799999999999988 0.090550000000000005 -0.21609999999999999 1.0649000000000002 1.0535000000000003 -0.0058499999999999984 0.16480000000000003 0.96205000000000007 0.11145000000000001 -0.26089999999999997 0.17090000000000002 -0.20074999999999996 0.14025000000000001 1.0418000000000003 0.13035000000000002 0.14995000000000003 0.93740000000000012 0.14025000000000001 1.1508000000000003 0.62705000000000011 0.08030000000000001 0.55375000000000008 -0.008349999999999998 0.58515000000000017 -0.13899999999999998 0.53320000000000012 1.0293500000000002
decision_type=2 2 2 2 2 2 2 2 2 2 2 2 2 2 2 2 2 2 2 2 2 2 2 2 2 2 2 2 2
left_child=2 15 3 22 25 -6 7 24 9 14 -11 -9 23 -8 -4 17 20 18 -2 -19 -17 -18 27 -10 -3 -5 -24 -1 -15
right_child=1 6 8 4 5 -7 13 11 12 10 -12 -13 -14 28 -16 16 21 19 -20 -21 -22 -23 26 -25 -26 -27 -28 -29 -30
leaf_value=-0.033060258880544861 -0.0087498283996307134 -0.024742600196883228 -0.00023114933418820309 -0.03339178211478569 -0.010905315705331094 0.013914551458435561 -0.0099903485765994136 0.0027404809690843284 -0.029218309103750659 -0.027233338180767636 0.018141059581248821 0.027480997061489092 0.032908866639980029 0.033244168331202507 -0.024416049026188994 -0.0085925095026005028 0.014367527786318864 0.034672061924215472 0.020137964342061582 -0.0078393883139639669 0.013926111565578785 0.032577315654692872 -0.026625111696918412 -0.01171684665941755 -0.0023373710523012319 -0.020612597748052876 -0.016138955908800396 -0.021163796975325125 0.031052100250733957
leaf_weight=0.46342811716022048 0.16706618512398586 0.014647576725110412 0.44278421346098162 0.13674352265661571 1.3914338922477325 0.12486078304937098 0.089490755461156368 0.084059220738708862 0.09270287721301429 0.035902309784432873 0.2856723815202713 1.1892163173761217 0.017047970555722713 0.011672736145555862 0.083827835886040702 0.14386613108217705 0.060665612574666739 0.021123700775206089 0.3053444204851985 0.51535679982043803 0.10498812980949879 0.14333775802515447 0.15456631768029183 0.050111807649955153 0.041357100591994711 0.035694095073267817 0.051405604433966801 0.0097931197960861027 0.025706023909151554
leaf_count=357 33 18 15 42 134 12 5 5 63 12 22 121 3 1 19 20 8 2 19 47 12 19 37 6 32 6 7 6 5
internal_value=3.44616e-10 0.0136711 -0.0118161 -0.0165596 -0.0110962 -0.0088615 0.0224869 0.0244133 -0.000673755 0.00242348 0.0130752 0.0258477 -0.0171068 0.00230341 -0.00408098 0.00488909 0.0127349 0.00136738 0.00992191 -0.00616552 0.000907782 0.0271622 -0.0301435 -0.0230773 -0.00819728 -0.0307465 -0.024008 -0.0328141 0.0317366
internal_weight=6.29387 2.9179 3.37597 2.36793 1.68873 1.51629 1.45615 1.32928 1.00805 0.848187 0.321575 1.27328 0.159863 0.12687 0.526612 1.46175 0.452858 1.00889 0.472411 0.536481 0.248854 0.204003 0.679193 0.142815 0.0560047 0.172438 0.205972 0.473221 0.0373788
internal_count=1088 347 741 601 194 146 187 176 140 68 34 126 72 11 34 160 59 101 52 49 32 27 407 69 50 48 44 363 6
is_linear=0
shrinkage=0.03


Tree=85
num_leaves=31
num_cat=0
split_feature=9 0 9 9 4 13 5 10 11 12 6 8 7 12 4 10 6 9 10 7 0 0 13 7 1 5 8 12 1 9
split_gain=1.07728 0.267709 0.125932 0.0911844 0.0660204 0.0642399 0.0565834 0.0562952 0.051465 0.0519523 0.0361381 0.0345908 0.0252926 0.0182355 0.0174943 0.014348 0.0113548 0.00844537 0.00785952 0.00433619 0.00195005 0.0019062 0.00189786 0.0082747 0.000753732 0.000435363 0.000279621 0.00012883 5.49689e-05 1.45506e-05
threshold=0.64780000000000004 -0.015699999999999995 0.95085000000000008 -1.0000000180025095e-35 -0.16874999999999998 0.08975000000000001 1.0543500000000001 0.35635000000000006 -0.19384999999999999 1.0597500000000004 -0.0058499999999999984 0.13195000000000004 0.17660000000000001 0.96905000000000008 -0.13554999999999998 0.16415000000000005 0.013050000000000001 0.85210000000000019 0.58515000000000017 0.073350000000000012 0.057950000000000008 0.055250000000000007 0.0092500000000000013 0.074050000000000019 0.0093500000000000024 0.91720000000000013 0.12785000000000005 1.0155500000000002 0.0053500000000000006 -0.31559999999999994
decision_type=2 2 2 2 2 2 2 2 2 2 2 2 2 2 2 2 2 2 2 2 2 2 2 2 2 2 2 2 2 2
left_child=1 7 5 27 18 17 -6 15 9 -7 21 13 -10 -9 -13 26 -17 19 -5 -2 -19 -4 23 -12 -23 -24 -1 28 -3 -29
right_child=2 3 10 4 6 8 -8 11 12 -11 22 14 -14 -15 -16 16 -18 20 -20 -21 -22 24 25 -25 -26 -27 -28 29 -30 -31
leaf_value=-0.034085624651427511 -0.025175146495929616 -0.030106079183894401 -0.021534422329033728 -0.032041341185123202 -0.0047789943060540484 0.0073108770860093892 0.0059660005842137849 -0.0098858566927514935 0.016718183673527537 0.024295298670863191 0.030813279031118301 -0.023930077217236879 0.031873868876858898 0.011691579444059824 0.003729434591366185 -0.032687512108153051 -0.019888239287529967 -0.012445500264044014 -0.016614753250384966 -0.0092494978368101721 0.0028917355541125921 -0.003016290864257227 0.03092123910690877 0.00316863623461605 0.0079873437369749264 0.032831587215312943 -0.032215726645647411 -0.030077862316639378 -0.033691795096225323 -0.031538659839540621
leaf_weight=0.12140052059839934 0.024279094679514279 0.0041238535486630692 0.0041464115492999545 0.068411737898714242 2.2889342594135091 0.7494292426854372 0.54636832303367544 0.11687740276101977 0.21140801487490513 0.20681638014502823 0.059470610693097004 0.21140331588685513 0.18655376927927136 0.050472448579967022 0.022799723374191672 0.08862879010848701 0.21063315102946945 0.0087871832074597478 0.052559236180968583 0.042013461992610246 0.049434266984462738 0.018339456990361214 0.34122712002135813 0.011654488742351532 0.0080669652670621872 0.15665914164856076 0.17678246402647346 0.0075917583599220953 0.057471284759230912 0.032021829014411196
leaf_count=46 22 10 4 49 282 53 86 9 16 28 19 24 16 3 4 12 33 13 17 15 6 18 37 2 1 9 171 26 25 32
internal_value=-8.19777e-11 -0.00899838 0.0175634 -0.00459305 -0.00363445 0.0128611 -0.00270841 -0.0224811 0.0147571 0.0109843 0.0291608 -0.0137944 0.0238228 -0.00337814 -0.0212374 -0.0283195 -0.0236788 -0.00776012 -0.0253388 -0.0150821 0.000576934 -0.00262411 0.0308675 0.0262835 0.000345238 0.0315223 -0.032977 -0.0325934 -0.0334517 -0.0312587
internal_weight=6.13477 4.05648 2.07829 3.05748 2.95627 1.47872 2.8353 0.998998 1.35421 0.956246 0.599564 0.401553 0.397962 0.16735 0.234203 0.597445 0.299262 0.124514 0.120971 0.0662926 0.0582215 0.0305528 0.569011 0.0711251 0.0264064 0.497886 0.298183 0.101209 0.0615951 0.0396136
internal_count=1088 829 259 527 434 169 368 302 113 81 90 40 32 12 28 262 45 56 66 37 19 23 67 21 19 46 217 93 35 58
is_linear=0
shrinkage=0.03


Tree=86
num_leaves=31
num_cat=0
split_feature=9 0 9 12 11 9 7 4 6 7 6 5 11 11 7 5 12 4 0 6 0 10 2 11 8 7 12 12 0 1
split_gain=1.04094 0.220209 0.167613 0.087406 0.100451 0.0816226 0.0597372 0.0595212 0.058369 0.0550381 0.053947 0.0604784 0.0343043 0.0230102 0.0281594 0.0224717 0.0218971 0.0214745 0.0175328 0.00479408 0.00226259 0.00112407 0.000939195 0.000728566 0.000262206 0.000252566 0.000184389 0.000116932 0.00010298 4.97826e-05
threshold=0.61635000000000006 -0.015699999999999995 0.76160000000000017 1.04905 -0.20759999999999998 -1.0000000180025095e-35 0.17660000000000001 -0.17714999999999997 0.14935000000000004 0.083550000000000013 -0.0058499999999999984 1.0535000000000003 -0.20074999999999996 -0.25414999999999993 0.17165000000000002 0.93740000000000012 1.0352500000000002 -0.13554999999999998 -0.057849999999999992 -0.008349999999999998 -0.053049999999999993 0.16415000000000005 -0.91734999999999989 -0.16634999999999997 0.12785000000000005 0.071350000000000011 1.0597500000000004 1.0155500000000002 0.14795000000000003 0.0053500000000000006
decision_type=2 2 2 2 2 2 2 2 2 2 2 2 2 2 2 2 2 2 2 2 2 2 2 2 2 2 2 2 2 2
left_child=1 9 3 4 16 27 -6 28 -9 21 19 15 -13 14 -5 -12 -2 18 -11 25 -19 24 -21 -23 -1 -4 -15 29 -7 -3
right_child=2 5 10 13 6 7 -8 8 -10 17 11 12 -14 26 -16 -17 -18 20 -20 22 -22 23 -24 -25 -26 -27 -28 -29 -30 -31
leaf_value=-0.03403804170459384 -0.0057893921277747534 -0.030099815645922724 -0.030201410281018408 0.022699273020286431 0.0071538903017756552 -0.031041819107351258 0.032043411181012484 -0.0054114524142185655 0.0090458232362445722 -0.033477917679677199 0.023779404362019578 -0.007175921040910401 0.031737711065687201 0.034072900370951696 -0.031957022677887817 0.032982967959381167 -0.026663746527503078 -0.011833846101491382 -0.017487486994138841 -0.0037297976884648142 -0.0020276676134011874 -0.033342805057937637 0.0078984368889691049 -0.024361369518249788 -0.032196009998266627 -0.020386639272688103 0.031732663892262564 -0.031253598915220344 -0.03529110212510371 -0.033615108647179308
leaf_weight=0.11770928917394519 0.28284241724759329 0.0038800463080413952 0.003207350062439219 0.029694518074393272 0.56805319024715606 0.066903940794873829 0.10243731131777167 2.2427260808326532 0.28305511895450752 0.071024641860276461 0.60527228587307014 0.075588738545775414 0.027919288724660873 0.043693421408533939 0.011876966338604689 0.39430448040366173 0.053836065344512463 0.029392607510089874 0.47069193245260976 0.030557437858078629 0.075754134217277169 0.012209163993247785 0.0078590773046015583 0.024321700446307659 0.16998588968999684 0.008928695460781455 0.09885844960808754 0.038075539356213994 0.0055594448931515208 0.055320052080787718
leaf_count=46 26 10 6 3 59 52 7 300 48 7 86 4 5 4 6 26 5 2 56 27 9 7 3 4 171 9 15 58 2 25
internal_value=-7.85021e-11 -0.00998328 0.0156102 0.00771731 0.00424286 -0.00557048 0.0109565 -0.00456037 -0.00379128 -0.0222322 0.0237607 0.0251495 0.00332028 0.0267228 0.00708398 0.0274099 -0.00912727 -0.0171758 -0.019584 -0.00654351 -0.00476888 -0.0323202 -0.00135095 -0.0273631 -0.0329497 -0.0229805 0.03245 -0.0325506 -0.0313678 -0.0333847
internal_weight=6.01154 3.66661 2.34493 1.19129 1.00717 2.69552 0.670491 2.59824 2.52578 0.971089 1.15364 1.10308 0.103508 0.184123 0.0415715 0.999577 0.336678 0.646863 0.541717 0.0505526 0.105147 0.324226 0.0384165 0.0365309 0.287695 0.012136 0.142552 0.0972756 0.0724634 0.0592001
internal_count=1088 797 291 125 97 495 66 402 348 302 166 121 9 28 9 112 31 74 63 45 11 228 30 11 217 15 19 93 54 35
is_linear=0
shrinkage=0.03


Tree=87
num_leaves=31
num_cat=0
split_feature=9 0 9 9 3 13 10 10 11 11 11 13 11 12 6 11 4 0 6 11 9 10 4 13 7 0 1 5 8 9
split_gain=1.01114 0.2416 0.117027 0.0877946 0.0968314 0.0611694 0.0597827 0.0589782 0.0557425 0.0630632 0.057154 0.0548998 0.0482631 0.0448693 0.0332112 0.0246502 0.0201005 0.0174714 0.00807563 0.00455743 0.0045299 0.00351117 0.00250385 0.00188198 0.00809204 0.00153203 0.000650483 0.000371946 0.000253238 0.00015455
threshold=0.64780000000000004 -0.013249999999999998 0.95085000000000008 0.44475000000000003 -0.74364999999999981 0.08975000000000001 0.22945000000000002 0.40615000000000007 -0.20854999999999999 -0.24104999999999996 -0.19964999999999997 0.048550000000000003 -0.19384999999999999 1.0597500000000004 -0.0058499999999999984 -0.17284999999999998 -0.15034999999999996 -0.057849999999999992 -0.0077499999999999991 -0.18294999999999997 0.85210000000000019 0.16415000000000005 -0.13874999999999996 0.0092500000000000013 0.074050000000000019 0.055250000000000007 0.0093500000000000024 0.91720000000000013 0.12785000000000005 0.82205000000000006
decision_type=2 2 2 2 2 2 2 2 2 2 2 2 2 2 2 2 2 2 2 2 2 2 2 2 2 2 2 2 2 2
left_child=1 6 5 4 11 18 21 -6 9 -5 -10 -3 13 -7 25 -14 19 -18 29 -8 -20 28 -23 24 -16 -4 -27 -25 -1 -2
right_child=2 3 14 8 7 12 16 -9 10 -11 -12 -13 15 -15 23 -17 17 -19 20 -21 -22 22 -24 27 -26 26 -28 -29 -30 -31
leaf_value=-0.033984647069898281 -0.028136226232020826 -0.0029649552081334298 -0.019372111504233961 0.002157036062563145 -0.027549532892412722 0.007635942711511615 -0.034307121346636216 -0.010577631005671584 0.022005238194873683 -0.015664133077220189 0.0017049281096828542 0.034793639642634835 0.0321748304540014 0.024028328482364102 0.030780639556097847 0.016865786966004902 -0.02599671684628628 -0.011227892409762588 -0.011109173754151443 -0.021191602134872554 0.0016215748311439251 -0.029011777977438397 -0.016987330699957295 0.030878347208918806 0.0028066675308977538 -0.0024767444637920537 0.0079599244265531072 0.032686819902432065 -0.032162240934085297 -0.022404538393350274
leaf_weight=0.11417158806580152 0.011565923196030781 0.47571029642131191 0.0039541367441415778 0.38310093944892287 0.29575385870703041 0.724205447360873 0.054501888545928523 0.488901536911726 0.14906009566038847 0.33496219234075397 0.76755717315245398 0.03737943060696125 0.17153830034658313 0.18963363161310554 0.055309570627286919 0.21121484460309148 0.086482499726116657 0.43320308730471879 0.047386645746882894 0.042390740476548672 0.053617523051798344 0.057050645831623115 0.021443655714392662 0.31337209441699088 0.011189403012394905 0.017633273266255856 0.0077312146313488475 0.15199755551293492 0.17202104827447329 0.0066788874100893727
leaf_count=46 17 50 4 64 180 53 13 68 10 47 94 2 14 28 19 18 6 47 17 5 13 17 2 37 2 18 1 9 178 9
internal_value=-3.42756e-12 -0.00883397 0.0174876 -0.00452219 -0.0103481 0.0128924 -0.0217193 -0.0169747 0.000102897 -0.00615619 0.00500616 -0.000214179 0.0147834 0.0110376 0.029081 0.0237268 -0.0160245 -0.0136856 -0.00766917 -0.0285691 -0.00435112 -0.0313476 -0.0257269 0.0307944 0.0260736 -0.00200327 0.000704401 0.031469 -0.0328893 -0.026038
internal_weight=5.89072 3.91369 1.97703 2.93243 1.29775 1.41584 0.981265 0.784655 1.63468 0.718063 0.916617 0.51309 1.29659 0.913839 0.561187 0.382753 0.616578 0.519686 0.119249 0.0968926 0.101004 0.364687 0.0784943 0.531869 0.066499 0.0293186 0.0253645 0.46537 0.286193 0.0182448
internal_count=1088 829 259 515 300 169 314 248 215 111 104 52 113 81 90 32 71 53 56 18 30 243 19 67 21 23 19 46 224 26
is_linear=0
shrinkage=0.03


Tree=88
num_leaves=30
num_cat=0
split_feature=9 0 9 12 11 9 2 4 7 10 5 6 8 11 12 5 6 8 0 4 6 10 4 0 8 12 12 1 9
split_gain=0.971322 0.204416 0.154192 0.0792414 0.0902764 0.0762591 0.0571352 0.077302 0.0561742 0.0542744 0.0526795 0.0552078 0.0340947 0.0331968 0.0245768 0.0218305 0.0214213 0.0207108 0.0264852 0.0163767 0.00395122 0.00350223 0.00237956 0.00155522 0.000231177 0.000159215 0.000104003 4.40738e-05 1.17576e-05
threshold=0.61635000000000006 -0.015699999999999995 0.76160000000000017 1.04905 -0.20759999999999998 -1.0000000180025095e-35 -0.039149999999999997 -0.12619999999999995 0.17660000000000001 0.22945000000000002 1.0535000000000003 -0.0058499999999999984 0.16555000000000003 -0.20074999999999996 1.0352500000000002 0.93740000000000012 0.13035000000000002 0.13195000000000004 -0.057849999999999992 -0.13899999999999998 -0.008349999999999998 0.16415000000000005 -0.13874999999999996 0.049500000000000009 0.12785000000000005 1.0597500000000004 1.0155500000000002 0.0053500000000000006 -0.31559999999999994
decision_type=2 2 2 2 2 2 2 2 2 2 2 2 2 2 2 2 2 2 2 2 2 2 2 2 2 2 2 2 2
left_child=1 9 3 4 14 26 7 -7 -6 21 11 20 -8 -12 -2 -13 23 18 -11 -19 -4 24 -23 -5 -1 -18 27 -3 -28
right_child=2 5 10 16 8 6 12 -9 -10 17 13 15 -14 -15 -16 -17 25 19 -20 -21 -22 22 -24 -25 -26 -27 28 -29 -30
leaf_value=-0.033946426257698829 -0.0047225945591805119 -0.030091436981149893 -0.021015178657046212 0.013891733088043057 0.0072888879714415808 -0.0057967474135987782 0.0026646972130521473 -0.02634624337780337 0.032009212578998705 -0.02574116516812883 -0.0081259778633021602 0.023536311048522825 -0.010311364070597981 0.031677142914459964 -0.027114178485340472 0.032855843389755897 0.033924018457309302 -0.025251734110790163 -0.0042429143830014513 -0.0095823237650969496 -0.00081349416726788639 -0.028887812035537502 -0.017064697025758649 0.0017613700880253823 -0.032157483499201021 0.031674091556856694 -0.030065363179570676 -0.0335404139816321 -0.031490542220548562
leaf_weight=0.11063631209253832 0.27490432420745492 0.0035634844680324509 0.011399178561987355 0.016773893032222986 0.54681052983505674 1.1293740209803225 0.977058012416818 0.19289087233482849 0.097480154596269131 0.070522278547286987 0.07087446004152298 0.5621842974796889 0.22402453288668767 0.025695440825074911 0.052549190819263458 0.37852432345971465 0.04095167014747858 0.24237631971482188 0.19196503458078951 0.079791380325332284 0.036985886516049504 0.055512944309157319 0.021160448901355267 0.021972960792481899 0.15765106097387616 0.091674384428188205 0.0063640782900620243 0.05191416444722563 0.028724308795062825
leaf_count=46 26 10 15 4 59 168 80 73 7 5 4 86 81 5 5 26 4 35 17 9 30 17 2 3 171 17 26 25 32
internal_value=-2.27607e-10 -0.00975986 0.0155172 0.00782727 0.00451025 -0.00546285 -0.00449208 -0.00879449 0.011029 -0.0218423 0.023614 0.0256789 0.000244417 0.00246489 -0.00831596 0.0272863 0.0266359 -0.0162743 -0.0100188 -0.0213709 -0.00557287 -0.0312792 -0.0256248 0.00701272 -0.0328952 0.0323688 -0.0325104 -0.0333189 -0.0312321
internal_weight=5.77231 3.54353 2.22878 1.14312 0.971744 2.61391 2.52335 1.32226 0.644291 0.929616 1.08566 0.989094 1.20108 0.0965699 0.327454 0.940709 0.171373 0.584655 0.262487 0.322168 0.0483851 0.344961 0.0766734 0.0387469 0.268287 0.132626 0.090566 0.0554776 0.0350884
internal_count=1088 797 291 125 97 495 402 241 66 302 166 157 161 9 31 112 28 66 22 44 45 236 19 7 217 21 93 35 58
is_linear=0
shrinkage=0.03


Tree=89
num_leaves=30
num_cat=0
split_feature=10 9 2 7 11 12 8 12 6 8 2 5 6 7 4 11 11 7 0 0 8 4 7 10 6 4 10 8 12
split_gain=0.93619 0.246381 0.145965 0.160373 0.068721 0.0635824 0.0546015 0.0494339 0.0752032 0.0618864 0.0648283 0.0493071 0.0528437 0.0460637 0.0454869 0.0405225 0.0393877 0.0381785 0.0285877 0.0266431 0.0218493 0.0191302 0.0117674 0.0099892 0.00421318 0.00334811 0.00278365 0.000336966 3.06381e-05
threshold=0.70295000000000007 0.72810000000000008 -0.031799999999999988 0.090550000000000005 -0.21609999999999999 1.0290000000000001 0.15970000000000004 0.99645000000000017 0.13035000000000002 0.14605000000000004 -0.36844999999999994 1.0535000000000003 -0.0058499999999999984 0.17090000000000002 -0.11894999999999999 -0.26089999999999997 -0.20074999999999996 0.12085000000000001 0.099850000000000008 0.056650000000000006 0.15290000000000001 -0.16179999999999997 0.08030000000000001 0.58515000000000017 -0.008349999999999998 -0.13899999999999998 0.58515000000000017 0.12785000000000005 1.0293500000000002
decision_type=2 2 2 2 2 2 2 2 2 2 2 2 2 2 2 2 2 2 2 2 2 2 2 2 2 2 2 2 2
left_child=2 7 3 22 26 -6 17 9 20 10 -2 12 24 23 -10 -14 -13 21 -11 -19 -9 -4 27 -8 -3 -24 -5 -1 -18
right_child=1 11 6 4 5 -7 13 8 14 18 -12 16 15 -15 -16 -17 28 19 -20 -21 -22 -23 25 -25 -26 -27 -28 -29 -30
leaf_value=-0.034042378042869581 -0.014217326905323102 -0.02173559744444498 -0.029596935734764927 -0.032988434900628749 -0.012520440235193468 0.0038810040771182709 -0.032462896207749233 0.015193035386094299 0.024433541523807341 -0.015155923731801316 0.014370453427963574 -0.0084040495437805954 0.00418340539019989 0.032809416127113473 -0.0055934982906001053 0.026889735159151874 0.032958427659911894 0.025178753100583564 0.0015474727075071582 0.0020154316645896076 -0.0020179677129543777 -0.00099197063985580116 -0.026211318140234086 -0.016320144916703166 -0.0014244815665077945 -0.017045619763563682 -0.021060443308615551 -0.032250939204844543 0.030930172738802823
leaf_weight=0.16425917659944422 0.093922580126672983 0.012237553251907229 0.022024115547537804 0.11865316826151673 0.99716595013160236 0.27040900688734837 0.056732406752416864 0.081884106621146202 0.30012117372825742 0.26013782760128379 0.29759947489947103 0.078615447506308556 0.076015219092368969 0.014864799566566944 0.053498751483857632 1.0186747431289402 0.009831833653151878 0.091849787160754204 0.14286037348210812 0.087045662745367736 0.35071054997388273 0.47170198847015843 0.14119798291358165 0.088036277971696109 0.036926476110238471 0.048082714929478243 0.020677054882980883 0.22250659158453345 0.021061493083834648
leaf_count=100 41 18 3 42 102 33 54 7 36 24 24 5 5 3 5 121 1 7 15 10 47 30 37 20 32 7 5 249 5
internal_value=-2.11404e-10 0.0121718 -0.0122534 -0.016679 -0.0112198 -0.00902156 -0.00170912 0.00429539 0.00962857 -0.000982033 0.0075125 0.0221054 0.0239465 -0.0174823 0.0198908 0.025313 0.00287456 0.00203433 -0.00923467 0.0139081 0.00123983 -0.00226798 -0.0300122 -0.0226462 -0.00648018 -0.023883 -0.0312183 -0.0330118 0.0315757
internal_weight=5.6493 2.8341 2.81521 1.98295 1.40691 1.26757 0.832255 1.58073 0.786215 0.79452 0.391522 1.25336 1.14385 0.159633 0.35362 1.09469 0.109509 0.672622 0.402998 0.178895 0.432595 0.493726 0.576046 0.144769 0.049164 0.189281 0.13933 0.386766 0.0308933
internal_count=1088 386 702 575 182 135 127 199 95 104 65 187 176 77 41 126 11 50 39 17 54 33 393 74 50 44 47 349 6
is_linear=0
shrinkage=0.03


Tree=90
num_leaves=31
num_cat=0
split_feature=9 0 9 10 3 10 7 13 9 11 11 12 11 12 11 0 6 11 4 10 6 11 9 13 7 0 1 5 8 9
split_gain=0.905204 0.213909 0.106577 0.0778662 0.0850129 0.0614514 0.059482 0.0569119 0.0494066 0.0459699 0.055905 0.0507081 0.0427355 0.0427201 0.0367268 0.0478865 0.0295307 0.0228874 0.0207132 0.0105644 0.00664554 0.00637723 0.00348715 0.00193896 0.00807557 0.00122226 0.000709788 0.000306944 0.00020922 0.000201377
threshold=0.64780000000000004 -0.013249999999999998 0.95085000000000008 0.56900000000000006 -0.74364999999999981 0.40615000000000007 0.093700000000000019 0.08975000000000001 0.39610000000000006 -0.20854999999999999 -0.24104999999999996 0.9467000000000001 -0.19384999999999999 0.99285000000000012 -0.16264999999999999 -0.057849999999999992 -0.0058499999999999984 -0.17284999999999998 -0.13554999999999998 0.16415000000000005 -0.0077499999999999991 -0.16104999999999997 0.85210000000000019 0.0092500000000000013 0.074050000000000019 0.055250000000000007 0.0093500000000000024 0.91720000000000013 0.12785000000000005 0.82205000000000006
decision_type=2 2 2 2 2 2 2 2 2 2 2 2 2 2 2 2 2 2 2 2 2 2 2 2 2 2 2 2 2 2
left_child=1 6 7 4 8 -6 19 20 -3 10 -5 -11 13 -9 18 -16 25 -14 -8 28 29 -21 -22 24 -18 -4 -27 -25 -1 -2
right_child=2 3 16 9 5 -7 14 12 -10 11 -12 -13 17 -15 15 -17 23 -19 -20 21 22 -23 -24 27 -26 26 -28 -29 -30 -31
leaf_value=-0.033848269924030804 -0.027949384665355355 -0.0026216098915700426 -0.017730703900442995 0.002641467483924684 -0.027395811414221059 -0.009821682169823532 -0.024388545150298493 0.0019083995538364323 0.034569482478695707 -0.0099798006741275095 -0.015171526834513971 0.0087191815536072949 0.03207070052653644 0.015986587870060919 -0.022901395650863757 0.0090294015719952023 0.030733305840728527 0.016675316818210658 -0.00466552556210995 -0.019412893202478295 -0.010836430661879495 -0.030698815284345309 0.00069164419599449304 0.030828172360137657 0.0018158212500696584 -0.0023889192364759649 0.0088591550725747158 0.032543624725727242 -0.03210774841795444 -0.021032898142326242
leaf_weight=0.10396218611276742 0.010375163197750226 0.46728062754846189 0.0035818552132695905 0.3389534552115947 0.272106152799097 0.52374686420080252 0.22734654502710328 0.29908000538125612 0.034522787667810917 0.16253406525356673 0.29796241479925811 0.66269960533827543 0.15539463795721531 0.55209090374410152 0.067699532024562359 0.11253534129355103 0.049276265315711387 0.19719019345939159 0.060722762020304799 0.12300892523489892 0.04444216121919442 0.071110259625129402 0.050393948797136545 0.27932528965175152 0.0105528449639678 0.016412817873060703 0.0072925183922052375 0.14139193389564753 0.15457060541666579 0.0059678597899619481
leaf_count=46 17 46 4 56 180 80 37 23 2 49 45 57 14 58 5 10 19 18 7 20 17 11 13 37 2 18 1 9 178 9
internal_value=2.50099e-10 -0.00856191 0.0172893 -0.00438411 -0.00973311 -0.0158304 -0.0210814 0.0127812 -6.29581e-05 0.000363116 -0.00569182 0.00503632 0.0146779 0.0110399 -0.0135857 -0.00296439 0.0289622 0.0234605 -0.0202311 -0.0288363 -0.00775542 -0.0235472 -0.00471065 0.0306861 0.0256327 -0.00139671 0.00107135 0.0314047 -0.0328077 -0.0254237
internal_weight=5.50353 3.68076 1.82277 2.75981 1.29766 0.795853 0.920956 1.31493 0.501803 1.46215 0.636916 0.825234 1.20376 0.851171 0.468304 0.180235 0.507834 0.352585 0.288069 0.452652 0.111179 0.194119 0.0948361 0.480546 0.0598291 0.0272872 0.0237053 0.420717 0.258533 0.016343
internal_count=1088 829 259 515 308 260 314 169 48 207 101 106 113 81 59 15 90 32 44 255 56 31 30 67 21 23 19 46 224 26
is_linear=0
shrinkage=0.03


Tree=91
num_leaves=31
num_cat=0
split_feature=9 0 9 12 11 9 10 7 4 5 6 5 11 11 5 12 1 9 4 10 0 5 7 7 8 9 9 0 12 1
split_gain=0.868737 0.182253 0.137212 0.0702586 0.0806992 0.0633648 0.0570617 0.0506682 0.047914 0.0504125 0.042738 0.0487608 0.0281745 0.0266618 0.0212863 0.0201404 0.0426367 0.0200748 0.0152331 0.0149351 0.0147011 0.0108097 0.00400468 0.00101399 0.000197929 0.000147982 0.00014497 9.42684e-05 8.63222e-05 3.85187e-05
threshold=0.61635000000000006 -0.013249999999999998 0.76160000000000017 1.04905 -0.20759999999999998 -1.0000000180025095e-35 0.35635000000000006 0.17660000000000001 -0.17714999999999997 1.0576000000000001 -0.0058499999999999984 1.0535000000000003 -0.16014999999999999 -0.20074999999999996 0.93740000000000012 1.1464000000000001 0.16455000000000003 0.73615000000000008 -0.13554999999999998 0.16415000000000005 -0.053049999999999993 0.94705000000000006 0.072550000000000017 0.075150000000000008 0.12785000000000005 0.63225000000000009 0.95985000000000009 0.14795000000000003 1.0216500000000004 0.0053500000000000006
decision_type=2 2 2 2 2 2 2 2 2 2 2 2 2 2 2 2 2 2 2 2 2 2 2 2 2 2 2 2 2 2
left_child=1 6 3 4 17 28 19 -6 27 -10 22 14 18 -13 -12 25 -17 -2 -8 24 -14 -21 26 -24 -1 -5 -4 -7 29 -3
right_child=2 5 10 15 7 8 12 -9 9 -11 11 13 20 -15 -16 16 -18 -19 -20 21 -22 -23 23 -25 -26 -27 -28 -29 -30 -31
leaf_value=-0.03381727836430258 -0.0047178285868769189 -0.030078851115655472 -0.030161207245972113 0.034521389550299895 0.007429420593504322 -0.030760321966046826 -0.022052189085051375 0.031918094036388164 -0.0055833178181726372 0.0066329603414315482 0.023045383696964388 -0.0059977489856959925 -0.0098614874531722865 0.03158108596887766 0.032690885565332527 -0.031651136700788424 0.032514555292760677 -0.02673149143006668 -0.0046179040806160103 -0.034479219369300908 0.010751750955446799 -0.019527748925477061 -0.0037944576069549739 0.008790214094271543 -0.032095915793921494 0.032058931654767545 -0.02160347241193708 -0.035177849047454038 -0.03121872303579442 -0.033555677410254448
leaf_weight=0.10078455119219176 0.26463555451482534 0.0030751148296993538 0.0036111752851867287 0.029291625134646893 0.5133047206909398 0.053999957061024229 0.19264351786114275 0.089264487382024527 1.9470548541867168 0.36027545225806523 0.51300764805637278 0.066416044719517231 0.069165921770036221 0.022833939641714096 0.3439937517978251 0.015128327999264002 0.02427544561214745 0.043396821245551109 0.058894131041597575 0.054720024374546483 0.056636439694557339 0.21262855883105658 0.030378754483535886 0.0071111056022346011 0.14899430821242277 0.087800534442067146 0.0035163448192179203 0.0047282874584197989 0.028589214853127487 0.042537217523204163
leaf_count=46 28 10 9 3 59 51 26 7 266 78 86 4 5 5 26 3 9 3 6 12 6 35 21 6 178 13 9 2 53 23
internal_value=-2.43559e-10 -0.00945914 0.0153276 0.00786301 0.00467179 -0.00521301 -0.0210433 0.0110572 -0.00435692 -0.00367582 0.0233664 0.0247193 -0.0121729 0.00361651 0.026917 0.0264317 0.00787936 -0.0078192 -0.0179702 -0.0275159 -0.000581372 -0.022588 -0.0053263 -0.00140739 -0.0327905 0.0326749 -0.0259393 -0.031116 -0.0325112 -0.0333213
internal_weight=5.39269 3.33473 2.05797 1.0671 0.910602 2.44026 0.894467 0.602569 2.36606 2.30733 0.990869 0.946251 0.37734 0.08925 0.857001 0.156496 0.0394038 0.308032 0.251538 0.517127 0.125802 0.267349 0.0446174 0.0374899 0.249779 0.117092 0.00712752 0.0587282 0.0742015 0.0456123
internal_count=1088 797 291 125 97 483 314 66 397 344 166 121 43 9 112 28 12 31 32 271 11 47 45 27 224 16 18 53 86 33
is_linear=0
shrinkage=0.03


Tree=92
num_leaves=31
num_cat=0
split_feature=9 0 9 9 1 5 4 10 13 4 12 13 1 6 4 0 5 11 6 11 10 9 4 13 7 0 4 5 9 8
split_gain=0.838758 0.206921 0.100036 0.0712161 0.0679968 0.0829155 0.0698806 0.054146 0.0529438 0.0514293 0.0438602 0.0394837 0.0472218 0.0283213 0.0161771 0.0148467 0.0120363 0.00988665 0.00595001 0.00470513 0.00336691 0.00312268 0.00226912 0.00190921 0.00780395 0.00157334 0.000619734 0.000267951 0.00023975 0.000184465
threshold=0.64780000000000004 -0.013249999999999998 0.95085000000000008 0.48210000000000003 0.13825000000000001 0.97560000000000013 -0.15214999999999998 0.22945000000000002 0.08975000000000001 -0.15609999999999999 0.99595000000000011 0.16120000000000004 0.14795000000000003 -0.0058499999999999984 -0.15034999999999996 -0.057849999999999992 0.93000000000000005 -0.18554999999999996 -0.0077499999999999991 -0.18294999999999997 0.16415000000000005 0.85210000000000019 -0.13874999999999996 0.0092500000000000013 0.074050000000000019 0.055250000000000007 -0.0022499999999999998 0.91720000000000013 0.82205000000000006 0.12785000000000005
decision_type=2 2 2 2 2 2 2 2 2 2 2 2 2 2 2 2 2 2 2 2 2 2 2 2 2 2 2 2 2 2
left_child=1 7 8 4 5 -3 -6 20 18 17 -11 12 -10 25 19 -16 -13 -5 28 -9 29 -20 -22 24 -15 -4 -27 -25 -2 -1
right_child=2 3 13 9 6 -7 -8 14 11 10 -12 16 -14 23 15 -17 -18 -19 21 -21 22 -23 -24 27 -26 26 -28 -29 -30 -31
leaf_value=-0.033765685129716817 -0.02768281523153733 -0.0069228339495183222 -0.020418129055345811 -0.021065921543560469 -0.0053475658253217895 0.02101208294844633 -0.025797002966107117 -0.033876957467324671 0.02021102949999987 -0.0030395749790136338 0.0088618980319023922 0.015958521594618427 0.00668931340036036 0.030707663197114241 -0.025177397479126486 -0.010941588088289707 0.032684564416356483 -0.0024000798351399288 -0.010535298576082888 -0.019736859884069528 -0.028695859767664235 0.00058616237603909156 -0.016728686028534809 0.030800006075885133 0.001651479743248343 0.0088335792158419062 -0.0018857246672888033 0.032456539995232514 -0.019894001486313519 -0.032074504022451267
leaf_weight=0.097537011839449739 0.0097087256144732237 0.71168986485281516 0.0034194213803857556 0.10207222413737327 0.27786920042126451 0.11047130869701505 0.32783666455361515 0.046835689776344225 0.39078334020450689 0.53710974617570151 0.57921356591396034 0.056298764422535896 0.57368411496281624 0.04587687226012338 0.07908405177295208 0.396512031002203 0.1240184516645968 0.034060553880408295 0.042761581717058905 0.038662392180413008 0.049995141613180749 0.048485560342669487 0.019950184971094131 0.26136078219860792 0.010161894373595715 0.0070021450519561759 0.015823978930711746 0.13240044889971614 0.0056131779856514194 0.14336766982160043
leaf_count=46 17 109 4 27 108 7 105 13 40 76 77 4 52 19 6 47 17 6 17 5 17 13 2 37 2 4 15 9 9 178
internal_value=1.56446e-10 -0.00833834 0.0171472 -0.00420862 -0.0087885 -0.0031693 -0.0164158 -0.021033 0.0126943 0.00101269 0.0031356 0.0145771 0.012168 0.0288521 -0.0154686 -0.0133088 0.0274623 -0.0163957 -0.00753051 -0.0274828 -0.0310769 -0.00462574 -0.0252825 0.0306197 0.0254387 -0.00144039 0.00140253 0.031357 -0.0248294 -0.0327592
internal_weight=5.27967 3.55227 1.7274 2.68032 1.42787 0.822161 0.605706 0.871944 1.25135 1.25246 1.11632 1.14478 0.964467 0.476046 0.561094 0.475596 0.180317 0.136133 0.106569 0.0854981 0.31085 0.0912471 0.0699453 0.4498 0.0560388 0.0262455 0.0228261 0.393761 0.0153219 0.240905
internal_count=1088 829 259 515 329 116 213 314 169 186 153 113 92 90 71 53 21 33 56 18 243 30 19 67 21 23 19 46 26 224
is_linear=0
shrinkage=0.03


Tree=93
num_leaves=30
num_cat=0
split_feature=9 2 9 9 12 11 7 4 6 7 5 13 9 11 0 4 11 12 12 1 11 7 6 9 9 7 12 11 11
split_gain=0.810288 0.170939 0.126343 0.0677616 0.064959 0.0700366 0.0535257 0.0518086 0.0511911 0.0487437 0.0419699 0.0471491 0.0368583 0.030025 0.0314302 0.0261776 0.0260081 0.0191655 0.0184789 0.0390698 0.0141651 0.0090812 0.00639663 0.00140522 0.000128046 8.98943e-05 7.69488e-05 3.06081e-05 9.12483e-06
threshold=0.61635000000000006 -0.54934999999999989 0.76160000000000017 -1.0000000180025095e-35 1.04905 -0.20759999999999998 0.093700000000000019 -0.17714999999999997 0.14935000000000004 0.17660000000000001 1.0535000000000003 0.0092500000000000013 1.2077000000000002 -0.16584999999999997 -0.057849999999999992 -0.13554999999999998 -0.20074999999999996 1.0352500000000002 1.1464000000000001 0.16455000000000003 -0.26089999999999997 0.08030000000000001 0.013050000000000001 0.53320000000000012 0.63225000000000009 0.12085000000000001 1.0155500000000002 -0.15424999999999997 -0.22944999999999996
decision_type=2 2 2 2 2 2 2 2 2 2 2 2 2 2 2 2 2 2 2 2 2 2 2 2 2 2 2 2 2
left_child=1 6 4 26 5 17 21 25 -9 -7 11 12 -4 15 -15 -8 -12 -2 24 -20 -13 23 -23 -1 -6 -5 27 -3 -28
right_child=2 3 10 7 18 9 13 8 -10 -11 16 20 -14 14 -16 -17 -18 -19 19 -21 -22 22 -24 -25 -26 -27 28 -29 -30
leaf_value=-0.032982982023850554 -0.0037858176260006388 -0.033933086562747489 -0.0041846187562551472 -0.032525271451484608 0.034361845438087797 0.0072981794255443109 -0.029149358138732661 -0.0052377354113804387 0.0092432991768892012 0.031881079565323205 -0.0069448738284520438 0.013626499901287304 0.030644755036327208 -0.021285615107823331 0.0051695019760943798 -0.0045797269678868957 0.031526699387679477 -0.024954965453871131 -0.031529352036218899 0.032402981751517339 0.029289810655690522 -0.033848419577539549 -0.020275815152647134 -0.021572959710415632 0.031991923119583814 -0.030249364126483103 -0.030047213868277522 -0.032284855920181016 -0.031444742916157863
leaf_weight=0.23560577987518616 0.24937352770939469 0.020656024338677526 0.0791206975118256 0.029148375950172389 0.027294970117509365 0.49529262055875711 0.1261534295626916 2.0525092513853456 0.24604046947206359 0.0850599673576653 0.061949500814080238 0.056311002932488807 0.041788287227973342 0.062590831890702248 0.11409121070755646 0.056510539434384555 0.021236551459878683 0.045516044832766056 0.013941621873527765 0.022465484915301204 0.6729722758755089 0.041072524370974861 0.13069258850009646 0.010132114955922589 0.082641832996159792 0.033652413752861321 0.0047527974820695809 0.019917864352465009 0.036468507794779725
leaf_count=236 26 7 49 34 3 59 23 278 48 7 4 4 17 5 10 6 5 5 3 9 87 10 19 11 13 23 27 13 47
internal_value=-5.65842e-11 -0.00924974 0.0152351 -0.00535204 0.00794525 0.00485192 -0.0215078 -0.00442217 -0.00368766 0.0109012 0.0232139 0.0252038 0.00785303 -0.0130197 -0.00420241 -0.0215483 0.00287653 -0.00705326 0.0264456 0.00792094 0.0280804 -0.0288134 -0.0235213 -0.0325125 0.0325803 -0.0313057 -0.0321965 -0.033124 -0.0312836
internal_weight=5.17496 3.21999 1.95496 2.44315 1.02159 0.875242 0.776849 2.36135 2.29855 0.580353 0.933378 0.850192 0.120909 0.359346 0.176682 0.182664 0.0831861 0.29489 0.146344 0.0364071 0.729283 0.417503 0.171765 0.245738 0.109937 0.0628008 0.0817952 0.0405739 0.0412213
internal_count=1088 797 291 477 125 97 320 383 326 66 166 157 66 44 15 29 9 31 28 12 91 276 29 247 16 57 94 20 74
is_linear=0
shrinkage=0.03


Tree=94
num_leaves=30
num_cat=0
split_feature=9 0 9 9 2 0 13 10 11 12 11 4 2 1 11 0 13 10 5 2 5 9 0 13 7 4 13 8 0
split_gain=0.782377 0.197487 0.0930227 0.0727983 0.0661502 0.0767875 0.0543663 0.0524562 0.0507219 0.0615012 0.0569425 0.0484937 0.0392012 0.0353322 0.0234097 0.0148873 0.0137965 0.0134014 0.0124946 0.0107887 0.00853707 0.0079375 0.00612235 0.00196682 0.00660712 0.000198343 0.00018185 0.000164164 1.21384e-05
threshold=0.64780000000000004 -0.013249999999999998 0.96800000000000008 0.48210000000000003 -0.026949999999999998 0.036150000000000009 0.16120000000000004 0.35635000000000006 -0.20759999999999998 0.97305000000000008 -0.24104999999999996 -0.11339999999999999 -0.024199999999999996 0.14795000000000003 -0.16014999999999999 -0.055899999999999991 0.048550000000000003 0.16415000000000005 0.94705000000000006 -1.1954999999999998 0.93000000000000005 0.85210000000000019 0.058350000000000006 0.0092500000000000013 0.074050000000000019 -0.16304999999999997 0.16400000000000003 0.12785000000000005 0.055950000000000007
decision_type=2 2 2 2 2 2 2 2 2 2 2 2 2 2 2 2 2 2 2 2 2 2 2 2 2 2 2 2 2
left_child=1 7 6 4 5 -3 11 17 10 -10 -5 13 -6 -2 16 -16 -9 27 -19 22 -8 -13 28 24 -21 -25 -22 -1 -4
right_child=2 3 19 8 12 -7 20 14 9 -11 -12 21 -14 -15 15 -17 -18 18 -20 23 26 -23 -24 25 -26 -27 -28 -29 -30
leaf_value=-0.033683173471312458 0.019500922420250724 -0.0097369697596147858 -0.0010886133910918672 0.0030164778794942696 0.026113714737944653 -0.032993991596508641 0.019002024371984977 -0.011983554026151566 -0.0016872918990025866 0.016493861836573271 -0.016753063726422823 -0.016049407637256121 -0.0034925699310519431 0.007561154167444125 -0.013901777338197028 0.0074853577340256378 -0.026969250399003247 -0.035478052856379637 -0.019174240261623114 0.030689157975254462 0.035688800247526943 -0.00030486698848945104 0.030633433010240851 0.032736805064696853 0.0026890257744273732 0.030889973628685976 0.032055807693930002 -0.032030359023004759 -0.002895564424092239
leaf_weight=0.091334808807005508 0.38000877061858751 0.61294137152435735 0.010336456820368767 0.30137497885152698 0.043293538532452658 0.16141645188326947 0.06492029596120108 0.14620396186364815 0.35864466750354018 0.31410153722390532 0.23211654217448086 0.057427439198363572 0.57269578558043588 0.54007956036366522 0.05009129736572504 0.070546427392400801 0.088918631430715322 0.053684987826272845 0.19955965840199497 0.034329910995438584 0.014014452695846558 0.057846721261739731 0.0080649228766560555 0.064112803898751736 0.0097355451434850693 0.28492910112254322 0.10765185439959168 0.13260998687474057 0.0049473368562757978
leaf_count=46 37 160 8 58 6 79 5 18 57 30 41 40 84 51 4 7 14 12 35 16 1 26 2 3 2 43 17 178 8
internal_value=-1.43985e-10 -0.00814717 0.0170538 -0.00406979 -0.0087486 -0.0145849 0.0128806 -0.0208577 0.00132315 0.00680139 -0.00558504 0.0101943 -0.00141175 0.0124924 -0.0121385 -0.00139503 -0.0176508 -0.0273582 -0.0226305 0.0292984 0.0277868 -0.0081485 0.00948568 0.0304752 0.024503 0.0312292 0.0324743 -0.0327045 -0.00167352
internal_weight=5.06794 3.42953 1.63841 2.59658 1.39035 0.774358 1.22195 0.83295 1.20624 0.672746 0.533492 1.03536 0.615989 0.920088 0.35576 0.120638 0.235123 0.477189 0.253245 0.416456 0.186587 0.115274 0.0233487 0.393107 0.0440655 0.349042 0.121666 0.223945 0.0152838
internal_count=1088 829 259 515 329 239 177 314 186 87 99 154 90 88 43 11 32 271 47 82 23 66 18 64 18 46 18 224 16
is_linear=0
shrinkage=0.03


Tree=95
num_leaves=31
num_cat=0
split_feature=9 9 0 9 8 2 7 9 1 6 12 6 8 5 1 12 7 11 0 9 2 0 0 10 11 0 13 10 12 11
split_gain=0.764514 0.163787 0.146198 0.0657366 0.0538845 0.0621209 0.0422058 0.0412189 0.054427 0.053356 0.0251333 0.0597835 0.0481254 0.0762657 0.027876 0.0243515 0.0233373 0.0298891 0.020808 0.0109762 0.0107885 0.00860784 0.00599565 0.00501258 0.00540106 0.00309075 0.00190083 0.000140547 8.41685e-05 3.15099e-05
threshold=0.57480000000000009 0.72810000000000008 -0.025799999999999997 -1.0000000180025095e-35 0.16480000000000003 -0.031799999999999988 0.17090000000000002 0.96800000000000008 0.13125000000000003 0.15730000000000002 1.0418000000000003 0.13035000000000002 0.14995000000000003 0.93740000000000012 0.14025000000000001 1.1508000000000003 0.093700000000000019 -0.16584999999999997 -0.057849999999999992 0.62705000000000011 -1.1954999999999998 0.050350000000000006 0.058350000000000006 0.16415000000000005 -0.15684999999999996 -0.028999999999999995 0.0092500000000000013 -0.19744999999999999 1.0155500000000002 -0.16634999999999997
decision_type=2 2 2 2 2 2 2 2 2 2 2 2 2 2 2 2 2 2 2 2 2 2 2 2 2 2 2 2 2 2
left_child=2 10 16 28 5 -5 -6 8 21 -10 12 15 13 -2 -14 -12 23 25 -19 -13 22 -3 -9 27 -25 -18 -22 -1 29 -4
right_child=1 7 3 4 6 -7 -8 20 9 -11 11 19 14 -15 -16 -17 17 18 -20 -21 26 -23 -24 24 -26 -27 -28 -29 -30 -31
leaf_value=-0.031786317849886302 -0.007805518294171615 0.032648915047803685 -0.034212023377827278 -0.0088130937917217378 -0.024109442508690751 0.0022504438063790447 0.032646192254211302 -0.0018728549272888037 0.032172386279939916 0.013130954636523723 -0.0080082672635054201 0.014732866227438912 0.034195470241522918 0.020214785416131951 -0.0057511478513559413 0.013741020736782215 -0.03397719054285929 -0.022553388703202958 0.00025359153857260877 0.032177117789314084 0.024475966638780315 -0.0058088429036133073 0.030619842040064287 -0.020704170141375842 -0.033830887883682825 -0.018015603217416375 0.031211157262793939 -0.033442349129426591 -0.03126097622332815 -0.032664139640343863
leaf_weight=0.078770558830001391 0.13530263924621999 0.005554146133363024 0.017436782698496245 1.1629259089095292 0.1927943091286578 0.75221181981032614 0.012560517061501741 0.015009333845227957 0.21941850427538157 0.33411741210147738 0.11051693395711482 0.048031094600446522 0.016330409329384565 0.24704871885478497 0.42211629473604262 0.079775866586714983 0.070694159367121756 0.061016040854156017 0.087823971640318632 0.10015575704164803 0.042467204155400395 0.092034853820223361 0.0077500976622104636 0.084979176361230202 0.042229093378409743 0.01291254220996052 0.33684292680118233 0.11128866401122683 0.034185688913566992 0.036850720440271156
leaf_count=122 33 1 6 216 98 64 3 16 20 35 20 8 2 19 47 12 15 5 7 19 18 49 2 18 6 3 46 75 69 34
internal_value=5.83771e-11 0.013137 -0.0105359 -0.00709074 -0.00603363 -0.00446765 -0.020638 0.0217007 0.017037 0.0206789 0.00535697 0.0122356 0.00252035 0.0102992 -0.00426329 0.00110962 -0.0243801 -0.0171586 -0.00909599 0.026523 0.0292533 -0.00362007 0.00919164 -0.029671 -0.0250618 -0.031512 0.0304571 -0.032756 -0.032427 -0.0331613
internal_weight=4.97115 2.21247 2.75868 2.20897 2.12049 1.91514 0.205355 1.05319 0.651125 0.553536 1.15928 0.33848 0.820798 0.382351 0.438447 0.190293 0.549714 0.232447 0.14884 0.148187 0.40207 0.097589 0.0227594 0.317267 0.127208 0.0836067 0.37931 0.190059 0.0884732 0.0542875
internal_count=1088 347 741 490 381 280 101 187 105 55 160 59 101 52 49 32 251 30 12 27 82 50 18 221 24 18 64 197 109 40
is_linear=0
shrinkage=0.03


Tree=96
num_leaves=30
num_cat=0
split_feature=9 0 9 9 1 5 5 13 10 11 12 11 4 4 4 0 2 5 9 0 11 10 13 7 4 4 13 8 5
split_gain=0.733244 0.188853 0.0853112 0.0663305 0.061282 0.0714032 0.0603191 0.0504229 0.0482383 0.0448925 0.0578504 0.0510758 0.0418458 0.0323349 0.0131886 0.013892 0.0104914 0.00819145 0.00739711 0.00600016 0.0038415 0.0028668 0.00196073 0.00636297 0.00161996 0.000206307 0.00015741 0.000144431 1.15631e-05
threshold=0.64780000000000004 -0.013249999999999998 0.96800000000000008 0.48210000000000003 0.13825000000000001 0.97560000000000013 1.0658500000000004 0.16120000000000004 0.22945000000000002 -0.20759999999999998 0.97305000000000008 -0.24104999999999996 -0.11339999999999999 -0.13434999999999997 -0.15034999999999996 -0.057849999999999992 -1.1954999999999998 0.93000000000000005 0.85210000000000019 0.058350000000000006 -0.18294999999999997 0.16415000000000005 0.0092500000000000013 0.074050000000000019 -0.13874999999999996 -0.16304999999999997 0.16400000000000003 0.12785000000000005 0.015050000000000003
decision_type=2 2 2 2 2 2 2 2 2 2 2 2 2 2 2 2 2 2 2 2 2 2 2 2 2 2 2 2 2
left_child=1 8 7 4 5 -3 -6 12 21 11 -11 -5 13 -2 20 -16 19 -9 -14 28 -10 27 23 -18 -23 -24 -19 -1 -4
right_child=2 3 16 9 6 -7 -8 17 14 10 -12 -13 18 -15 15 -17 22 26 -20 -21 -22 24 25 -25 -26 -27 -28 -29 -30
leaf_value=-0.033595052974782338 0.0070123720164881956 -0.0066169865316605039 -0.0024639616386915217 0.0030142096907550633 -0.022340891434671831 0.020102056583911176 -0.00051901564342747997 0.018880982791026856 -0.033178709717031275 -0.0018119285210096319 0.016137775506157689 -0.01609278248522027 -0.014984121012271421 0.018513783848966157 -0.02529837714207785 -0.011038632704616842 0.030657454631568312 0.035476270767100727 0.00057732598559586377 0.030607320608028503 -0.019681631433213869 -0.028487792855166397 0.032700855605453528 0.0023743746561767135 -0.018033388636144853 0.030811111254264126 0.031993824993362008 -0.031994111535235972 -0.00069713412242357439
leaf_weight=0.086201714191702528 0.46321936859749246 0.68747859215363882 0.0097487405873835087 0.28738877776777372 0.39860868290270446 0.10357771161943674 0.1596671530714957 0.062145396135747433 0.040872098150430247 0.3479312329291131 0.30174189666286111 0.22409804526250809 0.054612970416201168 0.41897746431641281 0.073745599016547203 0.36989725512103178 0.031351458514109143 0.013190120458602905 0.055359681544359773 0.0078307799994945526 0.03543030540458858 0.045234326040372252 0.065063504502177238 0.0092773884534835815 0.018919088877737522 0.2588305895915255 0.10214629443362355 0.1232038349553477 0.0050661666318774232
leaf_count=46 47 109 14 58 126 7 87 5 13 57 30 41 40 41 6 47 16 1 26 2 5 17 3 2 2 43 17 178 2
internal_value=-7.88545e-11 -0.00799817 0.0169743 -0.00396582 -0.00848943 -0.0031185 -0.0160998 0.0129339 -0.0207557 0.00129087 0.00652484 -0.00535715 0.0102994 0.0124747 -0.0153905 -0.013409 0.0291806 0.0276612 -0.00715057 0.00936721 -0.0269115 -0.0309533 0.0304115 0.0241992 -0.0254047 0.0311907 0.0323921 -0.0326531 -0.00185977
internal_weight=4.86082 3.304 1.55682 2.51049 1.34933 0.791056 0.558276 1.16965 0.793504 1.16116 0.649673 0.511487 0.992169 0.882197 0.519945 0.443643 0.387169 0.177482 0.109973 0.0226457 0.0763024 0.273559 0.364523 0.0406288 0.0641534 0.323894 0.115336 0.209406 0.0148149
internal_count=1088 829 259 515 329 116 213 177 314 186 87 99 154 88 71 53 82 23 66 18 18 243 64 18 19 46 18 224 16
is_linear=0
shrinkage=0.03


Tree=97
num_leaves=29
num_cat=0
split_feature=9 0 9 10 3 10 7 6 13 10 9 10 6 12 12 6 4 0 7 11 10 13 7 4 3 4 5 8
split_gain=0.701399 0.167739 0.0969615 0.0565493 0.0713375 0.0543817 0.0509569 0.0559524 0.049507 0.048256 0.0413763 0.0376595 0.0368195 0.0345163 0.0265302 0.0257917 0.0127276 0.0130227 0.0063351 0.00368514 0.00285473 0.00166304 0.00631835 0.0016103 0.00156613 0.000576381 0.000215121 0.000136098
threshold=0.62705000000000011 -0.013249999999999998 0.95085000000000008 0.56900000000000006 -0.74364999999999981 0.40615000000000007 0.17660000000000001 0.15730000000000002 0.16120000000000004 0.22945000000000002 0.39610000000000006 0.57420000000000015 0.14935000000000004 1.04905 1.0352500000000002 -0.0058499999999999984 -0.15034999999999996 -0.057849999999999992 0.17950000000000002 -0.18294999999999997 0.16415000000000005 0.0092500000000000013 0.074050000000000019 -0.13874999999999996 -4.4889499999999991 -0.0022499999999999998 0.91720000000000013 0.12785000000000005
decision_type=2 2 2 2 2 2 2 2 2 2 2 2 2 2 2 2 2 2 2 2 2 2 2 2 2 2 2 2
left_child=1 9 6 4 10 -6 13 18 -9 20 -3 -5 -13 14 -2 24 19 -18 -8 -11 27 22 -17 -22 -4 -26 -23 -1
right_child=2 3 15 11 5 -7 7 8 -10 16 -12 12 -14 -15 -16 21 17 -19 -20 -21 23 26 -24 -25 25 -27 -28 -29
leaf_value=-0.033559248524554289 0.0053792361757799339 -0.0024101434365346452 -0.020887298410677952 0.031441372195097239 -0.026855634336754784 -0.009147102219773464 0.017861161765285145 0.0040460031062712681 0.026181652387276672 -0.032941470316193606 0.034123779504176777 -0.0031123187203177232 0.011268578629064385 0.03315761505103948 -0.020941868219213965 0.030632511577949811 -0.024830961416160018 -0.010874171450616319 0.031905209177121564 -0.019522780745162636 -0.028428809194282742 0.030706041539347157 0.0027521941557435252 -0.017904713154733656 0.0091688278147718169 -0.0017207257431670624 0.032315794161016778 -0.031978326879671913
leaf_weight=0.083443997064023612 0.54750976813374996 0.45542903106252208 0.0032398784533143035 0.034026329813059308 0.23626964842696918 0.45981829467928037 0.03415793739259243 0.2846120276954025 0.13362770015373826 0.039168540446553379 0.029720489867031574 0.9169239375478353 0.19416122522670776 0.038197327870875597 0.036780018825083971 0.037684468319639453 0.072034904733300209 0.36526592791778967 0.18806599709205329 0.034770805854350328 0.04404085566784488 0.21481364453211427 0.0090778935700654984 0.018616434186697006 0.0062358640134334538 0.014655631966888906 0.11456002946943045 0.11875964322098298
leaf_count=46 103 46 2 4 180 80 5 34 19 13 2 156 27 4 4 19 6 47 20 5 17 37 2 2 6 15 9 178
internal_value=-2.31004e-10 -0.00842683 0.0157188 -0.00439773 -0.00900297 -0.0151578 0.011641 0.0175818 0.0111183 -0.020504 -0.000172058 0.000352801 -0.000599269 0.00552859 0.00372237 0.0285854 -0.0151196 -0.0131732 0.0297465 -0.0266312 -0.030897 0.0305143 0.0252202 -0.0253019 -0.00148003 0.00152968 0.0312659 -0.0326307
internal_weight=4.76567 3.10245 1.66322 2.32635 1.18124 0.696088 1.26295 0.640464 0.41824 0.776101 0.48515 1.14511 1.11109 0.622487 0.58429 0.400267 0.51124 0.437301 0.222224 0.0739393 0.264861 0.376136 0.0467624 0.0626573 0.0241314 0.0208915 0.329374 0.202204
internal_count=1088 809 279 495 308 260 189 78 53 314 48 187 183 111 107 90 71 53 25 18 243 67 21 19 23 21 46 224
is_linear=0
shrinkage=0.03


Tree=98
num_leaves=31
num_cat=0
split_feature=9 0 9 12 11 9 10 9 2 7 4 6 5 11 11 5 9 9 4 0 5 7 1 10 9 8 12 1 7 13
split_gain=0.678825 0.159281 0.0941747 0.0683814 0.0566307 0.0543303 0.0487166 0.0404551 0.056065 0.0394422 0.0353978 0.0335304 0.0365616 0.0245601 0.0228736 0.0188534 0.0177469 0.013013 0.0121923 0.0102687 0.00943822 0.00319963 0.000829686 0.000518471 0.000179141 8.463e-05 6.39695e-05 1.77439e-05 1.53944e-05 6.23418e-06
threshold=0.62705000000000011 -0.013249999999999998 0.76160000000000017 1.04905 -0.20759999999999998 -1.0000000180025095e-35 0.35635000000000006 0.48210000000000003 -0.026949999999999998 0.17660000000000001 -0.14894999999999997 -0.0058499999999999984 1.0535000000000003 -0.20074999999999996 -0.16014999999999999 0.93740000000000012 0.73615000000000008 0.19820000000000002 -0.13934999999999997 -0.053049999999999993 0.94705000000000006 0.072550000000000017 0.0093500000000000024 0.16415000000000005 0.95985000000000009 0.16055000000000003 1.0216500000000004 0.15565000000000004 0.037350000000000008 0.030500000000000003
decision_type=2 2 2 2 2 2 2 2 2 2 2 2 2 2 2 2 2 2 2 2 2 2 2 2 2 2 2 2 2 2
left_child=1 6 3 4 16 26 17 8 -7 -6 -9 21 15 -14 18 -13 -2 23 -8 -16 -19 24 -23 -1 -4 -5 28 -27 -3 -28
right_child=2 5 11 25 9 7 14 10 -10 -11 -12 12 13 -15 19 -17 -18 20 -20 -21 -22 22 -24 -25 -26 27 29 -29 -30 -31
leaf_value=-0.032616568289859232 -0.0027036328250082007 -0.034021335522227115 -0.030122188512914396 0.033570678918475573 0.0077794084836712686 -0.013193768714001936 -0.023259158268546656 -0.010812330206904213 -0.00047622485652775511 0.031739465305821404 0.0037134341404303169 0.022378755745387429 -0.0056430439992132559 0.031724048777774315 -0.0089740586116761559 0.032457806262198852 -0.025204978053111799 -0.033927180097497213 -0.0087958452022320749 0.0091907384688029205 -0.01837865807786921 -0.0037437504575449764 0.0064171862991536047 -0.027799794388736438 -0.019636753800525146 0.031851904676008604 -0.030037850400882408 0.030840525498658847 -0.032763611999570473 -0.031419058088785458
leaf_weight=0.19416772769182022 0.22441770881414413 0.013803283567540681 0.0027246354438830158 0.024656865745782852 0.38279205476283074 0.66313541268755272 0.12747839943040162 0.18668295303359628 0.58915833236824222 0.073746711015701294 0.78964046084729478 0.40669252106454223 0.056212460622191429 0.022036310750991106 0.061115426011383533 0.28343849908560514 0.036706103011965752 0.044512250839034095 0.089133191911969334 0.05170555243967101 0.1668066570564406 0.022736913291737437 0.010606327559798956 0.022435884980950505 0.003175580408424139 0.050191759364679456 0.0034729652106761924 0.022660917136818171 0.023965410378878005 0.019203108917281497
leaf_count=223 27 5 9 2 54 166 22 42 77 7 124 86 4 5 5 26 3 10 10 6 28 17 10 10 9 7 25 13 28 28
internal_value=1.86153e-10 -0.00834864 0.0156726 0.00847917 0.00527638 -0.00440289 -0.0202744 -0.00364173 -0.00721063 0.0116498 0.00093596 0.0229333 0.0243147 0.00488022 -0.0116026 0.0265182 -0.00586664 -0.0269503 -0.0173077 -0.000649181 -0.0216538 -0.00411505 -0.000511604 -0.0321176 -0.0244788 0.0320515 -0.0324671 0.0315373 -0.0332233 -0.0312075
internal_weight=4.66921 3.04642 1.6228 0.815172 0.717663 2.28906 0.757355 2.22862 1.25229 0.456539 0.976323 0.807623 0.76838 0.0782488 0.329433 0.690131 0.261124 0.427923 0.216612 0.112821 0.211319 0.0392435 0.0333432 0.216604 0.00590022 0.0975095 0.0604448 0.0728527 0.0377687 0.0226761
internal_count=1088 809 279 113 91 495 314 409 243 61 166 166 121 9 43 112 30 271 32 11 38 45 27 233 18 22 86 20 33 53
is_linear=0
shrinkage=0.03


Tree=99
num_leaves=31
num_cat=0
split_feature=9 0 9 10 3 10 10 7 6 13 9 12 1 12 3 11 8 9 0 4 5 2 12 7 0 13 7 10 4 2
split_gain=0.659057 0.16124 0.0781364 0.0605972 0.0658315 0.0571987 0.0489965 0.0450817 0.0458737 0.0492597 0.0388724 0.0347665 0.0763936 0.0515869 0.0324251 0.022809 0.0203511 0.0134142 0.01229 0.0111586 0.0100167 0.00968356 0.00939237 0.0074496 0.00522015 0.00185739 0.00576936 0.000572562 0.000167756 1.10644e-05
threshold=0.64780000000000004 -0.013249999999999998 0.96800000000000008 0.56900000000000006 -0.74364999999999981 0.40615000000000007 0.35635000000000006 0.17660000000000001 0.15730000000000002 0.16120000000000004 0.39610000000000006 0.99595000000000011 0.13525000000000001 1.0268000000000002 0.34220000000000006 -0.16014999999999999 0.14295000000000005 0.19820000000000002 -0.053049999999999993 -0.13934999999999997 0.94705000000000006 -1.1954999999999998 0.91025000000000011 0.17850000000000002 0.058350000000000006 0.0092500000000000013 0.074050000000000019 0.16415000000000005 -0.16304999999999997 -1.2491499999999998
decision_type=2 2 2 2 2 2 2 2 2 2 2 2 2 2 2 2 2 2 2 2 2 2 2 2 2 2 2 2 2 2
left_child=1 6 7 4 10 -6 17 14 23 -10 -3 12 -5 -13 16 19 -2 27 -17 -8 -19 24 -16 -9 29 26 -23 -1 -27 -4
right_child=2 3 21 11 5 -7 15 8 9 -11 -12 13 -14 -15 22 18 -18 20 -20 -21 -22 25 -24 -25 -26 28 -28 -29 -30 -31
leaf_value=-0.032594216951838346 0.010320492770740042 -0.0025504105179382369 -0.0022682213115397527 0.0083903547681827961 -0.027380732756211484 -0.0087654032161178404 -0.022786554964498794 0.015092998428143002 0.0045829364594831539 0.026573322764534214 0.03396472716122248 0.018741661332916174 -0.013980541490944846 0.00015468122393264165 0.0073351846815860461 -0.0095396197818406036 -0.003025399650092013 -0.03409123719639838 0.010257616339365797 -0.0088378038286443875 -0.017944512200893846 0.030619434659578875 0.033129792936164443 0.031820858762872051 0.030568951677451554 0.032552429688229197 0.002785253815658406 -0.027453524110621672 0.030766775542333688 -0.00047743373253337991
leaf_weight=0.1880343573939175 0.1847168329550184 0.45465991311357368 0.0045918226242065421 0.23317755316384114 0.2231414698981099 0.44443501846399158 0.12419279722962528 0.027605393435806036 0.26152982539497316 0.14116295473650098 0.027845386415719986 0.18576468201354146 0.33440926834009588 0.48592580482363701 0.017608063295483589 0.060660961549729109 0.23197854310274124 0.043726501491619274 0.052774917043279856 0.088323548377957195 0.16527019439672586 0.028137760469689854 0.045621119905263186 0.18146569235250354 0.0070231410209089509 0.059344589710235596 0.0087976483628153801 0.021755493027740158 0.2342842168873176 0.0095905871130526083
leaf_count=223 69 46 13 53 180 80 22 4 33 20 2 16 45 93 3 5 21 10 6 10 28 16 6 21 2 3 2 10 43 3
internal_value=-1.74722e-10 -0.00772524 0.0167734 -0.00392629 -0.00888566 -0.0149877 -0.0199135 0.0128113 0.0182109 0.0122916 -0.000443122 0.000676138 -0.00479007 0.00529515 0.00592826 -0.0111914 0.0028907 -0.0267021 -0.000329152 -0.0169893 -0.0213227 0.0290694 0.0259465 0.0296121 0.00941715 0.0303301 0.0239896 -0.0320611 0.0311277 -0.00105723
internal_weight=4.57756 3.1341 1.44346 2.38936 1.15008 0.667576 0.744739 1.09169 0.611764 0.402693 0.482505 1.23928 0.567587 0.67169 0.479925 0.325952 0.416695 0.418787 0.113436 0.212516 0.208997 0.35177 0.0632292 0.209071 0.0212056 0.330564 0.0369354 0.20979 0.293629 0.0141824
internal_count=1088 829 259 515 308 260 314 177 78 53 48 207 98 109 99 43 90 271 11 32 38 82 9 25 18 64 18 233 46 16
is_linear=0
shrinkage=0.03


Tree=100
num_leaves=31
num_cat=0
split_feature=9 9 2 7 11 5 9 1 6 8 12 7 7 4 12 6 8 5 1 1 9 2 7 0 9 0 0 9 9 13
split_gain=0.638831 0.135788 0.132096 0.135107 0.0541 0.0575417 0.0358569 0.0435305 0.0455465 0.0336709 0.0450996 0.0495192 0.0330567 0.0242396 0.0236711 0.0497015 0.0415848 0.0634397 0.0238078 0.0200764 0.00963338 0.00937939 0.00933043 0.00861154 0.00698547 0.00492426 0.00383485 0.00320881 0.00191051 0.00177403
threshold=0.57480000000000009 0.72810000000000008 -0.031799999999999988 0.090550000000000005 -0.21609999999999999 1.0649000000000002 0.96800000000000008 0.13125000000000003 0.15730000000000002 0.16480000000000003 0.96770000000000012 0.11145000000000001 0.17090000000000002 -0.14404999999999998 1.0418000000000003 0.13035000000000002 0.14995000000000003 0.93740000000000012 0.14025000000000001 0.16515000000000005 0.62705000000000011 -1.1954999999999998 0.08030000000000001 0.050350000000000006 0.55375000000000008 0.058350000000000006 -0.017899999999999996 0.45320000000000005 0.53320000000000012 0.0092500000000000013
decision_type=2 2 2 2 2 2 2 2 2 2 2 2 2 2 2 2 2 2 2 2 2 2 2 2 2 2 2 2 2 2
left_child=2 14 3 22 27 -6 7 23 -9 10 13 -12 24 -4 16 19 17 -2 -18 -16 -17 25 28 -3 -11 -8 -24 -5 -1 -23
right_child=1 6 9 4 5 -7 21 8 -10 12 11 -13 -14 -15 15 20 18 -19 -20 -21 -22 29 26 -25 -26 -27 -28 -29 -30 -31
leaf_value=-0.032843975055079265 -0.0070588291713916864 0.032662476780445107 -0.020357061880266907 -0.032607055187580315 -0.0098889591572029634 0.014333511999361503 -0.00060993950689996589 0.032005894376482102 0.013020278893606413 -0.028478547296713334 -0.025911225105774201 0.018529970220764674 0.032563825180122054 -0.00040524586308120187 -0.0014596815086281927 0.014753969628997374 0.033939756175517109 0.01972411889910097 -0.0054429686042390436 0.034981375609763797 0.03199414031607168 0.024014605122708255 -0.021467669353895096 -0.0048550071853720889 -0.011631282582322208 0.030554205574031088 -0.035638492689905203 -0.021021604065421071 -0.016978034029852655 0.03110385187257865
leaf_weight=0.27435715944011452 0.12354773739934877 0.0058915717527269198 0.062444773502647877 0.083702557065407635 1.0407840874104293 0.096443977236049139 0.014039230067282915 0.18483147001825273 0.29559854371473193 0.057394648894842248 0.025517824564303737 0.19503847451414913 0.011199915781617165 0.44780998255009796 0.15338577539660037 0.043396283173933625 0.014332753606140614 0.22373729664832354 0.38241334655322134 0.014931027311831713 0.088981983484700322 0.035773581825196743 0.13484461901680334 0.084189901914214715 0.036071215523406863 0.0067607087548822156 0.019697642928804271 0.028960233554244041 0.0070050336071290067 0.28379446465987712
leaf_count=357 33 1 12 37 134 12 16 20 35 63 12 20 3 24 28 8 2 19 47 4 19 18 28 49 6 2 16 11 6 46
internal_value=4.87264e-12 0.0128675 -0.00998061 -0.0148148 -0.00979924 -0.00783474 0.0213336 0.0167361 0.0203244 -0.000226415 0.00205278 0.0133882 -0.0161405 -0.00284694 0.00548611 0.0125894 0.00261535 0.010196 -0.00402024 0.00177293 0.0263425 0.0290397 -0.0291961 -0.00240126 -0.0219767 0.0095195 -0.0232739 -0.029629 -0.032449 0.0303103
internal_weight=4.47688 1.95561 2.52127 1.6858 1.24989 1.13723 0.910879 0.570511 0.48043 0.835477 0.730811 0.220556 0.104666 0.510255 1.04473 0.300695 0.744031 0.347285 0.396746 0.168317 0.132378 0.340368 0.435904 0.0900815 0.0934659 0.0207999 0.154542 0.112663 0.281362 0.319568
internal_count=1088 347 741 601 194 146 187 105 55 140 68 32 72 36 160 59 101 52 49 32 27 82 407 50 69 18 44 48 363 64
is_linear=0
shrinkage=0.03


Tree=101
num_leaves=30
num_cat=0
split_feature=9 2 9 10 3 12 7 13 1 12 4 4 9 4 11 0 2 2 5 13 9 11 0 13 7 9 4 13 5
split_gain=0.614386 0.155684 0.0720893 0.0621775 0.058296 0.0551743 0.0452437 0.0404049 0.0398094 0.0718832 0.0380347 0.0360717 0.0296902 0.0290627 0.02097 0.029315 0.0201549 0.00946557 0.00828268 0.00817771 0.00773207 0.00698865 0.00484892 0.00197326 0.0053193 0.000932167 0.000147952 0.000115734 1.05586e-05
threshold=0.64780000000000004 -0.54934999999999989 0.96800000000000008 0.56900000000000006 -0.7660499999999999 0.95645000000000013 0.093700000000000019 0.16120000000000004 0.13525000000000001 0.99595000000000011 -0.14294999999999997 -0.11339999999999999 0.39610000000000006 -0.13434999999999997 -0.16584999999999997 -0.057849999999999992 -0.59539999999999982 -1.1954999999999998 0.93000000000000005 0.019200000000000005 0.85210000000000019 -0.15684999999999996 0.058350000000000006 0.0092500000000000013 0.074050000000000019 0.53320000000000012 -0.16304999999999997 0.16400000000000003 0.015050000000000003
decision_type=2 2 2 2 2 2 2 2 2 2 2 2 2 2 2 2 2 2 2 2 2 2 2 2 2 2 2 2 2
left_child=1 6 7 4 12 -6 19 11 10 -10 -5 13 -3 -2 16 -16 -8 22 -9 25 -13 -21 28 24 -19 -1 -25 -20 -4
right_child=2 3 17 8 5 -7 14 18 9 -11 -12 20 -14 -15 15 -17 -18 23 27 21 -22 -23 -24 26 -26 -27 -28 -29 -30
leaf_value=-0.032266009250019691 0.0069881817784982975 -0.0032366421716498541 -0.0015687402995051833 -0.014506119898801935 -0.032856866810019411 -0.010607701858306293 -0.032768048132097952 0.017661641359341299 -0.013586425791344101 0.0041283663120319121 0.015825017789816591 -0.015000318092627784 0.025191577104878113 0.018548758482405333 -0.022509295493881552 0.0046452075196463357 -0.01072874631386259 0.030599551284639523 0.035043007912383413 -0.016805732887756299 0.0016644824176759946 -0.031215838917951766 0.030539624653818771 0.032455512058032765 0.0028104340429917734 -0.022647566986711339 0.030729672476924659 0.031824034105882013 0.00018191932554724257
leaf_weight=0.2001231017129611 0.40962050110101689 0.47968981838494085 0.0090661309659481049 0.044410079019144177 0.12301705925347106 0.54348856171418447 0.06590624267118983 0.054891922976821661 0.31946516851894557 0.58124614495318383 0.22946257157309424 0.049711198967997805 0.035511770285665989 0.37477903440594673 0.054521556012332439 0.10409467335557565 0.086172740964684635 0.023196703637950011 0.011356472037732601 0.080457378353457898 0.050525521073723212 0.048578877635009121 0.0064544773194938889 0.056146129965782166 0.0084604313597083092 0.0094987377087818459 0.21940326527692378 0.087536213453859091 0.004712142515927554
leaf_count=237 47 43 14 6 57 220 17 5 45 105 27 40 3 41 5 10 12 16 1 14 26 14 2 3 2 14 43 17 2
internal_value=-5.16455e-11 -0.0075816 0.0166837 -0.00399733 -0.00885592 -0.0147142 -0.0205877 0.0128135 0.000890731 -0.00215473 0.0109066 0.0103462 -0.00127714 0.0125117 -0.0123203 -0.00468868 -0.0202799 0.0289574 0.0270066 -0.0281726 -0.00660023 -0.0222308 0.00908192 0.0302664 0.0231729 -0.0318302 0.0310813 0.0321937 -0.000970018
internal_weight=4.3715 3.00564 1.36586 2.35629 1.18171 0.666506 0.649353 1.03842 1.17458 0.900711 0.273873 0.884636 0.515202 0.7844 0.310695 0.158616 0.152079 0.327439 0.153785 0.338658 0.100237 0.129036 0.0202328 0.307207 0.0316571 0.209622 0.275549 0.0988927 0.0137783
internal_count=1088 829 259 506 323 277 323 177 183 150 33 154 46 88 44 15 29 82 23 279 66 28 18 64 18 251 46 18 16
is_linear=0
shrinkage=0.03


Tree=102
num_leaves=31
num_cat=0
split_feature=9 0 9 12 2 7 11 10 4 1 6 5 5 8 12 12 0 5 12 1 0 1 2 10 6 4 9 7 7 8
split_gain=0.590043 0.133371 0.0905047 0.0494941 0.0488679 0.0745202 0.0564083 0.0441706 0.0438168 0.0432813 0.0310394 0.0324613 0.0257018 0.0236555 0.0461517 0.0302203 0.0194836 0.0184557 0.0135945 0.0289839 0.01129 0.0281245 0.00446227 0.00277284 0.0026039 0.001371 0.00115475 0.000184781 0.000131206 0.000108221
threshold=0.61635000000000006 -0.013249999999999998 0.76160000000000017 1.04905 -0.039149999999999997 0.090550000000000005 -0.18714999999999996 0.22945000000000002 -0.13434999999999997 0.15345000000000003 -0.0063999999999999986 1.0535000000000003 0.99740000000000018 0.16555000000000003 0.96770000000000012 1.1043000000000003 0.11805 0.93740000000000012 1.1464000000000001 0.16455000000000003 -0.057849999999999992 0.12360000000000002 -1.0203999999999998 0.16415000000000005 -0.008349999999999998 -0.13874999999999996 0.53320000000000012 0.072550000000000017 0.073350000000000012 0.12785000000000005
decision_type=2 2 2 2 2 2 2 2 2 2 2 2 2 2 2 2 2 2 2 2 2 2 2 2 2 2 2 2 2 2
left_child=1 7 3 8 5 26 -7 23 12 -10 24 17 -2 14 -6 -15 -13 -12 -5 -20 22 -22 -9 29 27 -25 -3 -4 -26 -1
right_child=2 4 10 18 13 6 -8 20 9 -11 11 16 -14 15 -16 -17 -18 -19 19 -21 21 -23 -24 25 28 -27 -28 -29 -30 -31
leaf_value=-0.033421348955347888 -0.0089328907409213197 -0.03366949486161832 -0.025362928353192381 0.032264669757609381 -0.0029982004502564436 -0.013474072675016146 0.0014028668570193708 -0.035391095451304741 0.018103865058220668 -0.0062624382871968847 0.021764202278648018 0.022717013550925692 0.0074393964362391802 -0.025176984644193615 0.011666419815520052 0.0012152748029518664 -0.0093564310119755526 0.032322358769660053 -0.031137914089735225 0.032282498779777673 0.020979518892919127 -0.014453281905799928 -0.019692600496359 -0.027950402699091385 -0.0045489050206997499 -0.017737668914272257 -0.022234386282986119 -0.015870555592795394 8.1262800773721755e-05 -0.031891812190920757
leaf_weight=0.071888305341417769 0.21312964102253318 0.099041096495057213 0.0049637835327303037 0.086531533859670162 0.55015097180148564 0.48064447240176378 0.43878756009507924 0.026416083797812462 0.28221920602663864 0.085481297224760056 0.36539867043029517 0.02992516290396452 0.14500928949564695 0.070147291335160844 0.2976444308515056 0.088071670448698569 0.039606406353414059 0.2516042860224843 0.010498751886188984 0.016965899150818586 0.021299942818586715 0.37710345147934277 0.042537185829132795 0.0387284901808016 0.009406772383954376 0.017033451236784458 0.0086412763776024804 0.0029381043277680874 0.01329009747132659 0.098920606687897816
leaf_count=46 22 146 11 16 45 91 55 3 50 9 92 4 16 55 40 38 5 26 3 9 3 61 4 17 11 2 13 4 13 178
internal_value=-6.73009e-11 -0.00841259 0.0147348 0.00805105 -0.00453663 -0.00913966 -0.00637424 -0.0197687 0.00516485 0.0124393 0.0225621 0.0238798 -0.0023038 0.000162936 0.00215026 -0.0104859 0.00444741 0.0260697 0.0264281 0.00803915 -0.0144987 -0.0125589 -0.0257067 -0.0306393 -0.00700146 -0.0248307 -0.0327519 -0.0218334 -0.00183772 -0.0325355
internal_weight=4.28403 2.72706 1.55697 0.839836 2.03313 1.02711 0.919432 0.693928 0.725839 0.367701 0.717133 0.686535 0.358139 1.00601 0.847795 0.158219 0.0695316 0.617003 0.113996 0.0274647 0.467357 0.398403 0.0689533 0.226571 0.0305988 0.0557619 0.107682 0.00790189 0.0226969 0.170809
internal_count=1088 797 291 125 483 305 146 314 97 59 166 127 38 178 85 93 9 118 28 12 71 64 7 243 39 19 159 15 24 224
is_linear=0
shrinkage=0.03


Tree=103
num_leaves=31
num_cat=0
split_feature=9 0 9 9 7 13 2 4 13 1 12 11 0 4 2 10 5 6 11 0 9 13 7 0 4 8 12 11 5 13
split_gain=0.570357 0.149942 0.0680071 0.0484584 0.0425585 0.039014 0.038483 0.055877 0.0285143 0.031926 0.0278671 0.0175293 0.0286264 0.0144414 0.00928959 0.00869051 0.00801665 0.00617566 0.00474863 0.00465353 0.00417559 0.0019679 0.00516814 0.000151736 0.000131313 0.000102546 5.14452e-05 1.75094e-05 8.30908e-06 4.39695e-06
threshold=0.64780000000000004 -0.013249999999999998 0.96800000000000008 -1.0000000180025095e-35 0.093700000000000019 0.08975000000000001 -0.039149999999999997 -0.12619999999999995 0.16120000000000004 0.14795000000000003 0.96205000000000007 -0.16264999999999999 -0.055899999999999991 -0.13934999999999997 -1.1954999999999998 0.16415000000000005 0.93000000000000005 -0.0077499999999999991 -0.16104999999999997 0.058350000000000006 0.85210000000000019 0.0092500000000000013 0.074050000000000019 0.05315000000000001 -0.16304999999999997 0.12785000000000005 1.0216500000000004 -0.14374999999999996 0.015050000000000003 0.030500000000000003
decision_type=2 2 2 2 2 2 2 2 2 2 2 2 2 2 2 2 2 2 2 2 2 2 2 2 2 2 2 2 2 2
left_child=1 4 5 26 15 17 7 -5 9 -7 -8 13 -13 -6 19 25 -10 23 -17 28 -19 22 -16 -2 -23 -1 27 -3 -4 -28
right_child=2 3 14 6 11 8 10 -9 16 -11 -12 12 -14 -15 21 18 -18 20 -20 -21 -22 24 -24 -25 -26 -27 29 -29 -30 -31
leaf_value=-0.033384972574868214 -0.030117103429599952 -0.033908898748502239 -0.00194579878298084 -0.0044349888520362722 -0.024212053593725625 0.019794468544831287 -0.0037193248496759103 -0.025195486268592495 0.017422979518071261 0.0072006849188823094 0.0056889493729937179 -0.018895370522985216 0.0077535594192873159 -0.0082877628601375226 0.030577250329769556 -0.018655404390902259 0.032094611864530102 -0.010354970796103247 -0.029736081407254852 0.030514963147160637 0.0035723119041335201 0.03237841532899767 0.0024964301588934947 -0.022432759935629761 0.030705252862965406 -0.031872189341872026 -0.030029095217518152 -0.032506400131299164 -0.0003539265404589698 -0.031349612427178437
leaf_weight=0.069825968763325696 0.0029079056985210636 0.014467496192082763 0.0086289099417626858 0.89573217136057837 0.13384662485623267 0.30321952840313315 0.58069482891005397 0.13415661713952454 0.052502800244837999 0.45006728370208293 0.55334088102972601 0.067926221992820501 0.077865445957286283 0.083061780431307852 0.021554262842983007 0.098362086842826102 0.092694989871233702 0.034420523850712703 0.053871833064476959 0.0059892577119171611 0.044321933295577765 0.053169271908700466 0.0081212269142270088 0.011298732759314589 0.20491415879223496 0.095462627716187853 0.0026344796424382358 0.017952835405595002 0.0044848863035440454 0.016374891216401011
leaf_count=46 11 6 14 169 33 40 49 76 5 52 135 6 9 11 16 20 18 17 11 2 18 3 2 16 43 178 25 27 2 28
internal_value=1.43468e-10 -0.00740809 0.0165222 -0.00362524 -0.0197281 0.0127023 -0.00294122 -0.00713932 0.0146164 0.01227 0.000871344 -0.0127071 -0.00466252 -0.0181141 0.0288638 -0.0277482 0.0267894 -0.00580028 -0.0225766 0.00860514 -0.00251569 0.0302087 0.0228924 -0.0240056 0.03105 -0.0325113 -0.0324057 -0.0331323 -0.00140138 -0.0311666
internal_weight=4.19387 2.89558 1.2983 2.21535 0.680223 0.991434 2.16392 1.02989 0.898485 0.753287 1.13404 0.3627 0.145792 0.216908 0.306862 0.317523 0.145198 0.0929491 0.152234 0.0191031 0.0787425 0.287759 0.0296755 0.0142066 0.258083 0.165289 0.0514297 0.0324203 0.0131138 0.0190094
internal_count=1088 829 259 515 314 177 429 245 115 92 184 59 15 44 82 255 23 62 31 18 35 64 18 27 46 224 86 33 16 53
is_linear=0
shrinkage=0.03


Tree=104
num_leaves=31
num_cat=0
split_feature=9 0 9 9 7 2 12 6 13 7 11 6 8 3 8 0 7 9 10 11 0 13 7 1 3 5 10 12 11 8
split_gain=0.550268 0.128141 0.0837695 0.0555873 0.0461827 0.0456702 0.0508538 0.0445081 0.0339972 0.0230765 0.0237902 0.0217952 0.020006 0.0195187 0.052792 0.0156989 0.00684284 0.00558183 0.0046999 0.00445401 0.0032885 0.00165969 0.00521592 0.00101399 0.000972122 0.000148495 9.24737e-05 5.1342e-05 2.41641e-05 4.76328e-06
threshold=0.61635000000000006 -0.025799999999999997 0.95085000000000008 -1.0000000180025095e-35 0.17660000000000001 -0.039149999999999997 0.9467000000000001 0.15730000000000002 0.16120000000000004 0.093700000000000019 -0.16584999999999997 -0.0058499999999999984 0.16555000000000003 -0.69219999999999982 0.13515000000000002 -0.057849999999999992 0.17850000000000002 0.89850000000000019 0.16415000000000005 -0.15684999999999996 -0.028999999999999995 0.0092500000000000013 0.074050000000000019 0.0093500000000000024 -4.4889499999999991 0.91720000000000013 -0.19744999999999999 1.0155500000000002 -0.16634999999999997 0.16930000000000003
decision_type=2 2 2 2 2 2 2 2 2 2 2 2 2 2 2 2 2 2 2 2 2 2 2 2 2 2 2 2 2 2
left_child=1 9 4 27 13 6 -5 16 -9 18 20 23 -7 17 -15 -12 -6 -2 26 -20 -11 22 -13 24 -4 -23 -1 28 -3 -29
right_child=2 3 11 5 7 12 -8 8 -10 10 15 21 -14 14 -16 -17 -18 -19 19 -21 -22 25 -24 -25 -26 -27 -28 29 -30 -31
leaf_value=-0.031609776511386231 -0.01429285159552441 -0.033947167462816501 -0.021403980781372761 -0.023923372748473344 0.014746291173958547 0.0022149521397619152 -0.0058577001461637248 0.0048835517071885914 0.025067460211969067 -0.033103776379598673 -0.02150681656888237 0.030551149137324009 -0.0097623432378981662 0.03111495407167374 0.0037862799094690682 -0.00047000577499606641 0.031699885128121386 0.0018512864738664742 -0.019985816985219097 -0.03308858412626587 -0.014999029224672665 0.030610048022594625 0.0027792221897960791 0.0098955277228712536 -0.0017252534167243544 0.032098732624374279 -0.03318799214252989 -0.031352386996978364 -0.03241128138806873 -0.030026393715214039
leaf_weight=0.054980616609100252 0.05136137077352021 0.013917489304731134 0.0027418322861194602 0.16354367311578311 0.024792792741209269 0.82719604457088225 0.98397119839501102 0.24236438539810479 0.10883171064779162 0.055038766586221755 0.050473375245928764 0.0262458991492166 0.14796264225878986 0.073430861346423515 0.47601013025268912 0.086885198252275586 0.15781674673780799 0.030853343472699635 0.072331366856815293 0.034478941815905273 0.010801339172758162 0.16995185287669301 0.0079239867627620697 0.0054013882763683787 0.012836974114179613 0.093471304979175329 0.085183446746669111 0.022296786075457931 0.027309742879879528 0.002737536226049996
leaf_count=122 41 6 2 90 4 80 184 34 19 15 5 19 82 11 56 8 21 15 18 6 3 37 2 3 18 9 75 40 34 29
internal_value=-1.03921e-10 -0.0082184 0.0146151 -0.00522055 0.0108886 -0.00437589 -0.00843242 0.0173848 0.0111383 -0.0227953 -0.015307 0.0282479 0.000397615 0.00539871 0.00743866 -0.00820013 0.0293981 -0.00823432 -0.0289563 -0.0242155 -0.0301336 0.0303314 0.0241108 -0.00130521 -0.00518866 0.0311383 -0.0325689 -0.032279 -0.0329298 -0.0312074
internal_weight=4.12314 2.63911 1.48403 2.18894 1.16546 2.12267 1.14751 0.533806 0.351196 0.450173 0.203199 0.318573 0.975159 0.631656 0.549441 0.137359 0.18261 0.0822147 0.246974 0.10681 0.0658401 0.297593 0.0341699 0.0209802 0.0155788 0.263423 0.140164 0.0662616 0.0412272 0.0250343
internal_count=1088 797 291 545 201 436 274 78 53 252 31 90 162 123 67 13 25 56 221 24 18 67 21 23 20 46 197 109 40 69
is_linear=0
shrinkage=0.03


Tree=105
num_leaves=31
num_cat=0
split_feature=9 9 2 7 12 1 9 4 6 8 12 7 4 7 8 2 12 0 10 8 2 9 0 7 0 0 1 13 12 9
split_gain=0.532423 0.115851 0.112162 0.122684 0.0427006 0.0518254 0.0366 0.0314915 0.0246077 0.0245322 0.0360619 0.0476519 0.0330099 0.0282841 0.018249 0.0490192 0.0257385 0.0304885 0.014462 0.0106156 0.00925197 0.00824737 0.0080831 0.00778541 0.00488007 0.0044517 0.00398187 0.00185336 0.00134479 0.00124724
threshold=0.57480000000000009 0.69985000000000008 -0.031799999999999988 0.090550000000000005 0.94905000000000006 0.13525000000000001 0.96800000000000008 -0.11184999999999999 0.15835000000000002 0.16480000000000003 0.96770000000000012 0.11145000000000001 -0.14424999999999996 0.17090000000000002 0.13515000000000002 -0.36479999999999996 0.99645000000000017 0.057950000000000008 0.9486500000000001 0.12535000000000004 -1.1954999999999998 0.55375000000000008 0.17045000000000002 0.08030000000000001 -0.017899999999999996 0.058350000000000006 0.060750000000000005 0.0092500000000000013 0.89260000000000017 0.53320000000000012
decision_type=2 2 2 2 2 2 2 2 2 2 2 2 2 2 2 2 2 2 2 2 2 2 2 2 2 2 2 2 2 2
left_child=2 14 3 23 19 -6 7 8 -3 10 12 -12 -4 21 15 26 18 -18 -16 -5 25 -11 -9 29 -25 -8 -2 -22 -17 -1
right_child=1 6 9 4 5 -7 20 22 -10 13 11 -13 -14 -15 16 28 17 -19 -20 -21 27 -23 -24 24 -26 -27 -28 -29 -30 -31
leaf_value=-0.032693897513172109 -0.028386085743739232 0.025542008519056126 -0.02623573859304042 -0.013538261881399912 0.0012907808406211053 -0.012800471511773808 -0.0018676789440395985 -0.0047106185603867463 0.012820197906123673 -0.028302276902192003 -0.027021804305867536 0.017671956929414229 -0.0001712117936825765 0.032529035156892795 -0.0066168464217393839 0.025467641418751297 0.00032060878654592253 0.016930612128698622 0.013143662377609989 -0.028300368386035505 0.022771822530361044 -0.008762847736626684 0.030559890871584346 -0.021236838790693185 -0.037652338345609097 0.03048741486628663 -0.0051996733592217532 0.031013631609613644 0.034759321135560427 -0.018699818156160699
leaf_weight=0.23078030347824086 0.0083967932441737503 0.24236009572632611 0.048440791433677077 0.071996390819549339 0.41147324163466692 0.54740306169696851 0.012561738956719637 0.07270856156537775 0.31429911730811 0.049952447880059481 0.024404759169556201 0.17852915829280391 0.44976016978034783 0.010094258468598127 0.26179936900734901 0.020256592892110126 0.23041327390819788 0.17499419953674078 0.038196390494704247 0.11211185692809522 0.027350675547495484 0.031830135500058532 0.0063593368977308265 0.12179842477053171 0.018817057250998914 0.0055041892919689408 0.032338462769985199 0.24032523785717785 0.045524235814809799 0.0058779566606972358
leaf_count=357 19 30 11 6 45 106 16 54 38 63 12 20 25 3 34 3 42 32 3 37 18 6 3 28 16 2 3 46 4 6
internal_value=1.83492e-10 0.0125709 -0.00941968 -0.0141907 -0.00929445 -0.00675363 0.019851 0.0158426 0.0183591 -0.000273286 0.0016368 0.0122971 -0.0027055 -0.0148496 0.00430851 0.0158828 0.00256078 0.00749032 -0.00410088 -0.0225276 0.0287691 -0.0206974 -0.00187385 -0.0290244 -0.0234335 0.00799002 -0.00997911 0.0301715 0.031898 -0.0323463
internal_weight=4.04666 1.73339 2.31327 1.52026 1.14298 0.958876 0.921469 0.635727 0.556659 0.793012 0.701135 0.202934 0.498201 0.0918768 0.811919 0.106516 0.705403 0.405407 0.299996 0.184108 0.285742 0.0817826 0.0790679 0.377274 0.140615 0.0180659 0.0407353 0.267676 0.0657808 0.236658
internal_count=1088 347 741 601 194 151 207 125 68 140 68 32 36 72 140 29 111 74 37 43 82 69 57 407 44 18 22 64 7 363
is_linear=0
shrinkage=0.03


Tree=106
num_leaves=31
num_cat=0
split_feature=10 9 0 1 12 10 7 9 4 1 10 6 9 0 8 12 12 2 2 2 4 0 0 12 9 13 0 6 3 10
split_gain=0.510208 0.136376 0.0964338 0.050628 0.0823337 0.0650624 0.0602859 0.0354519 0.0292345 0.0280495 0.0276585 0.0229517 0.0191653 0.0189385 0.0271031 0.0181409 0.0167767 0.0105229 0.0156435 0.0093206 0.00913026 0.00755694 0.00437395 0.00279196 0.00194482 0.00188912 0.00131431 0.000581818 0.00055711 7.63084e-05
threshold=0.70295000000000007 0.69985000000000008 -0.025799999999999997 0.12490000000000001 0.95645000000000013 0.40615000000000007 0.11240000000000001 0.96800000000000008 -0.11184999999999999 1.0000000180025095e-35 0.72555000000000003 0.15730000000000002 0.19820000000000002 0.085550000000000015 0.14995000000000003 1.0200500000000001 1.0162500000000001 -0.69764999999999988 -0.77254999999999996 -1.1954999999999998 -0.17609999999999998 0.17045000000000002 0.058350000000000006 0.99475000000000013 0.54500000000000004 0.0092500000000000013 0.094550000000000009 0.028500000000000001 -1.0247499999999998 -0.19744999999999999
decision_type=2 2 2 2 2 2 2 2 2 2 2 2 2 2 2 2 2 2 2 2 2 2 2 2 2 2 2 2 2 2
left_child=2 10 12 6 20 -6 9 8 11 -4 16 -3 27 14 -12 -15 24 18 -14 22 -5 -10 -9 -19 -2 -21 -18 29 -29 -1
right_child=1 7 3 4 5 -7 -8 19 21 -11 13 -13 17 15 -16 -17 26 23 -20 25 -22 -23 -24 -25 -26 -27 -28 28 -30 -31
leaf_value=-0.031633659069650877 -0.0022587680787561691 0.025800729290699792 -5.7658092049913717e-10 -0.0034092624312997044 -0.020447228135340081 -0.0025920072364677988 0.031314638959429521 -0.0022165703361353723 -0.0042634320728092935 -0.025070174789529338 0.0060112532367424506 0.013239787533649764 -0.01956863952229819 0.0030183093264272306 -0.0057229011211707625 0.02149147544547015 0.027737502347204585 -0.031308688871424316 0.00063057413867258531 0.022534697576527998 -0.030709938048556418 0.030538719618091657 0.030475177811964179 -0.020896284986287525 0.012133552419253017 0.031000168427811725 0.038235841536079597 -0.02200596795538683 -0.032113359458393019 -0.03315024857991182
leaf_weight=0.047117406578763621 0.016649349243379907 0.21657222975045443 0.38766010105609927 0.011787029099650681 0.24392869912844617 0.74352989470935427 0.052955893334001303 0.012324048206210136 0.071084977913415059 0.044808047532569617 0.33613274303206708 0.33104530838318169 0.12611559322976973 0.12200233153998852 0.37457232247106731 0.078708626911975443 0.020325636141933501 0.050522990932222456 0.04750510398298502 0.026435186387971044 0.17053697971277848 0.0060969758778810492 0.0052534278947859994 0.042819225811399519 0.017158521339297295 0.23138355556875467 0.022739365696907043 0.0098346079685143195 0.0097975010139634833 0.081520354855456723
leaf_count=108 4 28 4 5 187 133 5 16 54 54 64 40 17 18 64 21 5 13 4 18 64 3 2 10 2 46 1 5 17 76
internal_value=2.20985e-10 0.0112767 -0.0102856 -0.00704282 -0.0104227 -0.00700272 0.00110202 0.0197238 0.0157712 -0.00259752 0.00358253 0.0182074 -0.0232123 0.00212498 -0.000173154 0.0102625 0.0208634 -0.018409 -0.0140418 0.0286911 -0.028945 -0.00151424 0.0075541 -0.0265322 0.00504577 0.0301322 0.0332809 -0.0318606 -0.0270501 -0.0325948
internal_weight=3.95892 1.88848 2.07044 1.65521 1.16978 0.987459 0.485424 0.900196 0.624799 0.432468 0.988289 0.547618 0.415233 0.911416 0.710705 0.200711 0.0768729 0.266963 0.173621 0.275396 0.182324 0.077182 0.0175775 0.0933422 0.0338079 0.257819 0.043065 0.14827 0.0196321 0.128638
internal_count=1088 386 702 452 389 320 63 207 125 58 179 68 250 167 128 39 12 44 21 82 69 57 18 23 6 64 6 206 22 184
is_linear=0
shrinkage=0.03


Tree=107
num_leaves=31
num_cat=0
split_feature=9 0 9 9 1 5 4 10 11 11 12 7 6 3 13 0 8 10 11 12 5 13 7 10 0 12 4 5 8 3
split_gain=0.492635 0.138865 0.0597118 0.0467787 0.0500372 0.0578386 0.0458695 0.0376397 0.0337379 0.0467062 0.0420317 0.0329674 0.0475784 0.0296047 0.0277545 0.0206398 0.0171465 0.00972189 0.0142312 0.00751728 0.00635058 0.00166537 0.00505473 0.00157067 0.00139245 0.00101203 0.000686158 0.000129119 8.42562e-05 4.27427e-05
threshold=0.64780000000000004 -0.013249999999999998 0.95085000000000008 0.48210000000000003 0.13705000000000003 0.97560000000000013 -0.15974999999999998 0.22000000000000003 -0.20759999999999998 -0.24104999999999996 0.97305000000000008 0.17720000000000005 0.15730000000000002 0.34220000000000006 0.16120000000000004 0.057450000000000008 0.14295000000000005 0.35635000000000006 -0.16014999999999999 0.91025000000000011 0.94705000000000006 0.0092500000000000013 0.074050000000000019 0.16415000000000005 0.055250000000000007 0.96615000000000018 -0.0022499999999999998 0.91720000000000013 0.12785000000000005 -0.31239999999999996
decision_type=2 2 2 2 2 2 2 2 2 2 2 2 2 2 2 2 2 2 2 2 2 2 2 2 2 2 2 2 2 2
left_child=1 7 11 4 5 -3 -6 23 9 -5 -10 13 29 16 -14 24 -2 20 -19 -15 -9 22 -17 28 -4 -25 -26 -23 -1 -13
right_child=2 3 15 8 6 -7 -8 17 10 -11 -12 12 14 19 -16 21 -18 18 -20 -21 -22 27 -24 25 26 -27 -28 -29 -30 -31
leaf_value=-0.0332739843910543 0.010942726682811911 -0.0051410020198348946 -0.021904818839940679 0.0042318735803041881 -0.0021578874439422517 0.024045370763215848 -0.021941903696534034 -0.032510168174728252 -0.0013070870090803861 -0.016506105548277594 0.015631558741071801 0.033335403891307076 0.0055103775400075624 0.007810335912620074 0.024662954974998326 0.030512185975127854 -0.0024026080495457838 -0.016451199781635447 -0.0023796268905211448 0.032513495443452341 -0.017680534175508775 0.030562232733221732 0.0020193617677966708 -0.030738767377839531 0.010906052017329282 -0.020566470768468539 -0.0022438357663289014 0.032016790742754105 -0.031813897492822533 0.031408022239174507
leaf_weight=0.062225133213360873 0.14514453067386035 0.61581618346826894 0.0026084517594426862 0.22049426447483711 0.1623180391034118 0.067840101197361946 0.30116613685822746 0.032791615027235821 0.28191247540962638 0.17557148856576532 0.2476788210333325 0.011175482999533415 0.22801323281601071 0.014963592868298292 0.097092547221109271 0.023333992343395948 0.21499696793034673 0.1826367458270397 0.1001561779412441 0.042789657134562731 0.12528627555002458 0.14976288424804807 0.0073746461421251288 0.016723544838896487 0.0050547341816127274 0.018583686083729845 0.012168684042990209 0.086734244832769036 0.083037951662845444 0.14112623501569033
leaf_count=46 63 107 4 58 89 5 128 8 57 41 30 4 33 3 17 22 24 32 11 7 23 36 2 9 5 7 12 9 178 18
internal_value=-2.31394e-10 -0.00708456 0.0161438 -0.00335531 -0.00740371 -0.0022448 -0.0150133 -0.0195234 0.00166176 -0.00496104 0.00661476 0.0123265 0.0177125 0.00617341 0.0112303 0.0280506 0.00297584 -0.0147983 -0.0114675 0.026113 -0.0207568 0.0302422 0.0236697 -0.0310599 -0.00147818 -0.0253847 0.0016154 0.0310957 -0.0324393 0.0315494
internal_weight=3.87658 2.69424 1.18234 2.0728 1.14714 0.683656 0.463484 0.621441 0.925657 0.396066 0.529591 0.895302 0.477407 0.417895 0.325106 0.287038 0.360141 0.440871 0.282793 0.0577533 0.158078 0.267206 0.0307086 0.18057 0.0198319 0.0353072 0.0172234 0.236497 0.145263 0.152302
internal_count=1088 829 259 515 329 112 217 314 186 99 87 169 72 97 50 90 87 74 43 10 31 69 24 240 21 16 17 45 224 22
is_linear=0
shrinkage=0.03


Tree=108
num_leaves=31
num_cat=0
split_feature=9 0 9 2 12 8 13 6 6 6 8 12 7 9 8 2 12 0 10 2 2 9 1 6 12 6 3 1 9 10
split_gain=0.478448 0.104636 0.103793 0.0502166 0.0697539 0.0675008 0.0340658 0.034001 0.032681 0.0280799 0.0223835 0.0311751 0.0257088 0.0184562 0.0168442 0.0442748 0.0241203 0.0239414 0.0133724 0.00906046 0.0146946 0.00602939 0.00384041 0.00278435 0.00139829 0.000548414 0.000506483 0.000103258 8.43542e-05 6.99255e-05
threshold=0.57480000000000009 -0.025799999999999997 0.69985000000000008 -0.031799999999999988 0.94905000000000006 0.13355000000000003 0.17300000000000001 0.15835000000000002 -0.0058499999999999984 0.16085000000000002 0.16480000000000003 0.96205000000000007 0.17090000000000002 0.19820000000000002 0.13515000000000002 -0.36479999999999996 0.99645000000000017 0.057950000000000008 0.9486500000000001 -0.69764999999999988 -0.77254999999999996 0.46820000000000006 0.060750000000000005 0.032150000000000005 0.89260000000000017 0.028500000000000001 -1.0247499999999998 0.15780000000000002 0.79385000000000006 -0.19744999999999999
decision_type=2 2 2 2 2 2 2 2 2 2 2 2 2 2 2 2 2 2 2 2 2 2 2 2 2 2 2 2 2 2
left_child=1 13 14 4 21 -6 7 8 -4 -9 11 -5 -12 25 15 22 18 -18 -16 20 -15 -3 -2 -21 -17 29 -27 -8 -29 -1
right_child=2 3 6 10 5 -7 27 9 -10 -11 12 -13 -14 19 16 24 17 -19 -20 23 -22 -23 -24 -25 -26 26 -28 28 -30 -31
leaf_value=-0.031606398237949779 -0.028431029886410129 -0.031946504017953604 -0.0052443673889609197 -0.0026042753733323209 0.016055575405649912 -0.010130859659787772 0.030735002224594458 -0.024191883088727106 0.024225964973124708 0.011016942012022206 -0.020617492277380564 0.011452794469790962 0.032429122987697033 -0.019536124516699924 -0.0065933036971963328 0.024780181096830053 0.00094159788359915919 0.016160677311311666 0.012902569305142098 -0.033268040728300349 0.00026254429452631271 -0.017210009248702623 -0.0047532410240456839 -0.022168875314534417 0.034602879216617782 -0.022183630898475165 -0.032071238574105772 0.035058696450041164 0.032081964815060864 -0.033108873520758225
leaf_weight=0.0437957994727185 0.0077269453904591492 0.12335321023419987 0.037013287437730469 0.47714762248506293 0.10027268543490209 0.76058184478461044 0.054145334055647254 0.022327982820570469 0.39831149531528354 0.23441156325861812 0.075091147402417846 0.20214625776861794 0.0092337108217179775 0.12845917807135265 0.24547770095523447 0.018808005377650039 0.21558353281579912 0.16364408249501139 0.036353152245283127 0.031535836373222992 0.045756086707115173 0.03133542176510673 0.030500049237161875 0.057305497262859717 0.042552061378955841 0.0095019198852241971 0.0091547964766505174 0.0093634519726037979 0.1008303293492645 0.076703551469109121
leaf_count=108 19 94 53 34 10 227 7 2 95 33 69 34 3 18 34 3 42 32 3 10 4 19 3 13 4 5 17 3 14 76
internal_value=-3.96944e-11 -0.00916713 0.0123663 -0.00604309 -0.0104135 -0.00708065 0.0195293 0.0166136 0.0217203 0.00795492 -0.000230788 0.00157887 -0.0148088 -0.0229861 0.00430156 0.0158036 0.00256881 0.00750893 -0.00407855 -0.0183121 -0.0143362 -0.0289613 -0.00953931 -0.0261087 0.031592 -0.0318217 -0.0270355 0.0318078 0.0323349 -0.0325628
internal_weight=3.79842 2.18137 1.61705 1.77916 1.01554 0.860855 0.856403 0.692064 0.435325 0.25674 0.763619 0.679294 0.0843249 0.402213 0.760646 0.0995871 0.661058 0.379228 0.281831 0.263057 0.174215 0.154689 0.038227 0.0888413 0.0613601 0.139156 0.0186567 0.164339 0.110194 0.120499
internal_count=1088 741 347 490 350 237 207 183 148 35 140 68 72 251 140 29 111 74 37 45 22 113 22 23 7 206 22 24 17 184
is_linear=0
shrinkage=0.03


Tree=109
num_leaves=31
num_cat=0
split_feature=9 0 9 9 3 10 7 7 6 12 8 13 3 13 7 0 8 10 11 12 5 13 7 0 10 4 11 5 8 3
split_gain=0.460225 0.130896 0.0563947 0.0440175 0.0585637 0.0485541 0.0360523 0.0305889 0.0448731 0.0291838 0.0547497 0.0332042 0.0286686 0.0255487 0.0237106 0.0189227 0.0148318 0.00966696 0.0138994 0.005979 0.00587736 0.00164032 0.00483521 0.00134962 0.000688592 0.000674223 0.00043938 0.000111689 7.66406e-05 3.40116e-05
threshold=0.64780000000000004 -0.013249999999999998 0.95085000000000008 0.44475000000000003 -0.74364999999999981 0.40615000000000007 0.083550000000000013 0.17720000000000005 0.15730000000000002 0.96770000000000012 0.14250000000000004 0.072550000000000017 0.34220000000000006 0.16120000000000004 0.11240000000000001 0.057450000000000008 0.14295000000000005 0.35635000000000006 -0.16014999999999999 0.91025000000000011 0.94705000000000006 0.0092500000000000013 0.074050000000000019 0.055250000000000007 0.16415000000000005 -0.0022499999999999998 -0.16634999999999997 0.91720000000000013 0.12785000000000005 -0.31239999999999996
decision_type=2 2 2 2 2 2 2 2 2 2 2 2 2 2 2 2 2 2 2 2 2 2 2 2 2 2 2 2 2 2
left_child=1 6 7 4 14 -6 24 12 29 11 -11 -5 16 -10 -3 23 -2 20 -19 -14 -8 22 -17 -4 28 -25 -26 -23 -1 -9
right_child=2 3 15 9 5 -7 17 8 13 10 -12 -13 19 -15 -16 21 -18 18 -20 -21 -22 27 -24 25 26 -27 -28 -29 -30 -31
leaf_value=-0.033219856252348155 0.010586987823197612 -0.0017659649830545599 -0.021453997535105001 -0.02171958616879251 -0.027692834022252161 -0.0081061989402902088 -0.032108675236602754 0.033149060745935571 0.0056028241369568956 0.032058577494341274 0.0019378071097777953 -0.00057347279069459205 0.010167905233405071 0.024444829394510176 0.029570504624110892 0.030495763639634937 -0.0020833981569359952 -0.016431220688156757 -0.0022587156698502353 0.03239886449286411 -0.017818037817395944 0.030545791354045067 0.0020153637813751482 0.011620100356847135 -0.032953827947662516 -0.001638982723999739 -0.023677924640371072 0.031940764874761024 -0.03178282927131975 0.031359312002115315
leaf_weight=0.058578477273841467 0.13920629311178323 0.43736316802824216 0.002479925984516739 0.091081745282280968 0.17656185764280929 0.32098801911342889 0.032268868380924687 0.010296697029843926 0.21851234359201044 0.059320488013327122 0.64321315081906505 0.2509988765232265 0.014961703680455685 0.092051941901445389 0.022867465275339782 0.021696062991395593 0.20648114383220673 0.17577119849738665 0.096455433988012373 0.039991256780922413 0.13125970885448623 0.13996329286601394 0.0071273953653872004 0.0048964642919599984 0.0067095993144903323 0.01169691630639136 0.014588975813239813 0.081872585462406278 0.077716578074614517 0.13288181135430932
leaf_count=46 63 49 4 45 180 68 9 4 33 6 129 35 3 17 3 22 24 32 11 7 27 36 2 5 7 12 4 9 178 18
internal_value=-3.70523e-11 -0.00694413 0.016035 -0.00327693 -0.00792212 -0.0150568 -0.0193199 0.0122595 0.0175934 0.000982137 0.00448114 -0.0062038 0.00621853 0.0111876 -0.000208951 0.027994 0.00301889 -0.0148728 -0.0114096 0.0263462 -0.020638 0.0301858 0.0234532 -0.000811499 -0.0316165 0.00227358 -0.0266001 0.0310606 -0.0324005 0.031488
internal_weight=3.71986 2.59574 1.12412 2.00239 0.957781 0.49755 0.593349 0.854383 0.453743 1.04461 0.702534 0.342081 0.40064 0.310564 0.460231 0.269733 0.345687 0.435755 0.272227 0.054953 0.163529 0.250659 0.0288235 0.0190733 0.157594 0.0165934 0.0212986 0.221836 0.136295 0.143179
internal_count=1088 829 259 515 300 248 314 169 72 215 135 80 97 50 52 90 87 79 43 10 36 69 24 21 235 17 11 45 224 22
is_linear=0
shrinkage=0.03


Tree=110
num_leaves=31
num_cat=0
split_feature=9 0 9 2 12 1 13 6 13 6 8 12 7 9 8 2 12 0 10 2 2 9 1 12 12 6 3 1 9 10
split_gain=0.446351 0.0975296 0.0950054 0.0459458 0.0637893 0.0616536 0.0325755 0.0302084 0.0306477 0.0239501 0.0194749 0.0270352 0.02329 0.01819 0.0153777 0.0406112 0.0226912 0.0234037 0.0120997 0.00841182 0.0130556 0.00644676 0.00367523 0.00285912 0.00141575 0.00052533 0.000470185 8.99698e-05 7.32518e-05 6.37199e-05
threshold=0.57480000000000009 -0.025799999999999997 0.69985000000000008 -0.031799999999999988 0.94905000000000006 0.13575000000000001 0.17300000000000001 0.15835000000000002 0.0092500000000000013 0.16085000000000002 0.16480000000000003 0.96205000000000007 0.17090000000000002 0.19820000000000002 0.13515000000000002 -0.36479999999999996 0.99645000000000017 0.040900000000000013 0.9486500000000001 -0.69764999999999988 -0.77254999999999996 0.46820000000000006 0.060750000000000005 0.99475000000000013 0.89260000000000017 0.028500000000000001 -1.0247499999999998 0.15780000000000002 0.79385000000000006 -0.19744999999999999
decision_type=2 2 2 2 2 2 2 2 2 2 2 2 2 2 2 2 2 2 2 2 2 2 2 2 2 2 2 2 2 2
left_child=1 13 14 4 21 -6 7 8 -4 -9 11 -5 -12 25 15 22 18 -18 -16 20 -15 -3 -2 -21 -17 29 -27 -8 -29 -1
right_child=2 3 6 10 5 -7 27 9 -10 -11 12 -13 -14 19 16 24 17 -19 -20 23 -22 -23 -24 -25 -26 26 -28 28 -30 -31
leaf_value=-0.031582045393598053 -0.02835308656002972 -0.03170680572220759 0.0046861475692913058 -0.0025414689548074261 0.0034324323955862517 -0.013427723390461905 0.030697144735776734 -0.02267473757046734 0.025404916074553495 0.010945019030917146 -0.020005588989270112 0.010751464021446005 0.032333666169607839 -0.019092021107550611 -0.0062807347285217469 0.024299687000539003 -0.009932071925156518 0.010893505567105241 0.01260619824371571 -0.030804863548620394 -4.730351389172036e-05 -0.016064962495286501 -0.0043710153103364404 -0.019766240859972861 0.034457981776161849 -0.0222314356595627 -0.032025721826618746 0.034870104036162627 0.031999460311704232 -0.033065096690915716
leaf_weight=0.040827941909810761 0.0071525468229083336 0.11626373152103076 0.079707986340508796 0.47348096100904502 0.31507965869241161 0.51303727442791569 0.050495110917836428 0.020835287868976593 0.33145377466280479 0.22513944003731012 0.07106812728670775 0.19416664566961117 0.0085749006830155849 0.12279318798391614 0.23600072774570435 0.017843040637671725 0.057644140208140016 0.30838213034439832 0.035063186660408974 0.045383705844869837 0.044005857314914465 0.029790525317366701 0.029352896381169558 0.039495402801549062 0.040092430310323834 0.0091257382991898339 0.0085389247615239583 0.0087363496422767639 0.094946228200569749 0.072152442153310736
leaf_count=108 19 94 72 34 43 194 7 2 76 33 69 34 3 18 34 3 9 65 3 13 4 19 3 10 4 5 17 3 14 76
internal_value=3.38495e-11 -0.00898823 0.0122561 -0.00594415 -0.0102368 -0.00701282 0.0193251 0.0164133 0.0213884 0.00809726 -0.000348276 0.00132441 -0.0143704 -0.0226946 0.00441619 0.0157134 0.00274151 0.00761376 -0.00383764 -0.01798 -0.0140675 -0.0285164 -0.00906985 -0.0256684 0.0313294 -0.0317769 -0.0269659 0.0317356 0.0322413 -0.0325292
internal_weight=3.64663 2.10379 1.54285 1.72146 0.974171 0.828117 0.811314 0.657136 0.411162 0.245975 0.747291 0.667648 0.079643 0.382323 0.731531 0.0944409 0.63709 0.366026 0.271064 0.251678 0.166799 0.146054 0.0365054 0.0848791 0.0579355 0.130645 0.0176647 0.154178 0.103683 0.11298
internal_count=1088 741 347 490 350 237 207 183 148 35 140 68 72 251 140 29 111 74 37 45 22 113 22 23 7 206 22 24 17 184
is_linear=0
shrinkage=0.03


Tree=111
num_leaves=30
num_cat=0
split_feature=9 0 9 10 3 10 7 7 6 3 10 4 6 2 0 8 10 13 5 12 13 7 1 10 11 1 5 8 7
split_gain=0.431898 0.122166 0.0532959 0.0404648 0.0511288 0.0488121 0.0348482 0.0322833 0.040374 0.0286697 0.0266351 0.0286194 0.0219886 0.0190676 0.0178665 0.0144975 0.00948994 0.0131319 0.0105607 0.00553966 0.00150694 0.00438513 0.00092362 0.000653297 0.000401422 0.00020758 9.68017e-05 7.02731e-05 2.22423e-05
threshold=0.64780000000000004 -0.013249999999999998 0.95085000000000008 0.56900000000000006 -0.74364999999999981 0.40615000000000007 0.083550000000000013 0.17720000000000005 0.15730000000000002 0.34220000000000006 0.57420000000000015 -0.15609999999999999 0.24005000000000001 -0.50014999999999987 0.057450000000000008 0.14295000000000005 0.37125000000000002 0.049450000000000008 0.94560000000000011 0.91025000000000011 0.0092500000000000013 0.074050000000000019 0.0093500000000000024 0.16415000000000005 -0.16634999999999997 0.0071000000000000013 0.91720000000000013 0.12785000000000005 0.18475000000000003
decision_type=2 2 2 2 2 2 2 2 2 2 2 2 2 2 2 2 2 2 2 2 2 2 2 2 2 2 2 2 2
left_child=1 6 7 4 13 -6 23 9 28 15 -5 -12 -10 -3 22 -2 18 -18 -8 -11 21 -16 25 27 -25 -4 -22 -1 -9
right_child=2 3 14 10 5 -7 16 8 12 19 11 -13 -14 -15 20 -17 17 -19 -20 -21 26 -23 -24 24 -26 -27 -28 -29 -30
leaf_value=-0.033174374429214469 0.010251514318454833 -0.02610451519599059 -0.0087505628288572258 0.031566237433079368 -0.027301400474182745 -0.0076131944731407768 -0.037190860295969838 0.030797932250263976 0.0064825802381127378 0.010474886757176213 -0.015528459000285905 0.0020481115726051023 0.024597137394042602 0.0012368113637166102 0.030491679951981803 -0.0025417466358389931 -0.0041994852055740849 -0.020050522112229699 -0.016594324510487229 0.032260689274351162 0.030529177095974445 0.0028303953413650945 0.010878402266945681 -0.03288679308060561 -0.023750572904687718 -0.0012880515378854375 0.031866965353641051 -0.031753368652949206 0.031653255184210839
leaf_weight=0.055199767510203501 0.1335044425941303 0.024245747517852578 0.0059978326316922903 0.025203599478118122 0.16773322840890581 0.34944528562482446 0.025365627341670915 0.038054401520639658 0.21182645775843412 0.014415751677006483 0.092499116552062333 0.8452246578890481 0.084314554696902633 0.43160698693827759 0.020541316014714539 0.19788929191417992 0.1290285399009008 0.074025666239322163 0.1919716541597154 0.038717572577297688 0.13114782655611634 0.0068874498829245559 0.0046756998635828486 0.0062615346578240852 0.014018137124367058 0.0076126749627292156 0.077415394596755505 0.072405388527840842 0.097393640782684088
leaf_count=46 63 37 12 4 180 80 9 7 34 3 30 173 16 11 22 24 19 15 36 7 36 2 4 7 4 5 9 178 15
internal_value=3.11652e-11 -0.00681759 0.01595 -0.00322761 -0.00754226 -0.0139985 -0.0190476 0.0122135 0.0178455 0.00589217 0.00113231 0.00031432 0.01164 -0.00021741 0.0279428 0.00261211 -0.0146414 -0.00997816 -0.0189982 0.0263499 0.0301564 0.0235458 -0.000624831 -0.0315732 -0.0265715 -0.00457661 0.0310257 -0.0323681 0.031413
internal_weight=3.57463 2.50423 1.07039 1.93596 0.973031 0.517179 0.568276 0.816116 0.431589 0.384527 0.962927 0.937724 0.296141 0.455853 0.254278 0.331394 0.420391 0.203054 0.217337 0.0531333 0.235992 0.0274288 0.0182862 0.147885 0.0202797 0.0136105 0.208563 0.127605 0.135448
internal_count=1088 829 259 515 308 260 314 169 72 97 207 203 50 48 90 87 79 34 45 10 69 24 21 235 11 17 45 224 22
is_linear=0
shrinkage=0.03


Tree=112
num_leaves=30
num_cat=0
split_feature=10 9 2 7 12 3 11 12 6 8 13 6 9 8 7 5 4 0 8 1 13 7 10 6 0 3 7 9 9
split_gain=0.419438 0.108195 0.0816123 0.0878273 0.0314544 0.0594451 0.0399965 0.0279495 0.0362269 0.0304112 0.0338945 0.0260815 0.0267864 0.0248891 0.0243026 0.023424 0.0222671 0.0205284 0.0204428 0.0146669 0.0103497 0.00931161 0.0073442 0.00222655 0.00215008 0.00152723 0.000706311 0.000165158 6.52046e-05
threshold=0.70295000000000007 0.72810000000000008 -0.031799999999999988 0.090550000000000005 1.0290000000000001 -0.28089999999999993 -0.18714999999999996 0.99645000000000017 0.13035000000000002 0.14605000000000004 0.082800000000000012 -0.0063999999999999986 0.95085000000000008 0.15970000000000004 0.17090000000000002 0.92670000000000008 -0.11894999999999999 0.099850000000000008 0.15605000000000002 0.16515000000000005 0.074350000000000013 0.083550000000000013 0.58515000000000017 -0.008349999999999998 -0.017899999999999996 -1.1474 0.08030000000000001 0.96800000000000008 0.82205000000000006
decision_type=2 2 2 2 2 2 2 2 2 2 2 2 2 2 2 2 2 2 2 2 2 2 2 2 2 2 2 2 2
left_child=2 7 3 21 6 -6 -5 9 19 10 -2 23 15 18 22 -13 -10 -11 20 -9 -4 26 -15 28 -23 -14 -1 -25 -3
right_child=1 11 13 4 5 -7 -8 8 16 17 -12 12 25 14 -16 -17 -18 -19 -20 -21 -22 24 -24 27 -26 -27 -28 -29 -30
leaf_value=-0.032649822309815751 -0.0063176395716960342 -0.030075800729567288 0.0010069382967256349 -0.023010826167737967 0.010734567987870048 -0.025881831915232981 -0.0076800870045795793 0.00082853972875796965 0.023290068278332139 -0.013425209285096539 0.016434040096851028 0.0046186123088445526 0.025168628378840409 -0.032733237301036874 0.032258574527166926 0.021242204652235787 -0.0026328772845925011 0.0042281979519878639 0.026135816038281422 0.031353245867118129 -0.013659052340233221 -0.019250374727144526 -0.014138045691187973 -0.0071590552188313039 -0.033237035245247293 0.031047400615901881 -0.026882847876924257 -0.0014681375014385094 -0.022427233157579711
leaf_weight=0.18316074370522961 0.097674205389921331 0.0012212375731905914 0.49592794775526305 0.228676537037245 0.14614166881074198 0.054890781117137522 0.46377145979204215 0.25300749734742567 0.18132963852258399 0.17040820606052876 0.14857030962593853 0.10286921379156411 0.050917218904942274 0.029671127816982334 0.0085840635001659393 0.29522846196778119 0.035692118108272552 0.09091258782427758 0.027725063817342743 0.015007348207291216 0.047449520439840853 0.087595732424233574 0.053732392640085891 0.0078230942890513688 0.011150877777254209 0.18169477325864136 0.021340583109122235 0.01110428967513144 0.0056170125462813303
leaf_count=349 47 8 25 53 39 18 72 49 36 24 18 29 18 54 3 42 5 15 5 5 20 17 20 14 9 54 18 12 10
internal_value=-1.11866e-10 0.011015 -0.00976687 -0.0144448 -0.00971006 0.000736666 -0.012743 0.00476579 0.00991546 -0.000155309 0.00740946 0.0204639 0.0216725 -0.00132429 -0.0158064 0.0169466 0.0190267 -0.00728365 0.00100835 0.00253775 -0.000273745 -0.028395 -0.0207534 -0.00912115 -0.0208298 0.0297606 -0.032048 -0.00382032 -0.0237932
internal_weight=3.5089 1.64908 1.85982 1.19673 0.89348 0.201032 0.692448 0.992602 0.485037 0.507565 0.246245 0.656475 0.63071 0.66309 0.0919876 0.398098 0.217022 0.261321 0.571103 0.268015 0.543377 0.303248 0.0834035 0.0257656 0.0987466 0.232612 0.204501 0.0189274 0.00683825
internal_count=1088 386 702 575 182 57 125 199 95 104 65 187 143 127 77 71 41 39 50 54 45 393 74 44 26 72 367 26 18
is_linear=0
shrinkage=0.03


Tree=113
num_leaves=31
num_cat=0
split_feature=9 0 9 9 7 7 6 9 1 4 13 3 6 8 10 13 5 12 13 7 10 11 4 8 12 13 11 5 13 0
split_gain=0.405079 0.11535 0.0490794 0.0371812 0.0332011 0.0315678 0.0367935 0.0278067 0.0408734 0.0292744 0.0269128 0.0258661 0.0113881 0.0112023 0.00974155 0.0116825 0.00982186 0.00522924 0.00143802 0.00418399 0.000645668 0.000386707 6.54513e-05 6.39271e-05 3.57399e-05 2.02538e-05 1.61821e-05 6.83938e-06 2.26251e-06 1.09175e-06
threshold=0.64780000000000004 -0.013249999999999998 0.96800000000000008 -1.0000000180025095e-35 0.083550000000000013 0.17720000000000005 0.15730000000000002 0.48210000000000003 0.13705000000000003 -0.15609999999999999 0.16120000000000004 0.34220000000000006 -0.0058499999999999984 0.14295000000000005 0.37125000000000002 0.049450000000000008 0.94560000000000011 0.91025000000000011 0.0092500000000000013 0.074050000000000019 0.16415000000000005 -0.16634999999999997 -0.16304999999999997 0.12785000000000005 1.0216500000000004 0.12085000000000001 -0.14374999999999996 0.015050000000000003 0.030500000000000003 0.055950000000000007
decision_type=2 2 2 2 2 2 2 2 2 2 2 2 2 2 2 2 2 2 2 2 2 2 2 2 2 2 2 2 2 2
left_child=1 4 5 24 20 11 25 8 -5 -9 -8 13 27 -2 16 -16 -6 -13 19 -14 23 -22 -20 -1 26 -7 -3 29 -26 -4
right_child=2 3 12 7 14 6 10 9 -10 -11 -12 17 18 -15 15 -17 -18 -19 22 -21 21 -23 -24 -25 28 -27 -28 -29 -30 -31
leaf_value=-0.033115892729099337 0.0095928998301062531 -0.033830469397217303 -0.0017173089414519512 -0.0011155807432246122 -0.037054559722496001 0.030972889812209321 0.0058885445726363506 -0.01478060184887596 -0.013507864500979667 0.0035482800794652534 0.025299696669521074 0.01051647577431095 0.030471428753376682 -0.0017015100353955849 -0.0042008348846324789 -0.019424094149888917 -0.016661746472569065 0.032161569168451372 0.031952518542044214 0.0027702813641388054 -0.032832191341930911 -0.023609705680653646 0.030588609458941561 -0.031714899565315834 -0.030017161833894749 0.031725278167490018 -0.0322947976891882 -0.00049505517194186938 -0.031251551297463501 -0.0024587812017450839
leaf_weight=0.051918608729466187 0.13520194792363305 0.011799454689025879 0.0036332111340016127 0.6267023768014035 0.023980236408533528 0.0609357631765306 0.19888575887307525 0.087857156526297331 0.38774876737079467 0.73056286597420683 0.094983745599165559 0.013907624408602715 0.018947853124700487 0.19025401049293578 0.12563180449069478 0.07101519065327011 0.18710817393730395 0.036171320825815201 0.040668164379894733 0.0066223521716892711 0.0058805423723242703 0.013453332940116525 0.14304943603929132 0.067321797498152591 0.0015010718852863656 0.068284938111901283 0.012957230792381425 0.0037131952121853828 0.012179817811556859 0.0035174861550331116
leaf_count=46 69 6 6 83 9 9 33 33 160 153 19 3 18 24 19 15 36 7 3 2 7 4 40 178 25 13 27 5 28 8
internal_value=1.35043e-10 -0.00668629 0.015867 -0.00314564 -0.0188143 0.0124098 0.0180291 -0.00253326 -0.00585222 0.00158068 0.0121626 0.00607892 0.0284082 0.00299045 -0.0145028 -0.00969842 -0.0189784 0.0261504 0.0299628 0.0232972 -0.0315003 -0.0264148 0.0308905 -0.0323249 -0.0323467 0.0313705 -0.0330267 -0.00153962 -0.0311161 -0.00208205
internal_weight=3.4364 2.41762 1.01878 1.87131 0.54631 0.798625 0.42309 1.83287 1.01445 0.81842 0.29387 0.375535 0.220152 0.325456 0.407735 0.196647 0.211088 0.0500789 0.209288 0.0255702 0.138574 0.0193339 0.183718 0.11924 0.0384376 0.129221 0.0247567 0.0108639 0.0136809 0.0071507
internal_count=1088 829 259 515 314 177 74 429 243 186 52 103 82 93 79 34 45 10 63 20 235 11 43 224 86 22 33 19 53 14
is_linear=0
shrinkage=0.03


Tree=114
num_leaves=31
num_cat=0
split_feature=9 0 9 9 7 7 6 9 1 11 13 3 5 6 10 11 5 12 13 7 10 11 4 8 12 13 11 5 13 0
split_gain=0.393394 0.114038 0.0474306 0.0357921 0.0318392 0.029838 0.0358927 0.0262218 0.037226 0.0277037 0.0255573 0.0241041 0.0111683 0.0109735 0.00871968 0.0132098 0.00633223 0.00514391 0.00137538 0.00391649 0.00063272 0.000372367 6.08928e-05 6.06525e-05 3.30202e-05 1.91821e-05 1.55578e-05 6.22657e-06 2.03573e-06 1.00106e-06
threshold=0.64780000000000004 -0.013249999999999998 0.96800000000000008 -1.0000000180025095e-35 0.083550000000000013 0.17720000000000005 0.15730000000000002 0.48210000000000003 0.13705000000000003 -0.20759999999999998 0.16120000000000004 0.34220000000000006 0.92670000000000008 -0.0058499999999999984 0.35635000000000006 -0.16014999999999999 0.94560000000000011 0.91025000000000011 0.0092500000000000013 0.074050000000000019 0.16415000000000005 -0.16634999999999997 -0.16304999999999997 0.12785000000000005 1.0216500000000004 0.12085000000000001 -0.14374999999999996 0.015050000000000003 0.030500000000000003 0.055950000000000007
decision_type=2 2 2 2 2 2 2 2 2 2 2 2 2 2 2 2 2 2 2 2 2 2 2 2 2 2 2 2 2 2
left_child=1 4 5 24 20 11 25 8 -5 -9 -8 12 -2 27 16 -16 -6 -13 19 -15 23 -22 -20 -1 26 -7 -3 29 -26 -4
right_child=2 3 13 7 14 6 10 9 -10 -11 -12 17 -14 18 15 -17 -18 -19 22 -21 21 -23 -24 -25 28 -27 -28 -29 -30 -31
leaf_value=-0.033081663439312098 -0.0050105672835883928 -0.033769141106496439 -0.001317557662852668 -0.0012105612630217177 -0.036723434548004953 0.030944001705757417 0.0059418805701136213 -0.0049257977173404093 -0.01311627969053801 0.0063284190444581152 0.02509053939895128 0.010334718829762172 0.0070417639030979006 0.030461634233197882 -0.016271129358289359 -0.0018696124381994061 -0.017988086197886093 0.032100328843906012 0.031912555702498353 0.0033798203475368352 -0.032789593473585815 -0.023608913537733488 0.030577086931964589 -0.031694701513788753 -0.030016154145152588 0.031687178711839757 -0.032235790555663828 -0.00014672106355582374 -0.031224374886836645 -0.0020312433425657287
leaf_weight=0.050409924959240793 0.10100601185695257 0.011408270103856921 0.0035963407717645168 0.62334610003745072 0.01852119679824682 0.05863906117156148 0.19466706935781986 0.34255033245426603 0.38072774646570906 0.46284059217578044 0.092556960647925735 0.013599775731563568 0.21972901443950832 0.018246165942400694 0.16133252982399426 0.088913017141749151 0.13158161067258334 0.034722181269899011 0.039515063166618347 0.0065245600417256347 0.005692231239663669 0.013189043267630041 0.13819224759936333 0.064923242825898342 0.0014057731823413641 0.066939646378159523 0.012459510231565774 0.0036765420809388161 0.011708105535944924 0.0034809096250683069
leaf_count=46 64 6 6 83 7 9 33 99 160 87 19 3 29 18 32 11 29 7 3 2 7 4 40 178 25 13 27 5 28 8
internal_value=-1.62185e-10 -0.00662031 0.0158408 -0.0030877 -0.0188224 0.0124204 0.0179617 -0.00249058 -0.00572501 0.00154176 0.0121125 0.00622214 0.00324624 0.0283825 -0.0145832 -0.0111542 -0.0202998 0.0259746 0.0299509 0.0233283 -0.0314675 -0.0263767 0.030874 -0.0323009 -0.0323042 0.0313402 -0.0329687 -0.00114828 -0.0310949 -0.00166858
internal_weight=3.3761 2.38101 0.995092 1.84645 0.534563 0.78186 0.412803 1.80946 1.00407 0.805391 0.287224 0.369057 0.320735 0.213232 0.400348 0.250246 0.150103 0.048322 0.202478 0.0247707 0.134214 0.0188813 0.177707 0.115333 0.0369817 0.125579 0.0238678 0.0107538 0.0131139 0.00707725
internal_count=1088 829 259 515 314 177 74 429 243 186 52 103 93 82 79 43 36 10 63 20 235 11 43 224 86 22 33 19 53 14
is_linear=0
shrinkage=0.03


Tree=115
num_leaves=31
num_cat=0
split_feature=9 0 9 2 12 8 7 13 6 13 9 12 8 5 6 9 2 2 1 9 0 1 9 9 10 11 11 8 1 4
split_gain=0.382202 0.0869421 0.0802561 0.0317781 0.0488913 0.0813497 0.0294492 0.0244953 0.0277153 0.0304324 0.0205592 0.0185489 0.0291408 0.0370445 0.0268705 0.019739 0.0174558 0.0182327 0.0157751 0.00842345 0.00784216 0.00888469 0.00647165 0.00132586 0.000620467 0.000358648 6.89547e-05 5.76224e-05 5.07227e-05 3.36715e-05
threshold=0.57480000000000009 -0.013249999999999998 0.72810000000000008 -0.026949999999999998 0.94905000000000006 0.13355000000000003 0.083550000000000013 0.17300000000000001 0.15730000000000002 0.0092500000000000013 0.77480000000000016 1.0418000000000003 0.14995000000000003 0.93740000000000012 0.13035000000000002 0.64780000000000004 -0.024199999999999996 -0.0097499999999999983 0.16515000000000005 0.62705000000000011 -0.06699999999999999 0.12360000000000002 0.46820000000000006 0.45320000000000005 0.16415000000000005 -0.16634999999999997 -0.23859999999999998 0.12785000000000005 0.16350000000000001 -0.16304999999999997
decision_type=2 2 2 2 2 2 2 2 2 2 2 2 2 2 2 2 2 2 2 2 2 2 2 2 2 2 2 2 2 2
left_child=1 6 11 4 22 -6 24 8 9 -4 -10 12 13 -2 18 -14 23 -18 -13 -16 -8 -22 -3 -5 27 -26 28 -1 -9 -28
right_child=2 3 7 16 5 -7 20 26 10 -11 -12 14 15 -15 19 -17 17 -19 -20 -21 21 -23 -24 -25 25 -27 29 -29 -30 -31
leaf_value=-0.033050782763849477 -0.005018349410024609 -0.032556267148151061 0.00462296123796081 0.016428229683535644 0.032827641348748396 -0.009026229701083268 -0.039146303661195835 0.034069025161033099 -0.012693261198531397 0.027321740178071752 0.012780273431590649 -0.00011158934454595526 -0.014027116766377768 0.018793669688765797 0.01287742287255292 0.0020671855875542084 -0.02552461642987864 -0.00016502857112281953 0.035071351618462934 0.031773111563863761 0.001637262640164011 -0.01554040104282705 -0.015676341310070004 0.029911956892827139 -0.032752338391210181 -0.02360765786498828 0.031727083807124835 -0.031677962235224968 0.031684346893487224 0.030629464562969937
leaf_weight=0.048991169322107342 0.09168752172263317 0.077305088765569852 0.068154802269418724 0.012168917477538344 0.045114972628653049 0.56799821504682768 0.011692677158862352 0.015210914425551891 0.036734333029016852 0.24159426103869919 0.12743775174021721 0.10552293004002422 0.10485240945126861 0.16392573923803866 0.032518505526240915 0.19827860477380455 0.026552567014732631 0.65348626836203072 0.012868406251072884 0.061179847805760801 0.029394778342975769 0.34700330268969992 0.027790191845269874 0.014247713057557121 0.0055033278404152943 0.012925423681735992 0.054084804840385914 0.062779067229712382 0.016998679609969258 0.047023193212226033
leaf_count=46 33 78 70 4 4 192 2 2 6 67 20 28 21 19 8 28 19 109 4 19 5 71 19 3 7 4 6 178 4 12
internal_value=-1.05277e-10 -0.00857109 0.0120844 -0.00474342 -0.00918713 -0.00594648 -0.0190925 0.0202413 0.0170456 0.0223273 0.00708044 0.00565869 0.00279152 0.0102524 0.0132122 -0.0034998 -0.000225771 -0.00115521 0.00371258 0.0252153 -0.0149505 -0.0141989 -0.0280927 0.0237006 -0.0314388 -0.0263385 0.0316017 -0.0322797 0.0328105 0.0312166
internal_weight=3.32103 1.94295 1.37807 1.42466 0.718208 0.613113 0.51829 0.607239 0.473921 0.309749 0.164172 0.770834 0.558744 0.255613 0.21209 0.303131 0.706455 0.680039 0.118391 0.0936984 0.388091 0.376398 0.105095 0.0264166 0.130199 0.0184288 0.133318 0.11177 0.0322096 0.101108
internal_count=1088 741 347 428 293 196 313 187 163 137 26 160 101 52 59 49 135 128 32 27 78 76 97 7 235 11 24 224 6 18
is_linear=0
shrinkage=0.03


Tree=116
num_leaves=31
num_cat=0
split_feature=10 9 2 7 12 1 12 6 8 13 6 13 5 8 7 4 9 10 0 12 10 4 8 7 10 4 9 1 9 4
split_gain=0.368898 0.0924156 0.0758102 0.0796781 0.0302884 0.0351237 0.0257547 0.030983 0.0245666 0.0244918 0.0253511 0.0312038 0.0225672 0.0221306 0.0216623 0.0194118 0.0184694 0.0173934 0.0156251 0.0138509 0.012009 0.0116084 0.00934612 0.00724113 0.00633956 0.00366092 0.000184542 5.73148e-05 5.6585e-05 2.96832e-06
threshold=0.70295000000000007 0.72810000000000008 -0.031799999999999988 0.089800000000000005 0.95250000000000012 0.12360000000000002 0.99645000000000017 0.13035000000000002 0.14995000000000003 0.17300000000000001 0.15730000000000002 0.0092500000000000013 0.93740000000000012 0.15970000000000004 0.17090000000000002 -0.11894999999999999 0.77480000000000016 0.49125000000000008 0.12745000000000004 0.95645000000000013 0.72555000000000003 -1.0000000180025095e-35 0.12535000000000004 0.08030000000000001 0.58515000000000017 -0.14694999999999997 0.3121000000000001 0.15780000000000002 0.79385000000000006 -0.10914999999999998
decision_type=2 2 2 2 2 2 2 2 2 2 2 2 2 2 2 2 2 2 2 2 2 2 2 2 2 2 2 2 2 2
left_child=2 6 3 23 22 -6 8 20 12 10 11 -3 -2 17 24 -9 -12 21 -10 -19 -8 -4 -5 26 -15 -25 -1 29 -29 -11
right_child=1 9 13 4 5 -7 7 15 18 27 16 -13 -14 14 -16 -17 -18 19 -20 -21 -22 -23 -24 25 -26 -27 -28 28 -30 -31
leaf_value=-0.032410894823158565 -0.0046695833514069493 0.0034556863262173495 -0.015115914643336812 -0.012331269862552235 0.031445740438258783 -0.0083112537856612004 0.031343832674789372 0.023094348379652751 -0.016175320647956303 0.030893982307903193 -0.011770457875386582 0.027144144716260841 0.012260889355428942 -0.032372597202026093 0.032149868881815882 -0.001862821427248562 0.012696738999453871 -0.035319796939068074 0.0018593598500697361 0.013402761458997057 0.0014386705460420388 -5.7658092049913717e-10 -0.028103884585458351 -0.031531383993823485 -0.01414721865986783 -0.018476003601672716 -0.036919602090873534 0.034476563403386527 0.031731741930277883 0.03038188997979667
leaf_weight=0.15320384267761233 0.11946732055366716 0.063736264914041385 0.051838273939210922 0.053916166485578287 0.020602176897227764 0.68348307579071843 0.012742814666125923 0.16589427052531391 0.10489894251804799 0.018168509704992175 0.035694749560207129 0.23300950095290318 0.17414031946100295 0.026279246274498291 0.0077648286242038003 0.033756585326045752 0.12501808337401599 0.0055060567246982819 0.073552345857024193 0.11346013951697387 0.23420922429068014 0.38766010105609927 0.090675993778859265 0.027066171383921755 0.049592439114348963 0.067640578443388222 0.0086304498036042787 0.0073573742993175975 0.083183379261754453 0.023190266219899058
leaf_count=331 53 70 25 6 2 140 3 36 18 4 6 67 21 54 3 5 20 3 12 18 51 4 38 24 20 16 18 3 14 3
internal_value=-4.82862e-11 0.0108707 -0.00938196 -0.0141449 -0.00971624 -0.00714793 0.00492231 0.0100866 3.65184e-05 0.0201428 0.016859 0.0220562 0.00537197 -0.00118371 -0.0155755 0.0188746 0.00726251 0.000971634 -0.00874196 0.0111478 0.00298179 -0.0017829 -0.0222225 -0.0287957 -0.0204598 -0.0222071 -0.0326513 0.0315321 0.0319548 0.0306068
internal_weight=3.25534 1.50802 1.74732 1.10522 0.848677 0.704085 0.918662 0.446603 0.472059 0.589358 0.457459 0.296746 0.293608 0.642101 0.0836365 0.199651 0.160713 0.558465 0.178451 0.118966 0.246952 0.439498 0.144592 0.256541 0.0758717 0.0947067 0.161834 0.1319 0.0905408 0.0413588
internal_count=1088 386 702 575 186 142 199 95 104 187 163 137 74 127 77 41 26 50 30 21 54 29 44 389 74 40 349 24 17 7
is_linear=0
shrinkage=0.03


Tree=117
num_leaves=31
num_cat=0
split_feature=9 0 9 9 7 13 9 8 12 7 7 13 10 11 5 6 9 9 10 0 11 9 8 4 1 12 11 10 13 9
split_gain=0.359056 0.107329 0.0423904 0.032968 0.0292569 0.0265075 0.0227702 0.0437217 0.026477 0.0170777 0.0252504 0.00950039 0.00806272 0.0113827 0.00623721 0.00600047 0.00444546 0.00347706 0.000592972 0.000530631 0.000331654 5.84462e-05 5.19771e-05 5.16503e-05 4.97166e-05 2.97808e-05 1.25178e-05 5.33813e-06 1.69175e-06 1.07558e-11
threshold=0.64780000000000004 -0.013249999999999998 0.96800000000000008 -1.0000000180025095e-35 0.083550000000000013 0.08975000000000001 0.44475000000000003 0.15790000000000001 0.99595000000000011 0.15920000000000004 0.17720000000000005 0.0092500000000000013 0.35635000000000006 -0.16014999999999999 0.94560000000000011 -0.0077499999999999991 1.2077000000000002 0.85210000000000019 0.16415000000000005 0.059750000000000004 -0.16634999999999997 0.82205000000000006 0.12785000000000005 -0.16304999999999997 0.14545000000000002 1.0216500000000004 -0.14374999999999996 1.4546000000000003 0.030500000000000003 1.5439000000000003
decision_type=2 2 2 2 2 2 2 2 2 2 2 2 2 2 2 2 2 2 2 2 2 2 2 2 2 2 2 2 2 2
left_child=1 4 5 25 18 15 7 -5 -8 24 -11 16 14 -14 -6 21 19 -17 22 -4 -20 -2 -1 -13 -7 26 -3 -25 -27 -18
right_child=2 3 11 6 12 9 8 -9 -10 10 -12 23 13 -15 -16 17 29 -19 20 -21 -22 -23 -24 27 -26 28 -28 -29 -30 -31
leaf_value=-0.032995428005539576 -0.028292162833166403 -0.033688690964315197 -0.0015619869859268118 -0.0039015313582785212 -0.03681842624049278 0.032048031551169982 -0.0046445271493607675 -0.029267756116841712 0.0057331066408522428 0.0053966708557268931 0.017864779268954006 0.031815949968619403 -0.016046296198561526 -0.0023401745647399458 -0.017802046133023618 -0.0095550756714378685 0.030390741128256935 0.0050071523559650872 -0.032694025598063101 0.0089597325906353876 -0.023654822661704496 -0.023809154537168607 -0.031650660954124291 0.031046712901449936 0.034137169777885647 -0.030013919579563328 -0.032251005888947297 0.030466092272518074 -0.031203499255092453 0.030387794418899307
leaf_weight=0.04631403521125399 0.0050875922024715692 0.010571507271379232 0.010259527945891023 0.77056635267581353 0.017700282245641574 0.022255864460021257 0.4085542215325404 0.066426166635210393 0.48267210143967532 0.23732691816985607 0.38067178917117417 0.036222627852112055 0.15236620180075988 0.084930432218243368 0.12619850315968506 0.026282849750714266 0.0061623045476153484 0.033651175443083048 0.0051647977015818461 0.007443632814101874 0.01248156710062176 0.0053905209497315809 0.058594944872311316 0.016246133483946323 0.019007864873856306 0.0011955198497162209 0.011251972686296186 0.11604646383784711 0.010757823005405953 0.0013610702008008957
leaf_count=46 17 6 15 134 7 4 97 80 118 35 74 3 32 11 29 17 13 18 7 3 4 10 178 3 2 25 27 41 28 4
internal_value=-5.25307e-12 -0.00642624 0.0157678 -0.002935 -0.0186377 0.0124557 -0.00236131 -0.00591467 0.000975812 0.0143244 0.0130767 0.0282419 -0.0145384 -0.0111408 -0.0201412 -0.00504062 0.0110719 -0.00137882 -0.0313885 0.00286207 -0.0263004 -0.0259859 -0.0322443 0.0308122 0.0330104 -0.0322882 -0.0329474 0.0305374 -0.0310845 0.0303902
internal_weight=3.18916 2.26575 0.923416 1.762 0.503751 0.729675 1.72822 0.836993 0.891226 0.659262 0.617999 0.193742 0.381195 0.237297 0.143899 0.0704121 0.0252265 0.059934 0.122555 0.0177032 0.0176464 0.0104781 0.104909 0.168515 0.0412637 0.0337768 0.0218235 0.132293 0.0119533 0.00752337
internal_count=1088 829 259 515 314 177 429 214 215 115 109 82 79 43 36 62 35 35 235 18 11 27 224 47 6 86 33 44 53 17
is_linear=0
shrinkage=0.03


Tree=118
num_leaves=31
num_cat=0
split_feature=9 0 9 9 7 7 6 5 1 5 13 0 6 13 10 11 5 9 1 10 0 11 4 8 12 13 11 10 13 1
split_gain=0.348847 0.104935 0.0412557 0.0317008 0.0284042 0.0249984 0.0324586 0.0223117 0.0441417 0.0382707 0.0220997 0.0219723 0.00975202 0.00937151 0.00774307 0.0103244 0.00587247 0.00430254 0.00245214 0.000583444 0.000534656 0.00031976 4.94133e-05 4.93397e-05 2.75022e-05 1.83298e-05 1.14847e-05 5.19398e-06 1.53731e-06 1.62622e-11
threshold=0.64780000000000004 -0.013249999999999998 0.96800000000000008 -1.0000000180025095e-35 0.083550000000000013 0.17720000000000005 0.15730000000000002 1.0543500000000001 0.13525000000000001 1.0751500000000001 0.16120000000000004 0.099850000000000008 -0.0077499999999999991 0.0092500000000000013 0.35635000000000006 -0.16014999999999999 0.94560000000000011 1.2077000000000002 0.14675000000000002 0.16415000000000005 0.059750000000000004 -0.16634999999999997 -0.16304999999999997 0.12785000000000005 1.0216500000000004 0.12085000000000001 -0.14374999999999996 1.4546000000000003 0.030500000000000003 0.0041500000000000009
decision_type=2 2 2 2 2 2 2 2 2 2 2 2 2 2 2 2 2 2 2 2 2 2 2 2 2 2 2 2 2 2
left_child=1 4 5 24 19 11 25 8 -5 -9 -8 12 -2 17 16 -16 -6 20 -13 23 -4 -21 -15 -1 26 -7 -3 -24 -26 -19
right_child=2 3 13 7 14 6 10 9 -10 -11 -12 18 -14 22 15 -17 -18 29 -20 21 -22 -23 27 -25 28 -27 -28 -29 -30 -31
leaf_value=-0.032965539377052572 -0.025399932360579486 -0.033616051415023329 -0.0015986798821094339 0.0011974290686436564 -0.036621173231198803 0.030863431072914855 0.0060641481140197373 0.019081619107643617 -0.0093718379097582471 -0.0035377282421300395 0.024714818794574846 0.032275870070347414 0.0046249026653725376 0.03179415976117643 -0.015905466427813798 -0.0027637986180156504 -0.017809387501764747 0.030384530454724262 0.018167256235541059 -0.032654188598452705 0.0090591445486232578 -0.023647378229811382 0.03103728475248722 -0.031634644029607015 -0.030013101829356306 0.031632605571558975 -0.032213499213183623 0.030457663105093648 -0.031183406793381302 0.030381581754706431
leaf_weight=0.044999556257608542 0.010077029837702867 0.010218658368103206 0.01010389463044703 0.74118373242163105 0.016973881771264132 0.051709829014725983 0.17935142992064357 0.11097827031335339 0.6836684861627873 0.17113071976564243 0.083941086893901229 0.025297894142568111 0.28759652850567352 0.035540543030947447 0.14935923676239327 0.084097300088615157 0.12432984371116618 0.0045861218823119989 0.019737150985747576 0.0049937220501305992 0.0072946462314575902 0.012249546125531197 0.015887292101979256 0.056605439445775119 0.0011193219725100798 0.060516122961416841 0.010815947662195513 0.11202655296074226 0.010361620228650281 0.0026594118680804968
leaf_count=46 27 6 15 118 7 9 33 21 191 99 19 5 67 3 32 11 29 12 4 7 3 4 3 178 25 13 27 41 28 5
internal_value=4.56107e-11 -0.00637095 0.0156973 -0.00290669 -0.018579 0.0124218 0.0177686 -0.00234773 -0.00387389 0.00536045 0.0120102 0.0065631 0.00360848 0.0282045 -0.0145263 -0.0111715 -0.0200691 0.010959 0.0260926 -0.0313582 0.0028698 -0.0262558 0.0308046 -0.0322241 -0.0322503 0.0312782 -0.0328949 0.0305297 -0.0310693 0.0303834
internal_weight=3.13941 2.23309 0.906326 1.73948 0.493609 0.718227 0.375518 1.70696 1.42485 0.282109 0.263293 0.342709 0.297674 0.188098 0.37476 0.233457 0.141304 0.0246441 0.045035 0.118848 0.0173985 0.0172433 0.163454 0.101605 0.0325155 0.112226 0.0210346 0.127914 0.0114809 0.00724553
internal_count=1088 829 259 515 314 177 74 429 309 120 52 103 94 82 79 43 36 35 9 235 18 11 47 224 86 22 33 44 53 17
is_linear=0
shrinkage=0.03


Tree=119
num_leaves=31
num_cat=0
split_feature=9 0 9 2 12 8 13 5 11 4 2 2 12 8 5 6 9 7 1 9 9 9 2 2 9 12 9 10 11 10
split_gain=0.339237 0.0806116 0.0712475 0.0362241 0.0486124 0.0456666 0.0236307 0.0237172 0.0175975 0.0157238 0.0149532 0.0151659 0.0144333 0.0256405 0.0301225 0.0215972 0.0156928 0.0144018 0.0131121 0.00760209 0.00739156 0.00632963 0.00630112 0.0119716 0.00402964 0.00318635 0.0012732 0.000624567 0.000361865 4.40492e-05
threshold=0.57480000000000009 -0.025799999999999997 0.72810000000000008 -0.026949999999999998 0.94905000000000006 0.13355000000000003 0.0092500000000000013 1.0535000000000003 -0.26089999999999997 -0.15579999999999997 -0.024199999999999996 -0.0097499999999999983 1.0418000000000003 0.14995000000000003 0.93740000000000012 0.13035000000000002 0.64780000000000004 0.083550000000000013 0.16515000000000005 0.62705000000000011 1.2077000000000002 0.46820000000000006 -0.69764999999999988 -0.77254999999999996 0.89850000000000019 0.99475000000000013 0.45320000000000005 0.16415000000000005 -0.16634999999999997 -0.19744999999999999
decision_type=2 2 2 2 2 2 2 2 2 2 2 2 2 2 2 2 2 2 2 2 2 2 2 2 2 2 2 2 2 2
left_child=1 17 12 4 21 -6 20 8 -8 -9 26 -12 13 14 -2 18 -15 27 -14 -17 24 -3 23 -19 -4 -24 -5 29 -29 -1
right_child=2 3 6 10 5 -7 7 9 -10 -11 11 -13 15 16 -16 19 -18 22 -20 -21 -22 -23 25 -25 -26 -27 -28 28 -30 -31
leaf_value=-0.031395195176772639 -0.0039980227225352273 -0.030913019647498572 -0.018371806101636912 0.015822266936161112 0.014638938710413722 -0.0093227973510643016 0.0054211295169533016 0.023011179960510976 0.026457304076328431 -0.0081193002414816553 -0.024647225532073727 -0.00021035567312280341 0.00042029160136314769 -0.012765196522493145 0.018284449711610504 0.012597392398405436 0.0021327782211174426 -0.019226067533006558 0.034754686823370975 0.031643562830987605 0.030372385596104584 -0.014232703746879835 -0.030669328683063084 0.00029575476136259148 0.0020827694455407765 -0.018096299199272373 0.02976274716123915 -0.032620006732848192 -0.022754922686072074 -0.032802493458613906
leaf_weight=0.031659415601097862 0.08489798763184786 0.093493377717095316 0.011314639581541996 0.011164055249537341 0.080793735556653701 0.62783428868351621 0.039331812877207994 0.024592563277110457 0.39743640033702832 0.035947217140346766 0.023708655215159524 0.63629847428092068 0.096319952164776623 0.097667495720088482 0.15300859021954238 0.030103136203251779 0.18261349247768521 0.10443243938061642 0.011171597521752119 0.050502744037657976 0.0069559375988319508 0.026215456069621723 0.038717659335816279 0.038766870740801096 0.037059649621369317 0.034133865003241226 0.012496301700593904 0.0048291224229615173 0.010899751447141171 0.054435567923064698
leaf_count=122 33 94 21 4 10 231 5 5 101 6 19 110 28 21 19 8 28 17 4 19 17 19 13 4 32 10 3 7 3 75
internal_value=1.57094e-10 -0.00824644 0.0119864 -0.00535935 -0.00957789 -0.00659082 0.0200546 0.0221238 0.024563 0.00452657 -0.000248127 -0.00108817 0.0056734 0.00308958 0.0103329 0.0127915 -0.00305861 -0.0219792 0.00398867 0.0245306 0.00145643 -0.0272601 -0.0175954 -0.0139411 -0.00270151 -0.0247784 0.023185 -0.0312807 -0.0257837 -0.032285
internal_weight=3.0888 1.82988 1.25892 1.512 0.828337 0.708628 0.552638 0.497308 0.436768 0.0605398 0.683667 0.660007 0.706285 0.518188 0.237907 0.188097 0.280281 0.317875 0.107492 0.0806059 0.0553302 0.119709 0.216051 0.143199 0.0483743 0.0728515 0.0236604 0.101824 0.0157289 0.086095
internal_count=1088 741 347 490 354 241 187 117 106 11 136 129 160 101 52 59 49 251 32 27 70 113 44 21 53 23 7 207 10 197
is_linear=0
shrinkage=0.03


Tree=120
num_leaves=30
num_cat=0
split_feature=10 9 2 7 12 8 13 5 2 12 8 7 4 8 11 8 8 5 4 8 7 10 9 10 9 10 4 7 0
split_gain=0.328973 0.0810818 0.0688884 0.0706676 0.027161 0.0431579 0.0228965 0.0223162 0.0204575 0.0216116 0.0197148 0.0187352 0.0171285 0.0181674 0.0164898 0.0156434 0.0141883 0.012805 0.0106611 0.00866939 0.00866511 0.00776426 0.00719497 0.00581831 0.00419042 0.00389679 0.00163385 0.000647209 1.29285e-11
threshold=0.70295000000000007 0.72810000000000008 -0.031799999999999988 0.090550000000000005 0.96905000000000008 0.13355000000000003 0.0092500000000000013 1.0535000000000003 0.20445000000000002 1.0162500000000001 0.15970000000000004 0.17090000000000002 -0.11894999999999999 0.14995000000000003 -0.26089999999999997 0.15605000000000002 0.17505000000000001 0.99595000000000011 -0.14204999999999998 0.13160000000000002 0.083550000000000013 0.49125000000000008 1.2077000000000002 0.58515000000000017 0.89850000000000019 0.84065000000000001 -0.13899999999999998 0.08030000000000001 0.067350000000000007
decision_type=2 2 2 2 2 2 2 2 2 2 2 2 2 2 2 2 2 2 2 2 2 2 2 2 2 2 2 2 2
left_child=2 8 3 20 19 -6 22 14 12 18 15 23 13 -2 -8 21 -9 -11 -10 -5 27 -4 24 -12 -3 -14 -22 -1 -24
right_child=1 6 10 4 5 -7 7 16 9 17 11 -13 25 -15 -16 -17 -18 -19 -20 -21 26 -23 28 -25 -26 -27 -28 -29 -30
leaf_value=-0.032586256599771511 0.0098476655467402158 -0.019194957752835706 -0.001967402173748 -0.012715833040907379 0.015177580420446403 -0.0092251000545748446 0.0056901173699465731 0.013164390896193515 -0.0049107722568788514 0.031608436108616411 -0.032249149024336392 0.03200284612176487 -0.021838207660813104 -0.0011837537050672449 0.026232884466073959 0.025136286217194569 -0.020921642719538957 0.010957027083209092 0.011955640759830334 -0.02496066138140552 -0.023024830290262945 0.007540036817917652 0.030364637333587099 -0.013913730429032475 0.0020897728681152621 -0.0058734938575242118 -0.014245790100437286 -0.026479544019128571 0.030361992973273799
leaf_weight=0.14333481498033485 0.23838358768261969 0.010794837136927526 0.42958569943948566 0.10720489919185638 0.075173944234848022 0.49295134713975131 0.038691681809723377 0.043525766464881599 0.061537166824564338 0.059665042906999588 0.02354867118265247 0.0068141361698508254 0.027770336710090993 0.30790853849612176 0.38607886999670882 0.022784641027101316 0.014703212771564722 0.049392004788387567 0.074638083809986711 0.10112685919739306 0.058407525262737181 0.094271057256264612 0.0029999704565852872 0.046007038719835691 0.036378179211169481 0.027275197899143677 0.028334998314676341 0.017529989414470037 0.0037364737363532186
leaf_count=349 29 21 27 16 8 119 5 7 11 9 54 3 12 72 101 5 4 20 15 39 20 18 11 20 32 31 6 18 6
internal_value=2.11324e-10 0.0107848 -0.00905878 -0.0138442 -0.0093939 -0.00599615 0.0199044 0.0219741 0.00500093 0.0123037 -0.00119279 -0.0154705 0.00202279 0.00362999 0.0243617 0.000801916 0.00455744 0.0222554 0.00433376 -0.0186596 -0.0277997 -0.000256483 0.00136072 -0.0201213 -0.00278092 -0.0139277 -0.0201571 -0.0319208 0.0303632
internal_weight=3.03055 1.38348 1.64708 1.02406 0.776457 0.568125 0.536909 0.483 0.84657 0.245232 0.623011 0.0763698 0.601338 0.546292 0.424771 0.546641 0.058229 0.109057 0.136175 0.208332 0.247607 0.523857 0.0539095 0.0695557 0.047173 0.0550455 0.0867425 0.160865 0.00673644
internal_count=1088 386 702 575 182 127 187 117 199 55 127 77 144 101 106 50 11 29 26 55 393 45 70 74 53 43 26 367 17
is_linear=0
shrinkage=0.03


Tree=121
num_leaves=31
num_cat=0
split_feature=9 0 9 9 7 6 1 10 7 6 6 13 3 8 10 1 5 9 6 0 6 0 10 11 5 8 12 13 11 4
split_gain=0.31708 0.0885782 0.0474505 0.0280095 0.0259303 0.0241876 0.0321421 0.0248983 0.023651 0.0374838 0.0186967 0.0161835 0.0146657 0.0300092 0.0069276 0.00917854 0.00874849 0.00453003 0.0025943 0.00159104 0.000741297 0.00134995 0.000569951 0.000299927 7.06457e-05 4.35859e-05 2.40432e-05 1.90709e-05 1.09301e-05 6.5146e-07
threshold=0.61635000000000006 -0.013249999999999998 0.92825000000000013 -1.0000000180025095e-35 0.083550000000000013 0.14935000000000004 0.13525000000000001 0.49125000000000008 0.17720000000000005 0.15730000000000002 0.24005000000000001 0.0092500000000000013 -0.69219999999999982 0.13515000000000002 0.37125000000000002 0.12360000000000002 0.94560000000000011 1.2077000000000002 -0.0077499999999999991 0.058650000000000008 -0.0051499999999999992 0.057450000000000008 0.16415000000000005 -0.16634999999999997 0.91720000000000013 0.12785000000000005 1.0216500000000004 0.12085000000000001 -0.14374999999999996 -0.16994999999999996
decision_type=2 2 2 2 2 2 2 2 2 2 2 2 2 2 2 2 2 2 2 2 2 2 2 2 2 2 2 2 2 2
left_child=1 4 8 26 22 6 -5 -7 12 27 -11 17 18 -14 16 -16 -6 19 -2 -4 21 -13 25 -24 -22 -1 28 -10 -3 -28
right_child=2 3 11 5 14 7 -8 -9 9 10 -12 20 13 -15 15 -17 -18 -19 -20 -21 24 -23 23 -25 -26 -27 29 -29 -30 -31
leaf_value=-0.032901996135286618 -0.025797535489486156 -0.033560862366630924 -0.0058604040955143131 0.00044404542981911032 -0.037108943527049826 -0.035370640902756788 -0.0088615901060054274 0.012292990252173138 0.030801113238896331 0.0044152802839265634 0.023573019338988754 0.0082822567779400214 0.030029791779052638 0.0049115903898897919 0.004757823122878849 -0.013402824331398501 -0.016241662185840316 0.030354014585073509 -0.0065082151909478378 0.0087011618761899598 0.030422962517537417 0.030477880479759255 -0.032574238227340936 -0.023468897930248971 0.031699509465252178 -0.031591785907451493 -0.031341983659878794 0.031609240721244464 -0.032134226466951049 -0.030861530355098015
leaf_weight=0.041279095288700884 0.0073696925974218166 0.0095426620682701468 0.011729566598660313 0.67997980907966826 0.020310963191150222 0.010647181487001833 0.65666697347842273 0.13403459149412811 0.047760739224031568 0.16642359911929816 0.063281186856329441 0.0037419823929667473 0.048583847936242708 0.36004422954283655 0.030520945321768522 0.13965001073665917 0.16476007838355144 0.0065015673171728841 0.042254224506905302 0.015917483833618462 0.090827909472864121 0.0072334797587245703 0.0045435198353516162 0.011488300981000066 0.068399610929191113 0.051186820057409932 0.0042777096095960587 0.05843991122674197 0.0097937122300210122 0.0062524871882487787
leaf_count=46 26 6 18 108 9 21 237 31 9 34 16 7 11 60 4 30 36 17 24 8 35 2 7 4 11 178 9 13 27 44
internal_value=4.91797e-11 -0.00696587 0.0137777 -0.00344634 -0.018435 -0.0028664 -0.00412762 0.00878541 0.0104603 0.0165072 0.00969303 0.02667 0.00602776 0.00789802 -0.0145146 -0.0101456 -0.0185318 0.00782196 -0.00937289 0.00252326 0.0304515 0.0229105 -0.0312713 -0.0260494 0.0309713 -0.0321767 -0.0322101 0.0312458 -0.0328383 -0.0310567
internal_weight=2.97344 1.97493 0.998509 1.5112 0.46374 1.48133 1.33665 0.144682 0.794157 0.335905 0.229705 0.204352 0.458252 0.408628 0.355242 0.170171 0.185071 0.0341486 0.0496239 0.0276471 0.170203 0.0109755 0.108498 0.0160318 0.159228 0.0924659 0.0298666 0.106201 0.0193364 0.0105302
internal_count=1088 797 291 483 314 397 345 52 193 72 50 98 121 71 79 34 45 43 50 26 55 9 235 11 46 224 86 22 33 53
is_linear=0
shrinkage=0.03


Tree=122
num_leaves=30
num_cat=0
split_feature=9 0 9 8 5 7 1 7 13 6 13 7 9 12 8 5 6 9 10 9 2 1 13 10 11 8 1 1 4
split_gain=0.307908 0.0780698 0.0623286 0.0270526 0.0291235 0.0406855 0.0343362 0.0238381 0.0215324 0.0208593 0.0286688 0.0195038 0.0166541 0.0144187 0.0224709 0.0250942 0.0182058 0.0144998 0.0128909 0.00774732 0.00667503 0.0129346 0.00598074 0.00055884 0.000288653 4.14645e-05 4.1196e-05 4.08627e-05 2.21436e-06
threshold=0.57480000000000009 -0.013249999999999998 0.72810000000000008 0.16555000000000003 1.0576000000000001 0.11050000000000001 0.13535000000000003 0.083550000000000013 0.17300000000000001 0.15730000000000002 0.0092500000000000013 0.17090000000000002 0.77480000000000016 1.0418000000000003 0.14995000000000003 0.93740000000000012 0.13035000000000002 0.64780000000000004 0.72725000000000006 0.62705000000000011 -1.0203999999999998 0.12360000000000002 0.08210000000000002 0.16415000000000005 -0.16634999999999997 0.13840000000000002 0.15780000000000002 0.16670000000000004 -0.10914999999999998
decision_type=2 2 2 2 2 2 2 2 2 2 2 2 2 2 2 2 2 2 2 2 2 2 2 2 2 2 2 2 2
left_child=1 7 13 4 6 -6 -3 23 9 10 -4 22 -11 14 15 -2 18 -16 -15 -18 -9 -22 -5 25 -25 -1 28 -28 -10
right_child=2 3 8 11 5 -7 -8 20 26 12 -12 -13 -14 16 17 -17 19 -19 -20 -21 21 -23 -24 24 -26 -27 27 -29 -30
leaf_value=-0.032556222147867631 -0.0032640697961091878 -5.2781630205527591e-06 0.0016743383621274793 -0.032082025649368004 -0.016888690575239625 0.028285668104467223 -0.010746928798985693 -0.033510037375192613 0.030815630269121621 -0.01161086306543771 0.02673963555367322 0.03190868106690422 0.012866749507098138 0.029411405311421855 -0.01226566210526977 0.017670299675996232 0.011766095313671159 0.0024220534764908285 0.00010893010681319367 0.031588154804969737 0.01029093349139746 -0.015456277382434014 -0.016535731286944192 -0.032537261626399139 -0.023480655925480411 -0.031118734413486133 0.032264300797906501 0.030775817960572962 0.030331014869513329
leaf_weight=0.064587090770146349 0.080222224656608665 0.67203769429397675 0.051498557331797201 0.037340789180234313 0.026155550716793985 0.057146618608385324 0.44528333591551927 0.016570945619605482 0.015507409814745188 0.032292993506416678 0.20277020416688174 0.0062592553440481416 0.11102325061801821 0.01608819083776325 0.09292661736253649 0.14410825981758535 0.028171704791020602 0.17331137345172465 0.084376851213164628 0.047951032407581806 0.018617295245348942 0.30931997759034857 0.055185635337693384 0.0044006628668284966 0.011300824582576752 0.02506960464961594 0.053235425148159266 0.024119570851325989 0.01874142698943615
leaf_count=134 33 127 70 75 34 8 130 3 4 6 67 3 20 4 21 19 8 28 28 19 3 72 51 7 4 90 7 10 3
internal_value=-4.31056e-11 -0.00798106 0.0118682 -0.00425198 -0.00301034 0.0141016 -0.00428612 -0.0187523 0.0197726 0.0165041 0.021663 -0.0193427 0.00735129 0.00583532 0.00318926 0.010184 0.0131862 -0.00270449 0.00480135 0.0242524 -0.0149333 -0.0139946 -0.0228097 -0.0312399 -0.026019 -0.0321543 0.0314167 0.0318002 0.0305504
internal_weight=2.92562 1.74928 1.17635 1.29941 1.20062 0.0833022 1.11732 0.449866 0.509189 0.397585 0.254269 0.0987857 0.143316 0.667156 0.490568 0.22433 0.176588 0.266238 0.100465 0.0761227 0.344508 0.327937 0.0925264 0.105358 0.0157015 0.0896567 0.111604 0.077355 0.0342488
internal_count=1088 741 347 428 299 42 257 313 187 163 137 129 26 160 101 52 59 49 32 27 78 75 126 235 11 224 24 17 7
is_linear=0
shrinkage=0.03


Tree=123
num_leaves=31
num_cat=0
split_feature=10 9 0 1 1 5 5 1 13 0 12 0 6 13 8 13 13 8 9 7 7 11 0 5 0 0 7 7 1 1
split_gain=0.298475 0.0724895 0.0655367 0.0359581 0.0391874 0.0347503 0.0334554 0.0308643 0.0220261 0.0203169 0.0202149 0.0228032 0.0188536 0.0282134 0.0182708 0.0200497 0.0171773 0.0164622 0.0150007 0.0138956 0.0132638 0.0124307 0.00635242 0.00543887 0.00439206 0.00415741 0.00310622 0.00081074 4.36736e-05 3.79876e-05
threshold=0.70295000000000007 0.72810000000000008 -0.025799999999999997 0.13525000000000001 0.13445000000000004 1.0563500000000003 1.0751500000000001 0.12795000000000004 0.17300000000000001 0.051250000000000011 0.99645000000000017 0.048150000000000005 0.15730000000000002 0.0092500000000000013 0.14995000000000003 0.08975000000000001 0.1047 0.16260000000000002 0.77480000000000016 0.15165000000000003 0.093700000000000019 -0.16584999999999997 -0.057849999999999992 1.0209000000000004 -0.028999999999999995 -0.048349999999999997 0.08030000000000001 0.091500000000000012 0.15780000000000002 0.16670000000000004
decision_type=2 2 2 2 2 2 2 2 2 2 2 2 2 2 2 2 2 2 2 2 2 2 2 2 2 2 2 2 2 2
left_child=2 10 20 4 7 9 -7 -4 12 -5 14 16 13 -3 15 -2 -12 -13 -14 -16 25 24 -23 -6 -22 27 -27 -1 -10 -30
right_child=1 8 3 5 23 6 -8 -9 28 -11 11 17 18 -15 19 -17 -18 -19 -20 -21 21 22 -24 -25 -26 26 -28 -29 29 -31
leaf_value=-0.031466278722334262 -0.001154577825730204 0.0012996181956788603 0.0001646169717842984 -0.019597913203955739 0.014729022442885816 0.020200905396349084 -0.010897882996903939 -0.015028172481259604 0.030509368100212354 -0.0054962843329442795 0.0039555855210876784 0.023907206926912696 -0.010755559769370607 0.02655156198277463 -0.033994169682765432 0.016020443266982376 -0.029341713198660493 0.0084609180032184511 0.01277412960236014 -0.0045529997577730894 -0.032202964572417551 -0.019539829259414884 -0.002651399908396389 0.033738861894238775 -0.0073728269523572372 -0.032714414027534208 -0.019071103733780344 -0.040665505394851385 0.032211576871286764 0.030751181520696964
leaf_weight=0.0674101686981885 0.16025571092177393 0.050224844817421399 0.50756484192970697 0.31357766023211298 0.03181612683692947 0.054123189962410834 0.073292974941068678 0.15774537892139051 0.038168954662978649 0.13010235296314931 0.1156314896652475 0.11222208384424448 0.03142854105681181 0.1922271523217205 0.016074503771960735 0.098939076531678438 0.015855716017540544 0.13903326616855338 0.10880653676576912 0.14086469111498445 0.036407112085726112 0.030336280819028616 0.059086704670335166 0.023587832227349281 0.0077817891724407664 0.02059313118297712 0.055483486708908458 0.0098868710920214653 0.051459088688716292 0.023283641785383224
leaf_count=176 58 70 78 159 7 13 94 41 7 58 25 18 6 67 3 16 9 43 20 27 15 4 7 2 3 28 16 1 7 10
internal_value=-1.15434e-10 0.0106783 -0.00875529 -0.00587437 -0.0014189 -0.0114971 0.0023121 -0.0034376 0.0196917 -0.0154628 0.0050867 0.0100627 0.0162563 0.0213205 0.000509989 0.00540142 -5.96531e-05 0.0153599 0.00750081 -0.00756851 -0.0217232 -0.0148132 -0.00838071 0.0228223 -0.0278303 -0.0277429 -0.0227642 -0.0326429 0.031335 0.0317566
internal_weight=2.87327 1.29448 1.5788 1.29181 0.720714 0.571096 0.127416 0.66531 0.495599 0.44368 0.798877 0.382743 0.382687 0.242452 0.416134 0.259195 0.131487 0.251255 0.140235 0.156939 0.286986 0.133612 0.089423 0.055404 0.0441889 0.153374 0.0760766 0.077297 0.112912 0.0747427
internal_count=1088 386 702 452 128 324 107 119 187 217 199 95 163 137 104 74 34 61 26 30 250 29 11 9 18 221 44 177 24 17
is_linear=0
shrinkage=0.03


Tree=124
num_leaves=31
num_cat=0
split_feature=9 0 9 9 7 7 6 4 5 6 13 12 1 12 0 1 9 4 0 3 0 10 1 11 5 8 12 13 11 4
split_gain=0.287647 0.0821245 0.0422277 0.0264723 0.0246379 0.0232338 0.0327358 0.0220903 0.0287592 0.0167463 0.0153888 0.0126467 0.0155206 0.00854603 0.00650331 0.0189342 0.00403667 0.00401603 0.00131284 0.000704638 0.00148554 0.000504017 0.000272901 0.000271573 5.70154e-05 3.86634e-05 2.14679e-05 1.64093e-05 9.42292e-06 5.46694e-07
threshold=0.61635000000000006 -0.013249999999999998 0.92825000000000013 -1.0000000180025095e-35 0.083550000000000013 0.17720000000000005 0.15730000000000002 -0.17714999999999997 1.0543500000000001 0.24005000000000001 0.0092500000000000013 1.04905 0.15020000000000003 1.1464000000000001 -0.057849999999999992 0.12360000000000002 1.2077000000000002 -0.13384999999999997 0.058650000000000008 -1.2240499999999999 0.057450000000000008 0.16415000000000005 0.15685000000000002 -0.16634999999999997 0.91720000000000013 0.12785000000000005 1.0216500000000004 0.12085000000000001 -0.14374999999999996 -0.16994999999999996
decision_type=2 2 2 2 2 2 2 2 2 2 2 2 2 2 2 2 2 2 2 2 2 2 2 2 2 2 2 2 2 2
left_child=1 4 5 26 21 11 27 22 -9 -8 16 12 -2 -13 17 -16 18 -6 -4 20 -12 25 -5 -23 -21 -1 28 -7 -3 -28
right_child=2 3 10 7 14 6 9 8 -10 -11 19 13 -14 -15 15 -17 -18 -19 -20 24 -22 23 -24 -25 -26 -27 29 -29 -30 -31
leaf_value=-0.032840296281244637 0.008122561167799261 -0.03349106589264892 -0.0051462133039690333 -0.021461313852459647 -0.030456296397843197 0.03075409317432282 0.0050832153496138018 -0.0039677122582234704 0.0084270505672860048 0.023819993579930969 0.0070098492035937663 0.0324905977469487 -0.0050717155762493756 2.8345746003028903e-05 0.021788314340616115 -0.014283169642360368 0.030339365554528576 -0.011778143754918566 0.0083824728975553167 0.03039868508148549 0.030426907990654131 -0.032617075460805008 -0.031560577391547939 -0.023694239806063694 0.031607088843241045 -0.031551719477855657 -0.03132507724350423 0.031540296732397721 -0.032128537972887554 -0.030867242156768542
leaf_weight=0.038137024201205461 0.28427148399350688 0.009010964073240757 0.011372340697562322 0.0026945322751997782 0.032576689322013408 0.043238699901849031 0.15751213656039909 1.1990316267147134 0.1960213805141392 0.05901649734005332 0.0035306953359395274 0.025212549837306142 0.11179266404360533 0.010272575775161386 0.013750829763012007 0.27530504762762575 0.0057208158541470757 0.015191628597676754 0.014932268997654319 0.080185840255580842 0.0078793454449623823 0.0042683075953391389 0.022650619172054576 0.010933886398561299 0.062554822070524096 0.04651956504676491 0.0039741627770126797 0.0534000254701823 0.0092650299575326445 0.0057340805851708865
leaf_count=46 93 6 18 2 7 9 34 263 81 16 7 6 18 4 3 67 17 2 8 34 3 7 51 4 11 178 9 13 27 44
internal_value=-1.50419e-10 -0.0067379 0.0136443 -0.00329966 -0.0181418 0.0104496 0.0166699 -0.00273038 -0.0022261 0.0101901 0.0264235 0.00593558 0.00439836 0.0230931 -0.0142618 -0.0125672 0.00750063 -0.0245161 0.00253358 0.0303548 0.0231808 -0.031229 -0.0304869 -0.0261995 0.0309283 -0.0321322 -0.0321947 0.0311885 -0.0328003 -0.0310547
internal_weight=2.81596 1.88507 0.930893 1.44838 0.436683 0.744717 0.313167 1.4204 1.39505 0.216529 0.186176 0.431549 0.396064 0.0354851 0.336824 0.289056 0.0320254 0.0477683 0.0263046 0.154151 0.01141 0.0998588 0.0253452 0.0152022 0.142741 0.0846566 0.0279842 0.0966387 0.018276 0.00970824
internal_count=1088 797 291 483 314 193 72 397 344 50 98 121 111 10 79 70 43 9 26 55 10 235 53 11 45 224 86 22 33 53
is_linear=0
shrinkage=0.03


Tree=125
num_leaves=30
num_cat=0
split_feature=10 9 2 7 11 12 13 2 12 6 13 8 7 4 8 8 9 5 4 10 10 10 9 7 11 9 1 1 0
split_gain=0.28047 0.0678025 0.062341 0.0626273 0.0261244 0.0357126 0.0207771 0.0188345 0.0171999 0.016537 0.026118 0.0159544 0.0146132 0.0145172 0.0151183 0.0140826 0.0136159 0.0116389 0.00967944 0.00704599 0.00584029 0.00332922 0.00171068 0.000580931 0.000284789 0.000151737 3.70981e-05 3.26175e-05 1.52331e-06
threshold=0.70295000000000007 0.72810000000000008 -0.031799999999999988 0.083550000000000013 -0.21609999999999999 1.0290000000000001 0.17300000000000001 0.20445000000000002 1.0162500000000001 0.15730000000000002 0.0092500000000000013 0.15970000000000004 0.17090000000000002 -0.11894999999999999 0.14995000000000003 0.15605000000000002 0.77480000000000016 0.99595000000000011 -0.14204999999999998 0.49125000000000008 0.58515000000000017 0.84065000000000001 0.45320000000000005 0.08030000000000001 -0.16634999999999997 0.16385000000000002 0.15780000000000002 0.16670000000000004 0.24635000000000004
decision_type=2 2 2 2 2 2 2 2 2 2 2 2 2 2 2 2 2 2 2 2 2 2 2 2 2 2 2 2 2
left_child=2 7 3 23 22 -6 9 13 18 10 -3 15 20 14 -2 19 -11 -10 -9 -4 -13 -15 -5 25 -25 -1 28 -28 -8
right_child=1 6 11 4 5 -7 26 8 17 16 -12 12 -14 21 -16 -17 -18 -19 -20 -21 -22 -23 -24 24 -26 -27 27 -29 -30
leaf_value=-0.032231043900612578 0.0095807499353372585 0.0016234874842067802 -0.0018595362336824139 -0.031345047707371398 -0.011774834061784345 0.0051749413106642944 0.03069460003006776 -0.0042557029245715149 0.031361832550781198 -0.0098859745852905405 0.026325598150134639 -0.032106074621284141 0.031772581230391179 -0.020962542482722855 -0.00097998050556502591 0.025128133474794187 0.012966211292442905 0.010680753638033716 0.012538655765550053 0.0075286405209945683 -0.012510299304822777 -0.005483091102065938 -0.018508451983623019 -0.032336825683858164 -0.023697797418659926 -0.035842983377569158 0.032116243568138782 0.030718696847194835 0.030302564936724181
leaf_weight=0.11332224292709725 0.21793746203184128 0.048923821887001395 0.42682602129207248 0.049947307146794628 0.5927514556387905 0.13790348050679313 0.017373915063217282 0.05564660660456866 0.05310589075088501 0.030236943624913692 0.18119443806062918 0.020407701309522963 0.0055684889666736117 0.025226115008990524 0.27713750139810145 0.02041836992430035 0.10478695516940206 0.045452935039065778 0.069414216093719006 0.086535591690335423 0.041573901471565478 0.024796421741484664 0.011493641257402487 0.0050469106445234493 0.010748030210379511 0.011533084978509578 0.048292184015735984 0.021821588161401451 0.018333128653466702
leaf_count=319 29 70 27 39 121 38 5 11 9 6 67 54 3 12 72 5 20 20 15 18 20 31 10 14 4 30 7 10 2
internal_value=3.06219e-11 0.010612 -0.00857554 -0.0134313 -0.0101556 -0.00857574 0.0195756 0.00512043 0.012452 0.0161834 0.0210739 -0.00104355 -0.01478 0.00211274 0.00366897 0.000694804 0.00784874 0.0218242 0.0050659 -0.000277004 -0.0189623 -0.0132893 -0.0289437 -0.0318789 -0.0264582 -0.0325647 0.0312804 0.0316813 0.0304933
internal_weight=2.77376 1.23968 1.53408 0.932746 0.792096 0.730655 0.470963 0.768717 0.22362 0.365142 0.230118 0.60133 0.0675501 0.545098 0.495075 0.53378 0.135024 0.0985588 0.125061 0.513362 0.0619816 0.0500225 0.0614409 0.14065 0.0157949 0.124855 0.105821 0.0701138 0.035707
internal_count=1088 386 702 575 208 159 187 199 55 163 137 127 77 144 101 50 26 29 26 45 74 43 49 367 18 349 24 17 7
is_linear=0
shrinkage=0.03


Tree=126
num_leaves=31
num_cat=0
split_feature=9 0 9 9 1 5 5 7 7 6 12 1 11 0 6 13 6 0 1 4 9 1 10 0 11 8 4 13 10 0
split_gain=0.272145 0.0865569 0.0313062 0.0263449 0.0378493 0.0326701 0.0261511 0.0235547 0.0214177 0.0250572 0.0201385 0.0408181 0.0264652 0.0177021 0.0164804 0.00878522 0.00803759 0.00655932 0.0178007 0.00422246 0.00280608 0.00207822 0.00049454 0.000361331 0.000259066 3.51791e-05 3.0514e-05 1.44319e-05 5.72697e-06 8.53792e-12
threshold=0.64780000000000004 -0.013249999999999998 0.96800000000000008 0.47390000000000004 0.13825000000000001 1.0658500000000004 0.97560000000000013 0.083550000000000013 0.17720000000000005 0.15730000000000002 0.99595000000000011 0.13525000000000001 -0.20494999999999999 0.099850000000000008 0.24005000000000001 0.0092500000000000013 -0.0077499999999999991 -0.057849999999999992 0.12360000000000002 -0.13384999999999997 1.2077000000000002 0.14675000000000002 0.16415000000000005 0.059750000000000004 -0.16634999999999997 0.13840000000000002 -0.16304999999999997 0.12085000000000001 1.3964500000000002 0.067350000000000007
decision_type=2 2 2 2 2 2 2 2 2 2 2 2 2 2 2 2 2 2 2 2 2 2 2 2 2 2 2 2 2 2
left_child=1 7 8 4 6 -6 -3 22 13 27 11 -5 -12 16 -11 20 -2 19 -19 -9 23 -15 25 -4 -24 -1 -17 -10 -28 -22
right_child=2 3 15 10 5 -7 -8 17 9 14 12 -13 -14 21 -16 26 -18 18 -20 -21 29 -23 24 -25 -26 -27 28 -29 -30 -31
leaf_value=-0.032475274647918384 -0.024984795533670803 -0.0036824882970513386 -0.00082266472137901519 0.0099108224733878442 -0.021166366396425263 0.0010053276689711494 0.017363754618221559 -0.030570042445321906 0.030721655688140809 0.0070430313295435226 0.00098229918741922755 -0.011904486433905974 0.01871170854571132 0.032137984310054907 0.025041863189077213 0.031575303451341602 0.0047404937025574308 0.021514578336653663 -0.014054001192636008 -0.011146143203999339 0.030331858810550356 0.01786244157898164 -0.032554658140770479 0.0085921508059031981 -0.023586526657035815 -0.031059537471296531 0.031276279743542419 0.031483253426835799 0.03039867144855829 0.030334517005802267
leaf_weight=0.057479335855532665 0.0084658917694468983 0.54469165344562498 0.0089902281761169434 0.12707160357604153 0.20791001784346008 0.083970143477927195 0.058878921903669834 0.032208428310696036 0.04054176271893084 0.15424692473607138 0.21743913649697788 0.19665180006995797 0.1163075692311395 0.020944623742252588 0.06511208601295948 0.028710895217955112 0.24837389503954899 0.013291476359881926 0.26794560765483766 0.014655668288469315 0.0022596882190555325 0.016336868284270167 0.004004134541901295 0.0061982247279956946 0.010503681551199406 0.021782939220429398 0.0072242768947035066 0.050023413612507284 0.090856007358524948 0.0020963506540283561
leaf_count=134 27 106 15 44 123 85 7 7 9 35 84 43 23 5 17 3 67 3 67 2 11 4 7 3 4 90 2 13 42 6
internal_value=-1.58532e-10 -0.00584392 0.0153796 -0.00257031 -0.00591852 -0.0147879 -0.00162941 -0.0178942 0.0123635 0.0178666 0.00198982 -0.00334129 0.00716083 0.00656474 0.0123856 0.0278292 0.0037607 -0.0141045 -0.012373 -0.0244957 0.00910704 0.0258824 -0.0311541 0.00301941 -0.0260617 -0.0320862 0.0307151 0.0311423 0.0304633 0.0303331
internal_weight=2.72517 1.97479 0.750381 1.55292 0.895451 0.29188 0.603571 0.421871 0.604045 0.309924 0.65747 0.323723 0.333747 0.294121 0.219359 0.146336 0.25684 0.328101 0.281237 0.0468641 0.0195445 0.0372815 0.0937701 0.0151885 0.0145078 0.0792623 0.126791 0.0905652 0.0980803 0.00435604
internal_count=1088 829 259 515 321 208 113 314 177 74 194 87 107 103 52 82 94 79 70 9 35 9 235 18 11 224 47 22 44 17
is_linear=0
shrinkage=0.03


Tree=127
num_leaves=31
num_cat=0
split_feature=9 0 9 9 7 7 6 6 1 4 13 6 3 8 10 11 5 9 9 6 0 10 11 5 8 12 13 11 4 0
split_gain=0.263915 0.0743184 0.038306 0.024491 0.0231885 0.0224913 0.0283028 0.0211069 0.031894 0.019907 0.0145228 0.0140941 0.0125578 0.0264617 0.00671659 0.00862582 0.00555973 0.00293498 0.00250456 0.00209231 0.00135385 0.000493283 0.00025474 4.85075e-05 3.33693e-05 1.93837e-05 1.32854e-05 8.89303e-06 4.98908e-07 7.83669e-12
threshold=0.61635000000000006 -0.013249999999999998 0.92825000000000013 -1.0000000180025095e-35 0.083550000000000013 0.17720000000000005 0.15730000000000002 0.14165000000000003 0.13525000000000001 -0.15424999999999997 0.0092500000000000013 0.24005000000000001 -0.69219999999999982 0.13515000000000002 0.35635000000000006 -0.16014999999999999 0.94560000000000011 1.2077000000000002 0.89850000000000019 -0.0058499999999999984 0.058650000000000008 0.16415000000000005 -0.16634999999999997 0.91720000000000013 0.13840000000000002 1.0216500000000004 0.12085000000000001 -0.14374999999999996 -0.16994999999999996 0.067350000000000007
decision_type=2 2 2 2 2 2 2 2 2 2 2 2 2 2 2 2 2 2 2 2 2 2 2 2 2 2 2 2 2 2
left_child=1 4 5 25 21 12 26 8 -5 -9 17 -8 18 -14 16 -16 -6 20 -2 -12 -4 24 -23 -21 -1 27 -7 -3 -27 -19
right_child=2 3 10 7 14 6 11 9 -10 -11 19 -13 13 -15 15 -17 -18 29 -20 23 -22 22 -24 -25 -26 28 -28 -29 -30 -31
leaf_value=-0.032450828419019653 -0.013314124887601428 -0.033447057114551128 -0.0047485970689170572 0.00039146259195151642 -0.036934330510220451 0.030704721684234486 0.0059063964774445261 -0.025533316862531935 -0.0094299795357852181 0.010597931898234542 0.0068320551912695966 0.02364160142493368 0.029861759108427009 0.0048092284300192516 -0.01526943865806827 -0.002269254630129067 -0.017143526950765788 0.030323984845651828 0.0027017490594768707 0.030378626869249241 0.0092967850852605123 -0.032525897365132436 -0.023500897107775132 0.031519683194195944 -0.03104455416351987 -0.03129593223135823 0.031448988392916245 -0.032075864351270238 -0.030837764376009848 0.030326579326138237
leaf_weight=0.055915954258125677 0.032964225953037385 0.0084961660322733223 0.010877056323806755 0.65360018285355159 0.014493636808765586 0.039088197750970721 0.14897455275058746 0.015092925361386733 0.54630773702410806 0.1513167785196855 0.0033422724809497586 0.055297236889600754 0.043012266047298797 0.32210390351247042 0.12660962059453595 0.072089750618033577 0.10775207365804818 0.0021773809567093841 0.011981744377408177 0.08044226432684809 0.014292708016000688 0.0038768922349845534 0.010274429281707853 0.057496003806591034 0.020848452046266175 0.0036475178803812014 0.048206008970737457 0.0085315815722425414 0.0051720778265007539 0.0020197019912302494
leaf_count=134 41 6 18 108 7 9 34 15 226 48 7 16 11 60 32 11 29 11 9 37 8 7 4 11 90 9 13 27 44 6
internal_value=-3.22059e-11 -0.00655076 0.0135482 -0.00323885 -0.0177456 0.0104477 0.0168176 -0.00269157 -0.00408016 0.00732092 0.0262959 0.0107074 0.00591855 0.00776053 -0.0139569 -0.0105529 -0.01949 0.00709994 -0.0090446 0.030286 0.00322711 -0.0311201 -0.0259734 0.0308542 -0.0320689 -0.0321688 0.0311157 -0.03276 -0.0310272 0.0303252
internal_weight=2.6763 1.80403 0.872276 1.39216 0.411861 0.701628 0.291566 1.36632 1.19991 0.16641 0.170647 0.204272 0.410062 0.365116 0.320945 0.198699 0.122246 0.0293668 0.044946 0.141281 0.0251698 0.0909157 0.0141513 0.137938 0.0767644 0.0258473 0.0872942 0.0170277 0.0088196 0.00419708
internal_count=1088 797 291 483 314 193 72 397 334 63 98 50 121 71 79 43 36 43 50 55 26 235 11 48 224 86 22 33 53 17
is_linear=0
shrinkage=0.03


Tree=128
num_leaves=31
num_cat=0
split_feature=9 0 9 8 7 5 7 1 13 7 12 8 5 6 6 6 9 10 9 10 13 9 5 6 10 11 8 1 1 4
split_gain=0.256679 0.0656744 0.0521569 0.0242606 0.0214433 0.0211122 0.0379124 0.0285324 0.0187577 0.0157724 0.0135117 0.0194394 0.0213791 0.0143056 0.0131294 0.0191047 0.0129661 0.0104516 0.00688354 0.00576593 0.0081232 0.00567508 0.00500183 0.00164979 0.000485814 0.000246403 3.21197e-05 3.01948e-05 2.70524e-05 1.81332e-06
threshold=0.57480000000000009 -0.013249999999999998 0.72810000000000008 0.16555000000000003 0.083550000000000013 1.0576000000000001 0.11050000000000001 0.13535000000000003 0.17300000000000001 0.17090000000000002 1.0418000000000003 0.14995000000000003 0.93740000000000012 0.13035000000000002 -0.0063999999999999986 0.15730000000000002 0.64780000000000004 0.72725000000000006 0.62705000000000011 0.35635000000000006 0.049450000000000008 0.55375000000000008 0.94560000000000011 -0.008349999999999998 0.16415000000000005 -0.16634999999999997 0.13840000000000002 0.15780000000000002 0.16670000000000004 -0.10914999999999998
decision_type=2 2 2 2 2 2 2 2 2 2 2 2 2 2 2 2 2 2 2 2 2 2 2 2 2 2 2 2 2 2
left_child=1 4 10 5 24 7 -7 -3 14 21 11 12 -2 17 23 -16 -13 -12 -15 22 -21 -5 -6 -4 26 -26 -1 29 -29 -10
right_child=2 3 8 9 19 6 -8 -9 27 -11 13 16 -14 18 15 -17 -18 -19 -20 20 -22 -23 -24 -25 25 -27 -28 28 -30 -31
leaf_value=-0.032429088628720348 -0.0029965063581021711 -2.7556552014306049e-05 -0.022677228407448256 -0.0273673965696846 -0.036505376723216187 -0.018238647932396945 0.027759869485262857 -0.010221472326738291 0.030742281345791368 0.031710706651134964 0.029350744534757181 -0.012084898924768179 0.017403276347929979 0.01164082035187214 0.023691115206054845 0.0087007450567728965 0.0025669688563479533 0.0010713171031156705 0.031509235651122354 -0.0075477861172893517 -0.021864648422744177 -0.0092202190962170812 -0.01729101217838749 -0.0025550287261089551 -0.032492027543218852 -0.023493620725527371 -0.031026663152934064 0.032008312949182015 0.030680573502307514 0.030286001527050986
leaf_weight=0.054348332912922959 0.072005668895144259 0.64660866712620213 0.0048749823108664705 0.059565750931142136 0.013776286315987818 0.023952558871314866 0.049355593509972095 0.39997358418622753 0.0132257214281708 0.0051098607946187249 0.013992851483635604 0.08353794040158391 0.12919316068291664 0.025217925664037466 0.19178088085027412 0.12731182924471796 0.15562000242061913 0.073778761783614755 0.041553955408744514 0.14354256881051697 0.047460682515520602 0.020969333127140999 0.10611135595900123 0.014799904165556654 0.0037573714289464996 0.010102796484716237 0.020146140333054063 0.044261843664571643 0.020074824918992817 0.019246060866862535
leaf_count=134 33 127 18 119 7 34 8 130 4 3 4 21 19 8 93 26 28 28 19 27 15 7 29 26 7 4 90 7 10 3
internal_value=-2.75379e-10 -0.00750268 0.0116841 -0.00401013 -0.0180485 -0.00283322 0.0127304 -0.00392338 0.0195717 -0.0193994 0.00590885 0.00323043 0.0101025 0.0135407 0.0162437 0.0177102 -0.00255093 0.00557972 0.0240055 -0.0143421 -0.0111053 -0.0226423 -0.0194989 -0.00754084 -0.0310903 -0.025933 -0.0320498 0.0312176 0.031594 0.0304718
internal_weight=2.63526 1.60478 1.03048 1.20554 0.399246 1.11989 0.0733082 1.04658 0.435576 0.0856449 0.5949 0.440357 0.201199 0.154543 0.338768 0.319093 0.239158 0.0877716 0.0667719 0.310891 0.191003 0.0805351 0.119888 0.0196749 0.0883546 0.0138602 0.0744945 0.0968085 0.0643367 0.0324718
internal_count=1088 741 347 428 313 299 42 257 187 129 160 101 52 59 163 119 49 32 27 78 42 126 36 44 235 11 224 24 17 7
is_linear=0
shrinkage=0.03


Tree=129
num_leaves=29
num_cat=0
split_feature=10 9 2 7 11 12 13 12 0 8 13 8 13 4 6 13 0 8 9 7 7 10 10 4 9 9 10 1
split_gain=0.248532 0.060562 0.0583577 0.0589774 0.0258467 0.0259702 0.0189041 0.0173917 0.0198177 0.0155326 0.0182292 0.0144635 0.0140049 0.013992 0.0134999 0.023795 0.0129082 0.0126895 0.0126622 0.0125118 0.00738798 0.00674447 0.00526924 0.0019198 0.00163118 0.000140461 3.9141e-05 2.13479e-05
threshold=0.70295000000000007 0.72810000000000008 -0.031799999999999988 0.090550000000000005 -0.21609999999999999 1.0290000000000001 0.17300000000000001 0.99645000000000017 0.048150000000000005 0.14995000000000003 0.08975000000000001 0.15970000000000004 0.1047 -0.11339999999999999 0.15730000000000002 0.0092500000000000013 0.12745000000000004 0.15605000000000002 0.77480000000000016 0.17090000000000002 0.08030000000000001 0.49125000000000008 0.58515000000000017 -0.14584999999999998 0.45320000000000005 0.16385000000000002 1.0680000000000003 0.15780000000000002
decision_type=2 2 2 2 2 2 2 2 2 2 2 2 2 2 2 2 2 2 2 2 2 2 2 2 2 2 2 2
left_child=2 7 3 20 24 -6 14 9 12 10 -2 17 -9 -10 15 -3 -11 21 -16 22 25 -4 -13 -22 -5 -1 -8 -28
right_child=1 6 11 4 5 -7 26 8 13 16 -12 19 -14 -15 18 -17 -18 -19 -20 -21 23 -23 -24 -25 -26 -27 27 -29
leaf_value=-0.032183035542450548 -0.0011420203922598191 0.0012544086309497846 -0.0017155278114437164 -0.031218116792470448 -0.010174136908336252 0.0053385323994299622 0.033093124706733076 0.003770381646523201 0.016850708018880022 -0.014800688499030719 0.016127735864031052 -0.031972129669692914 -0.028874073898390563 -0.020803075616225471 -0.0094575590504758934 0.025999541646334629 0.0036585531782202638 0.02492429856348179 0.013442040643413864 0.031637279898076756 -0.025803629724078465 0.007730581351920205 -0.012355532400087417 -0.017014831189308164 -0.018100005323120186 -0.035805294720111666 0.030373534054836959 0.031382273284921554
leaf_weight=0.10105136421225325 0.14446633495026595 0.044482201759819873 0.42462047586741414 0.043842161321663298 0.48859832514426671 0.12122683755296748 0.0093668869230896235 0.10292843566276133 0.21420931571628898 0.082658702041953802 0.088836772833019495 0.018171037007050472 0.013363450270844623 0.0092660596128553152 0.028258679667487741 0.16362577918334864 0.058029520325362682 0.018760502702207305 0.094091024366207421 0.0048303871881216756 0.040831674999935785 0.081005083309719339 0.038297294653602876 0.049469139856228139 0.010592064558295533 0.010650132465343631 0.028138580266386271 0.057394983014091849
leaf_count=319 58 70 27 37 102 33 2 25 59 18 16 54 9 2 6 67 12 5 20 3 29 18 20 15 10 30 6 16
internal_value=-1.28007e-10 0.0104897 -0.00822967 -0.0131751 -0.00885841 -0.00709038 0.0194503 0.00514977 0.0100629 0.000686248 0.00543393 -0.000915116 1.91091e-05 0.0152895 0.0160611 0.0207104 -0.00718682 0.00069674 0.008153 -0.0147039 -0.0273699 -0.000202189 -0.018668 -0.0209889 -0.0286655 -0.0325284 0.031252 0.0310504
internal_weight=2.59106 1.13912 1.45195 0.866262 0.664259 0.609825 0.425358 0.713759 0.339767 0.373991 0.233303 0.585685 0.116292 0.223475 0.330458 0.208108 0.140688 0.524386 0.12235 0.0612987 0.202002 0.505626 0.0564683 0.0903008 0.0544342 0.111701 0.0949005 0.0855336
internal_count=1088 386 702 575 182 135 187 199 95 104 74 127 34 61 163 137 30 50 26 77 393 45 74 44 47 349 24 22
is_linear=0
shrinkage=0.03


Tree=130
num_leaves=30
num_cat=0
split_feature=9 0 9 8 7 9 5 13 7 12 8 12 6 6 13 9 9 10 9 10 13 9 5 10 11 10 8 1 12
split_gain=0.239739 0.0625265 0.0480312 0.0218297 0.0205117 0.020264 0.0190236 0.0183932 0.014905 0.0127356 0.0173196 0.0206874 0.0141413 0.0126748 0.0229656 0.0113994 0.0113888 0.0094234 0.00593794 0.00563926 0.00739747 0.0052471 0.00489584 0.000484992 0.000241905 3.50708e-05 3.01543e-05 1.99513e-05 1.22591e-05
threshold=0.57480000000000009 -0.013249999999999998 0.72810000000000008 0.16555000000000003 0.083550000000000013 -1.0000000180025095e-35 1.0576000000000001 0.17300000000000001 0.17090000000000002 1.0418000000000003 0.14995000000000003 0.9467000000000001 0.13035000000000002 0.15730000000000002 0.0092500000000000013 0.64780000000000004 0.77480000000000016 0.72725000000000006 0.62705000000000011 0.35635000000000006 0.049450000000000008 0.55375000000000008 0.94560000000000011 0.16415000000000005 -0.16634999999999997 1.0680000000000003 0.13840000000000002 0.15780000000000002 1.0326500000000001
decision_type=2 2 2 2 2 2 2 2 2 2 2 2 2 2 2 2 2 2 2 2 2 2 2 2 2 2 2 2 2
left_child=1 4 9 5 23 28 -7 13 21 10 11 -2 17 14 -4 -12 -15 -11 -14 22 -21 -5 -6 26 -25 -9 -1 -27 -3
right_child=2 3 7 8 19 6 -8 25 -10 12 15 -13 18 16 -16 -17 -18 -19 -20 20 -22 -23 -24 24 -26 27 -28 -29 -30
leaf_value=-0.032398172341255277 0.002026715582033739 -0.032730537422841127 0.0013035453195415153 -0.027038350046903734 -0.036546860356311467 -0.0032452142341381617 0.013185289071801215 0.033002913551151355 0.031626904809551909 0.028901299163117861 -0.011406945865355947 0.022109251704888217 0.012507454466244589 -0.008649226497959071 0.025836782834390271 0.0026221556035886692 0.01331621677975321 0.0011210880144051393 0.031469009924390889 -0.0075018004476948607 -0.021407834233973289 -0.0091362393035381677 -0.017156716005172351 -0.03245021376836018 -0.023304683393637733 0.03036367222654858 -0.030989621766541457 0.031356999564882422 -0.030964160656906863
leaf_weight=0.05109514947889704 0.11771514135034511 0.015930841303997911 0.043757259401900228 0.055355262868033717 0.013228691452241037 1.0079210216281351 0.0676797068936138 0.0090067556593567133 0.0049184737727046004 0.013021009392105043 0.080149750574491918 0.075950908474624157 0.023954097356181592 0.027600773377344012 0.1595786074467469 0.14909496554173529 0.092245364445261657 0.070438648806884885 0.039168180373962969 0.13954295888834167 0.045705132972216234 0.02008033127640374 0.10272353957043379 0.003558568438165822 0.0096932653104886413 0.027069099945947528 0.018679482902371092 0.055531227844767272 0.0045450402758433475
leaf_count=134 42 33 70 119 7 211 35 2 3 4 21 10 8 6 67 28 20 28 19 27 15 7 29 7 4 6 90 16 20
internal_value=-7.76712e-11 -0.00731236 0.0115943 -0.00388065 -0.0178196 -0.00277417 -0.00221136 0.0193596 -0.0189737 0.00593855 0.00329734 0.00990258 0.0135588 0.0159962 0.0205573 -0.00228277 0.00825754 0.00545523 0.0242733 -0.0141804 -0.0109328 -0.022273 -0.0193689 -0.0310218 -0.0257606 0.0312253 -0.0320211 0.0310315 -0.0323385
internal_weight=2.54494 1.56066 0.984282 1.17643 0.384227 1.09608 1.0756 0.414789 0.0803541 0.569493 0.422911 0.193666 0.146582 0.323182 0.203336 0.229245 0.119846 0.0834597 0.0631223 0.3012 0.185248 0.0754356 0.115952 0.0830265 0.0132518 0.0916071 0.0697746 0.0826003 0.0204759
internal_count=1088 741 347 428 313 299 246 187 129 160 101 52 59 163 137 49 26 32 27 78 42 126 36 235 11 24 224 22 53
is_linear=0
shrinkage=0.03


Tree=131
num_leaves=31
num_cat=0
split_feature=10 9 2 10 4 1 12 12 13 6 8 4 7 3 8 7 10 5 2 4 13 7 11 6 9 0 0 0 1 7
split_gain=0.233436 0.0572012 0.0547238 0.0568418 0.0289461 0.0308641 0.0221 0.0207634 0.0197837 0.0177861 0.0250654 0.0177323 0.0166413 0.0163946 0.0126991 0.0117517 0.0114386 0.0113214 0.0106311 0.0100087 0.00950463 0.00815708 0.00709152 0.00523628 0.00409738 0.00401993 0.00377713 0.00296285 0.000936244 0.000526368
threshold=0.70295000000000007 0.76160000000000017 -0.031799999999999988 0.39890000000000009 -0.12619999999999995 0.13535000000000003 0.99285000000000012 0.95160000000000011 0.0092500000000000013 0.13035000000000002 0.16355000000000003 -0.13184999999999997 0.083550000000000013 -0.69219999999999982 0.15970000000000004 0.17090000000000002 0.49125000000000008 1.0535000000000003 -0.41259999999999991 -1.0000000180025095e-35 0.11525000000000001 0.13095000000000004 -0.26089999999999997 0.14260000000000003 0.89850000000000019 0.11805 1.0000000180025095e-35 0.058350000000000006 0.0093500000000000024 0.08030000000000001
decision_type=2 2 2 2 2 2 2 2 2 2 2 2 2 2 2 2 2 2 2 2 2 2 2 2 2 2 2 2 2 2
left_child=2 6 3 12 5 -5 7 13 24 20 -11 -9 29 -2 16 23 19 22 -14 -4 -8 -18 -10 -16 28 -19 -6 -26 -3 -1
right_child=1 8 14 4 26 -7 9 11 17 10 -12 -13 18 -15 15 -17 21 25 -20 -21 -22 -23 -24 -25 27 -27 -28 -29 -30 -31
leaf_value=-0.0322650353951855 -0.011108755088739706 -0.023042763866580225 -0.015460399716786123 0.0064667007753051809 -0.015094800616734278 -0.010232774701726625 0.0029132922179158794 -0.014073363375324045 0.010281769985146709 0.028886917817838319 0.0066183964034392286 0.0068096582203185556 -0.015144867625889687 0.010449804446837 -0.025832012774029127 0.031554715501706777 0.020215265404011629 0.020589109652897276 -0.033251257773093373 -5.7658092049913738e-10 0.029938705630892102 0.0021369895630689003 0.027745892602796758 -0.0067267789606565024 -0.004537930902546501 0.00052164595298681592 -0.029811809409161411 0.013535665066015525 -0.001048178780469605 -0.025982237833780876
leaf_weight=0.098455566665506922 0.038127584313770058 0.0060587515472434461 0.041744159960217075 0.17387045844225213 0.024963798983662855 0.23320797071210109 0.17538300066371448 0.11012290744110942 0.023082655388861895 0.092003901256248355 0.089985960046760738 0.054808471817523241 0.21621804576352588 0.18970796209759988 0.032187740365770878 0.0046477532014250747 0.040596657694550231 0.014844969031400979 0.033738875983544858 0.38766010105609916 0.012550150044262409 0.050287780351936817 0.22398142202291638 0.021558440957960556 0.013322154271008912 0.022756023332476616 0.042272776219760999 0.021080428850837052 0.0024445948656648397 0.013667203935256111
leaf_count=328 46 13 25 31 11 74 49 22 4 15 33 10 53 38 45 3 12 4 33 4 7 9 87 29 26 5 27 23 4 18
internal_value=-1.32452e-10 0.0104327 -0.00803798 -0.0129452 -0.00611207 -0.00310013 0.00592933 0.000973321 0.020918 0.0111914 0.0178761 -0.00713371 -0.0218964 0.00684205 -0.000945388 -0.014211 0.000543458 0.0237803 -0.0175888 -0.00150297 0.00471805 0.0102123 0.0261143 -0.0181686 0.0019277 0.00844433 -0.0243476 0.00653679 -0.0167196 -0.0314992
internal_weight=2.50534 1.09026 1.41508 0.836395 0.474315 0.407078 0.76269 0.392767 0.327571 0.369923 0.18199 0.164931 0.36208 0.227836 0.578683 0.0583939 0.520289 0.284665 0.249957 0.429404 0.187933 0.0908844 0.247064 0.0537462 0.0429059 0.037601 0.0672366 0.0344026 0.00850335 0.112123
internal_count=1088 386 702 575 143 105 220 116 166 104 48 32 432 84 127 77 50 100 86 29 56 21 91 74 66 9 38 49 17 346
is_linear=0
shrinkage=0.03


Tree=132
num_leaves=30
num_cat=0
split_feature=9 0 9 9 3 9 12 8 10 7 6 0 10 13 2 13 1 6 9 12 5 9 1 10 0 4 13 9 0
split_gain=0.226354 0.0751604 0.0261518 0.0235682 0.0408701 0.0311362 0.021607 0.0308101 0.0202021 0.0181468 0.0212005 0.0153503 0.0151977 0.0142858 0.0110589 0.00739507 0.00734419 0.0069576 0.00656267 0.00533228 0.00475635 0.00220195 0.00179802 0.000345573 0.000289849 2.02874e-05 1.12437e-05 4.82227e-06 1.78225e-11
threshold=0.64780000000000004 -0.013249999999999998 0.96800000000000008 0.44475000000000003 -0.74364999999999981 0.35330000000000006 0.96770000000000012 0.14250000000000004 0.35635000000000006 0.17720000000000005 0.15730000000000002 0.099850000000000008 0.72725000000000006 0.15310000000000004 -0.50014999999999987 0.0092500000000000013 0.12360000000000002 -0.0077499999999999991 0.19820000000000002 0.93210000000000004 0.94560000000000011 1.2077000000000002 0.14675000000000002 0.16415000000000005 0.059750000000000004 -0.16304999999999997 0.12085000000000001 0.97780000000000011 0.067350000000000007
decision_type=2 2 2 2 2 2 2 2 2 2 2 2 2 2 2 2 2 2 2 2 2 2 2 2 2 2 2 2 2
left_child=1 8 9 4 14 -6 12 -8 18 11 26 17 -5 -12 -3 21 -10 -2 23 -18 -20 24 -13 -1 -4 -17 -11 -27 -23
right_child=2 3 15 6 5 -7 7 -9 16 10 13 22 -14 -15 -16 25 19 -19 20 -21 -22 28 -24 -25 -26 27 -28 -29 -30
leaf_value=-0.031991776840945528 -0.024765880823403707 -0.026029706888689001 0.00052490125480119938 -0.015372766849917402 -0.026818922137789556 -0.0072801555388663152 0.031613362125577214 0.0032196779109822855 0.0045541863376791754 0.030640055845346324 0.0053383910708582399 0.032073277800970315 0.00046348615364658795 0.021905809190153704 0.00094322188716003093 0.031420972229192247 -0.034441520074469691 0.0048596672349398625 -0.03671938202056927 -0.011378449905868279 -0.017588464263581446 0.03030723058849236 0.017905586790415807 -0.026025419203144155 0.0093448713145991534 0.031229615979645561 0.031371883734252981 0.030364213974014058 0.030311419838469741
leaf_weight=0.065101999379294395 0.007370842529780929 0.014141113450023113 0.0081797824241220951 0.089425351241516182 0.11188883365502988 0.21340299708026578 0.037599338684231043 0.40355721492960583 0.025562214199453592 0.033519732882268727 0.10992315382463858 0.018394026672467589 0.13980957676176331 0.081626357859931886 0.41986846075451467 0.024306578561663628 0.0096006521707749926 0.22258986577799067 0.013217378047556849 0.14979219547240064 0.1016273196801194 0.0018657562904991201 0.014352507656440139 0.010091328643284214 0.0056832320988178262 0.0062866581138223401 0.043303810642100871 0.074108794971834868 0.0017916892538778484
leaf_count=223 27 41 15 31 183 65 6 129 4 9 29 5 49 23 11 3 9 67 8 30 30 11 4 10 3 3 13 41 6
internal_value=7.50101e-11 -0.0054775 0.0151311 -0.00234201 -0.00596128 -0.0140008 0.00175726 0.00563964 -0.0174318 0.0122516 0.0177383 0.00664662 -0.00571429 0.0123984 6.43767e-05 0.0276429 -0.0103736 0.00391009 -0.0243013 -0.0127676 -0.0197902 0.00960347 0.0258637 -0.0311911 0.0041407 0.0306615 0.0310526 0.0304319 0.0303093
internal_weight=2.45799 1.80469 0.653303 1.42969 0.759301 0.325292 0.670391 0.441157 0.374993 0.53108 0.268373 0.262707 0.229235 0.19155 0.43401 0.122222 0.184955 0.229961 0.190038 0.159393 0.114845 0.0175205 0.0327465 0.0751933 0.013863 0.104702 0.0768235 0.0803955 0.00365745
internal_count=1088 829 259 515 300 248 215 135 314 177 74 103 80 52 52 82 43 94 271 39 38 35 9 233 18 47 22 44 17
is_linear=0
shrinkage=0.03


Tree=133
num_leaves=31
num_cat=0
split_feature=9 0 9 9 1 4 5 7 12 1 11 7 6 0 13 13 6 0 1 4 9 1 10 0 11 8 4 13 9 0
split_gain=0.219739 0.072836 0.0251852 0.0218812 0.0312718 0.0282785 0.0205459 0.0198594 0.0181527 0.0311248 0.0209359 0.0174639 0.0203825 0.0143905 0.0132757 0.00734914 0.00653683 0.00635588 0.0157382 0.00336376 0.0021468 0.00181036 0.000471795 0.000317641 0.000229333 2.74203e-05 1.88507e-05 1.03083e-05 4.51112e-06 1.68964e-11
threshold=0.64780000000000004 -0.013249999999999998 0.96800000000000008 0.47390000000000004 0.13825000000000001 -0.15974999999999998 0.97560000000000013 0.083550000000000013 0.99595000000000011 0.13525000000000001 -0.20494999999999999 0.17720000000000005 0.15730000000000002 0.099850000000000008 0.15310000000000004 0.0092500000000000013 -0.0077499999999999991 -0.057849999999999992 0.12360000000000002 -0.13384999999999997 1.2077000000000002 0.14675000000000002 0.16415000000000005 0.059750000000000004 -0.16634999999999997 0.13840000000000002 -0.16304999999999997 0.12085000000000001 0.97780000000000011 0.067350000000000007
decision_type=2 2 2 2 2 2 2 2 2 2 2 2 2 2 2 2 2 2 2 2 2 2 2 2 2 2 2 2 2 2
left_child=1 7 11 4 6 -6 -3 22 9 -5 -10 13 27 16 -14 20 -2 19 -19 -9 23 -15 25 -4 -24 -1 -17 -13 -28 -22
right_child=2 3 15 8 5 -7 -8 17 10 -11 -12 12 14 21 -16 26 -18 18 -20 -21 29 -23 24 -25 -26 -27 28 -29 -30 -31
leaf_value=-0.032353692111951639 -0.024302999273967951 -0.0033277289534643191 0.00018431202769451623 0.0091445599447399113 -0.0010856255653978204 -0.021726464925678597 0.016420990452231894 -0.030378838323327873 0.00154899333433392 -0.0111202630070763 0.018443954393002802 0.0306248107225532 0.0056106308514767755 0.032022034876681767 0.021718714199945137 0.031390769096284757 0.004972858240083762 0.021583884956789444 -0.013617385620784017 -0.012077302582617478 0.030300730690314068 0.01758687101324544 -0.032416328006278028 0.0094998464908525732 -0.02315764027993935 -0.030941015837874619 0.031205771840045422 0.031338267289275752 0.030356842113225407 0.030304891026531462
leaf_weight=0.04687630230546358 0.0070860223204363129 0.52574523359180603 0.0080280860420316458 0.11219378066016361 0.094537583390774671 0.16227955473550537 0.052111633121967316 0.028509577503427863 0.1882048288025544 0.17400623625144362 0.10167244740296155 0.032342852209694684 0.10836905043106526 0.017681216821074486 0.080073010874912143 0.023673526477068663 0.21928569494048122 0.01200452770353877 0.23922370959917316 0.01323398295789957 0.001793619478121399 0.014018883928656578 0.0032660605902492543 0.0055868441704660663 0.0091619002050720155 0.0167970898155545 0.0061152896378189317 0.04175822320394218 0.071515512769110501 0.0017221460002474487
leaf_count=134 27 106 15 44 88 120 7 7 84 43 23 9 29 5 23 3 67 3 67 2 11 4 7 3 4 90 3 13 41 6
internal_value=-1.18623e-10 -0.0054181 0.01509 -0.00231399 -0.00541793 -0.0141283 -0.00154677 -0.0172833 0.00218328 -0.00317621 0.00747478 0.0122494 0.017697 0.00670744 0.0124553 0.0275766 0.00405645 -0.0137365 -0.0119354 -0.0245767 0.00940366 0.0256383 -0.0309375 0.00400691 -0.0255908 -0.031981 0.0306497 0.0310269 0.0304237 0.0303028
internal_weight=2.41887 1.77982 0.63905 1.41075 0.834674 0.256817 0.577857 0.369073 0.576077 0.2862 0.289877 0.520615 0.262543 0.258072 0.188442 0.118435 0.226372 0.292972 0.251228 0.0417436 0.0171307 0.0317001 0.0761014 0.0136149 0.012428 0.0636734 0.101304 0.0741011 0.0776308 0.00351577
internal_count=1088 829 259 515 321 208 113 314 194 87 107 177 74 103 52 82 94 79 70 9 35 9 235 18 11 224 47 22 44 17
is_linear=0
shrinkage=0.03


Tree=134
num_leaves=31
num_cat=0
split_feature=9 0 9 2 12 8 4 5 13 5 13 7 12 7 5 2 2 5 1 9 0 2 9 0 0 1 9 10 11 11
split_gain=0.214588 0.0572094 0.0433534 0.0258463 0.0382589 0.0343776 0.0187263 0.0234853 0.0189936 0.018459 0.0177687 0.0146137 0.0115448 0.0104491 0.0102793 0.00945217 0.00970137 0.00681684 0.00645243 0.00526491 0.0047265 0.00628109 0.00343073 0.00321634 0.00278621 0.00126508 0.001053 0.00050581 0.000260961 2.43573e-05
threshold=0.57480000000000009 -0.025799999999999997 0.76160000000000017 -0.026949999999999998 0.94905000000000006 0.13355000000000003 -0.13434999999999997 1.0369500000000003 0.099100000000000008 0.99595000000000011 0.0092500000000000013 0.17135000000000003 0.93930000000000013 0.083550000000000013 1.0535000000000003 -0.024199999999999996 -0.0097499999999999983 0.93740000000000012 0.15485000000000002 0.46820000000000006 -0.06699999999999999 -0.69764999999999988 0.89850000000000019 0.11805 0.058350000000000006 0.0093500000000000024 0.45320000000000005 0.16415000000000005 -0.16634999999999997 -0.18634999999999999
decision_type=2 2 2 2 2 2 2 2 2 2 2 2 2 2 2 2 2 2 2 2 2 2 2 2 2 2 2 2 2 2
left_child=1 13 6 4 19 -6 7 18 -9 12 22 -11 -8 27 17 26 -17 -12 -2 -3 -15 -22 25 -16 -24 -4 -5 29 -29 -1
right_child=2 3 10 15 5 -7 9 8 -10 11 14 -13 -14 20 23 16 -18 -19 -20 -21 21 -23 24 -25 -26 -27 -28 28 -30 -31
leaf_value=-0.030962086179481877 -0.0082612174742027113 -0.030651426876512219 -0.023092077399485874 0.014760481503918349 0.014953427018110744 -0.0084805602896691982 0.011013312402008577 0.022456139430093277 0.0013204179685802513 -0.011436103359301156 0.021156688313755532 0.0122493141679711 0.027005676813378742 -0.038557357253482777 0.019875104647743995 -0.023264497775596849 -6.4931046215273151e-05 0.031570836423068904 0.0046145799740312885 -0.01370693130373379 -0.011185707876015935 -0.023651596818389194 -0.0044436598358269927 0.0013829464156083421 0.01361699693596235 0.0027062578131693349 0.029825139594157238 -0.032386272825700932 -0.02225823259948401 -0.032415913700130812
leaf_weight=0.013988151321427722 0.13834905589465052 0.070106970808410551 0.0056263002734340262 0.0084987629252282204 0.06392793232225813 0.4747433540151178 0.080483252837438957 0.069602045812644064 0.084996071353089064 0.03971747518517077 0.12337236915482208 0.057221365626901388 0.082035541767254472 0.0084620480774901807 0.013876276672817767 0.016691018550773151 0.5778260361548746 0.10447143099736422 0.046903579961508512 0.021584600661299191 0.10388936599338194 0.055978436394070741 0.012571816565468907 0.021707318723201752 0.019787383440416306 0.0024581081233918667 0.0082099325081799179 0.0031752327740832706 0.0082093763630837202 0.040115506527399813
leaf_count=70 29 94 13 4 10 231 43 12 49 7 65 10 21 2 4 19 110 26 10 19 19 23 26 5 23 4 3 7 3 127
internal_value=-3.14134e-11 -0.00705011 0.0115168 -0.00448651 -0.00874875 -0.00569948 0.00683664 0.00220312 0.010836 0.0129059 0.0207474 0.002545 0.0190859 -0.020663 0.0235899 -9.08319e-05 -0.000716257 0.0259318 -0.00500123 -0.0266626 -0.0167073 -0.0155507 0.00223297 0.0085942 0.00660028 -0.015248 0.0221626 -0.0308306 -0.025083 -0.03204
internal_weight=2.37859 1.47541 0.903179 1.24159 0.630363 0.538671 0.599308 0.339851 0.154598 0.259458 0.303871 0.0969388 0.162519 0.233818 0.263427 0.611226 0.594517 0.227844 0.185253 0.0916916 0.16833 0.159868 0.0404436 0.0355836 0.0323592 0.00808441 0.0167087 0.0654883 0.0113846 0.0541037
internal_count=1088 741 347 490 354 241 181 100 61 81 166 17 64 251 100 136 129 91 39 113 44 42 66 9 49 17 7 207 10 197
is_linear=0
shrinkage=0.03


Tree=135
num_leaves=31
num_cat=0
split_feature=9 0 9 9 7 9 1 7 6 12 0 6 13 10 11 6 5 9 1 10 0 11 8 4 12 11 13 8 12 4
split_gain=0.206671 0.0695661 0.0239487 0.0213642 0.018839 0.0165758 0.0275247 0.0162047 0.0192364 0.0160789 0.0133864 0.011705 0.00704664 0.0062276 0.00651485 0.00600583 0.0044288 0.00201094 0.00175344 0.000462087 0.000289842 0.000219037 2.50395e-05 1.69024e-05 1.52827e-05 8.63678e-06 8.42552e-06 2.84423e-06 7.09887e-07 3.5339e-07
threshold=0.64780000000000004 -0.013249999999999998 0.96800000000000008 -1.0000000180025095e-35 0.083550000000000013 0.47390000000000004 0.13685000000000003 0.17720000000000005 0.15730000000000002 0.99595000000000011 0.099850000000000008 0.24005000000000001 0.0092500000000000013 0.35635000000000006 -0.16014999999999999 -0.0077499999999999991 0.94560000000000011 1.2077000000000002 0.14675000000000002 0.16415000000000005 0.059750000000000004 -0.16634999999999997 0.13840000000000002 -0.12164999999999999 1.0216500000000004 -0.14374999999999996 0.12085000000000001 0.16850000000000001 0.010450000000000003 -0.16994999999999996
decision_type=2 2 2 2 2 2 2 2 2 2 2 2 2 2 2 2 2 2 2 2 2 2 2 2 2 2 2 2 2 2
left_child=1 4 7 24 19 6 -5 10 26 -7 15 -10 17 16 -15 -2 -6 20 -12 22 -4 -21 -1 27 25 -3 -9 -14 -25 -26
right_child=2 3 12 5 13 9 -8 8 11 -11 18 -13 23 14 -16 -17 -18 -19 -20 21 -22 -23 -24 28 29 -27 -28 -29 -30 -31
leaf_value=-0.032312116815953237 -0.023762901211181048 -0.03341072759202228 0.00046599828382697263 -0.00066095043676582717 -0.03667160888879744 -0.0029261037519622015 -0.01252621477712121 0.030607504957721562 0.0075573441076091721 0.007285720521501996 0.031966895495857905 0.024425463660445727 0.03137754866184525 -0.014589499518101063 -0.0025759201353290455 0.0050501983580870024 -0.017230731314095835 0.030293013569763272 0.017400189816156493 -0.032356872087283543 0.0095007170968969268 -0.0230624421028932 -0.030920813448448325 0.030493568230813665 -0.031229286314010337 -0.031930301968489755 0.031272628291550635 0.030807852551927518 0.03027150507624778 -0.030798499782163119
leaf_weight=0.044249764222513588 0.006717564116115681 0.00733593525364995 0.0077847952488809824 0.53677770640933864 0.011873268700583139 0.27649009190281504 0.26176751316234004 0.030694048968143761 0.12873715249588713 0.27859488568356028 0.016744913067668676 0.051970034721307456 0.021697643212974072 0.11111442256515147 0.064040356468467508 0.21154361180379044 0.094358036451012595 0.0033201443147845558 0.013379876036196947 0.0030804403950241985 0.0054212663089856505 0.0088039720430970192 0.015798439719219459 0.018508202629163861 0.0029924849077360696 0.0068662959029098802 0.038819544017314911 0.012391489581204951 0.043191341450437903 0.0040110395475494443
leaf_count=134 27 6 15 78 7 87 157 9 35 107 5 17 3 32 11 67 29 17 4 7 3 4 90 12 9 27 13 4 28 44
internal_value=-3.48836e-10 -0.00530201 0.0149982 -0.0022507 -0.0171753 -0.00178262 -0.00455045 0.0121791 0.0175675 0.00219917 0.0067508 0.0124085 0.0275131 -0.0136728 -0.0101971 0.0041634 -0.0194036 0.00942205 0.0254971 -0.0308764 0.00417487 -0.0254716 -0.0319461 0.0306343 -0.0321294 -0.032695 0.0309789 0.0311705 0.0303381 -0.0309826
internal_weight=2.33908 1.72815 0.610922 1.37484 0.353319 1.35363 0.798545 0.498607 0.250221 0.555085 0.248386 0.180707 0.112315 0.281386 0.175155 0.218261 0.106231 0.0165262 0.0301248 0.0719326 0.0132061 0.0118844 0.0600482 0.0957887 0.0212058 0.0142022 0.0695136 0.0340891 0.0616995 0.00700352
internal_count=1088 829 259 515 314 429 235 177 74 194 103 52 82 79 43 94 36 35 9 235 18 11 224 47 86 33 22 7 40 53
is_linear=0
shrinkage=0.03


Tree=136
num_leaves=30
num_cat=0
split_feature=9 0 9 12 6 1 5 5 7 13 12 4 9 4 9 4 0 6 1 1 2 7 0 0 10 6 11 8 12
split_gain=0.202569 0.0609084 0.0293361 0.021828 0.0203947 0.0258132 0.0356354 0.0350724 0.0186139 0.017118 0.0169784 0.0164996 0.015918 0.0106581 0.00931691 0.0106484 0.00709845 0.0070681 0.00649582 0.00427 0.00316034 0.0029902 0.00164967 0.000877539 0.000450083 0.000344754 0.00021101 2.42996e-05 1.25182e-05
threshold=0.61635000000000006 -0.013249999999999998 0.76160000000000017 1.0418000000000003 0.14165000000000003 0.13525000000000001 0.97560000000000013 1.0543500000000001 0.083550000000000013 0.0092500000000000013 1.0352500000000002 -0.16229999999999997 0.74740000000000018 -0.13504999999999998 0.92825000000000013 -0.12064999999999999 -0.06699999999999999 0.13035000000000002 0.12360000000000002 0.16430000000000003 -0.5804499999999998 0.072350000000000012 0.057450000000000008 0.061900000000000004 0.16415000000000005 0.16555000000000003 -0.16634999999999997 0.13840000000000002 1.0667500000000001
decision_type=2 2 2 2 2 2 2 2 2 2 2 2 2 2 2 2 2 2 2 2 2 2 2 2 2 2 2 2 2
left_child=1 8 3 10 5 6 -3 -7 24 20 12 25 -2 -13 15 -11 -10 19 -18 -5 21 -4 -16 -22 27 -6 -26 -1 -19
right_child=2 4 9 17 11 7 -8 -9 16 14 -12 13 -14 -15 22 -17 18 28 -20 -21 23 -23 -24 -25 26 -27 -28 -29 -30
leaf_value=-0.032300774156352047 0.0087730406934581149 -0.0021877484741904055 -0.023024532483442557 -0.0042096233405313228 -0.020259241270510518 -0.01485435184299562 0.025818954825647396 0.0028288933658181586 -0.040058114328064776 0.022908317203908561 -0.020293983558569834 0.018585065133206683 -0.017645087345699317 0.001628636200328028 0.0088114120305727035 0.0033468011446648425 0.0018929349577639888 0.031820186755461152 -0.014179112388325867 0.024450001287422418 0.010963145328470876 0.0016404179296065989 0.030764232319710576 0.030751949908819159 -0.032351493087497345 -0.03560922475890442 -0.02311729612576344 -0.030905808957867851 0.030773898626619778
leaf_weight=0.043124424405505235 0.32199273752848956 0.57967954202467786 0.0054824049148010081 0.0098840042483061552 0.0016287377511616796 0.33226306180949905 0.043991382233798504 0.1449962964934457 0.0088124302565120161 0.10970132675720379 0.021662554936483502 0.069308643127442338 0.021924781925918069 0.064325642779294978 0.003173757577314972 0.032454416621476412 0.024929735340265324 0.026221636217087507 0.24561804126460629 0.0088842486729845405 0.00732840271666646 0.022906797414179891 0.10515481088077649 0.0027826353907585144 0.0029952568766020713 0.0068768233177252114 0.0086846356280148029 0.015199897261481965 0.016940496920142323
leaf_count=134 84 129 17 3 4 170 6 110 2 31 5 33 6 25 8 14 6 7 71 5 3 33 47 13 7 6 4 90 15
internal_value=-4.6583e-11 -0.00596044 0.0132473 0.00825637 -0.00285001 -0.00423074 -0.000212262 -0.009482 -0.0170276 0.0206306 0.0054663 0.00784434 0.00708888 0.010423 0.0234931 0.0184424 -0.0135612 0.0247264 -0.0126981 0.00935686 0.00200676 -0.00312277 0.0301211 0.0164092 -0.0308608 -0.0326698 -0.0254854 -0.0319372 0.0314095
internal_weight=2.30893 1.59243 0.716495 0.42751 1.24307 1.10093 0.623671 0.477259 0.349364 0.288985 0.36558 0.14214 0.343918 0.133634 0.250484 0.142156 0.27936 0.0619304 0.270548 0.0187683 0.0385002 0.0283892 0.108329 0.010111 0.0700042 0.00850556 0.0116799 0.0583243 0.0431621
internal_count=1088 797 291 125 483 415 135 280 314 166 95 68 90 58 100 45 79 30 77 8 66 50 55 16 235 10 11 224 22
is_linear=0
shrinkage=0.03


Tree=137
num_leaves=28
num_cat=0
split_feature=9 0 13 9 10 9 11 12 9 2 1 10 11 0 4 7 5 9 4 11 8 1 12 4 11 4 12
split_gain=0.197136 0.0653106 0.0223045 0.0204846 0.0184522 0.0164989 0.0254837 0.0157893 0.013755 0.0127463 0.0122318 0.00605477 0.0057271 0.00682263 0.00482584 0.00410658 0.00390197 0.00266032 0.00247978 2.44933e-05 2.32256e-05 2.12938e-05 1.44866e-05 9.70419e-06 8.36228e-06 3.6012e-07 3.55844e-07
threshold=0.64780000000000004 -0.013249999999999998 0.17300000000000001 -1.0000000180025095e-35 0.35635000000000006 0.47390000000000004 -0.21609999999999999 0.99595000000000011 1.0806000000000002 -0.47284999999999994 0.14795000000000003 0.16415000000000005 -0.16014999999999999 -0.053049999999999993 -0.13554999999999998 0.072850000000000012 0.94560000000000011 0.72810000000000008 -0.00029999999999999997 -0.23859999999999998 0.13840000000000002 0.16350000000000001 1.0216500000000004 -0.16304999999999997 -0.14374999999999996 -0.16994999999999996 0.010450000000000003
decision_type=2 2 2 2 2 2 2 2 2 2 2 2 2 2 2 2 2 2 2 2 2 2 2 2 2 2 2
left_child=1 4 8 22 11 6 -5 -7 9 15 -11 20 14 -14 -6 -2 -13 -4 26 21 -1 -19 24 -21 -3 -24 -10
right_child=2 3 17 5 12 7 -8 -9 18 10 -12 16 13 -15 -16 -17 -18 19 -20 23 -22 -23 25 -25 -26 -27 -28
leaf_value=-0.032281241429853322 -0.022094961540715743 -0.033403524281321803 0.012210567634224149 -0.023995988235973292 -0.017944435660785695 -0.00286909529973626 -0.0030438273774405044 0.0074228526159347656 0.030438415786709448 0.019014723641093984 0.0084985342577917206 -0.036074612183050747 -0.011765117494125043 0.0081933440934768217 -0.0036102036657543485 0.00047383313625952585 -0.01802731264973521 0.033085193810202751 -0.0006114462148174521 0.031185797000396968 -0.030894201580005647 0.031072020381625189 -0.031233903914419173 0.030397831438948052 -0.031917238383839648 -0.030789319569143121 0.03026290521433941
leaf_weight=0.041844179487270705 0.0091021418011223432 0.0070814273203723133 0.0073489693459123364 0.056268854714289662 0.079042598488740623 0.26814642816316336 0.73063868168355828 0.2684791615974973 0.019896628393325955 0.16653204208705563 0.24746985058300197 0.012048024692376202 0.033859499031677842 0.028297678349190392 0.028854601907369215 0.035778245983237866 0.10261306426946248 0.0092388172633945942 0.0024664835073053828 0.029293935047462583 0.014675642019938095 0.0096861689817160368 0.0029022981534581041 0.027060740685556084 0.0065657589475450751 0.0037694621669288608 0.021774795022793114
leaf_count=134 25 6 5 50 26 87 185 107 25 54 58 10 5 6 6 45 37 2 9 6 90 4 9 12 27 44 14
internal_value=-3.51103e-11 -0.00521108 0.0149938 -0.00223495 -0.0169317 -0.00177602 -0.00454204 0.00228007 0.012621 0.0110824 0.0127287 -0.0238849 -0.00993244 -0.00267883 -0.0141111 -0.00410332 -0.0199236 0.0294391 0.0286167 0.031121 -0.0319211 0.0320548 -0.0321284 0.0308074 -0.0326885 -0.0309827 0.0303467
internal_weight=2.27074 1.68509 0.585649 1.34385 0.341235 1.32353 0.786908 0.536626 0.50302 0.458882 0.414002 0.171181 0.170054 0.0621572 0.107897 0.0448804 0.114661 0.0826286 0.0441379 0.0752797 0.0565198 0.018925 0.0203189 0.0563547 0.0136472 0.00667176 0.0416714
internal_count=1088 829 259 515 314 429 235 194 230 182 112 271 43 11 32 70 47 29 48 24 224 6 86 18 33 53 39
is_linear=0
shrinkage=0.03


Tree=138
num_leaves=31
num_cat=0
split_feature=9 2 7 9 12 1 4 5 13 5 13 7 12 9 5 8 12 7 4 7 7 1 8 10 2 7 4 0 0 9
split_gain=0.192041 0.0522856 0.0531891 0.0385055 0.022437 0.021164 0.0163218 0.020123 0.0168129 0.0161374 0.0160577 0.0124634 0.0104057 0.00883543 0.00946053 0.00811226 0.0142789 0.0282219 0.017833 0.00954271 0.0059054 0.00547071 0.00446139 0.00412355 0.00377776 0.00216704 0.00196965 0.00151294 0.000989284 0.000748527
threshold=0.57480000000000009 -0.031799999999999988 0.090550000000000005 0.76160000000000017 0.94905000000000006 0.12360000000000002 -0.13434999999999997 1.0369500000000003 0.099100000000000008 0.99595000000000011 0.0092500000000000013 0.17135000000000003 0.93930000000000013 0.92825000000000013 0.92200000000000004 0.16480000000000003 0.96205000000000007 0.11145000000000001 -0.14424999999999996 0.17090000000000002 0.08030000000000001 0.15485000000000002 0.12535000000000004 0.6452500000000001 -0.5804499999999998 0.072550000000000017 -0.13899999999999998 0.057450000000000008 0.061900000000000004 0.4764000000000001
decision_type=2 2 2 2 2 2 2 2 2 2 2 2 2 2 2 2 2 2 2 2 2 2 2 2 2 2 2 2 2 2
left_child=1 2 20 6 22 -6 7 21 -9 12 24 -11 -8 14 -12 16 18 -18 -3 23 29 -2 -4 -17 25 -5 -22 -15 -26 -1
right_child=3 15 4 10 5 -7 9 8 -10 11 13 -13 -14 27 -16 19 17 -19 -20 -21 26 -23 -24 -25 28 -27 -28 -29 -30 -31
leaf_value=-0.032469995102062978 -0.0075865970392201927 -0.025742811783441111 -0.013204202502445802 -0.021324241848669233 0.031177410094955598 -0.0063009064857317389 0.01090201754442063 0.021898873565234754 0.0013016876462349748 -0.010652977619213083 0.0044382775669145405 0.011949072496424061 0.026646069206425 0.0093204677635879401 0.022886405077894925 -0.032392588331745471 -0.028449093660112272 0.015438364541979947 -0.00014017622718868046 0.031425545351846836 -0.023586336834376019 0.0046744939647536139 -0.026011000725245384 -0.01084686622508396 0.010978799100762954 0.00035406117608921441 -0.012982003710170538 0.030745670010941792 0.030621710907499631 -0.020484346673275932
leaf_weight=0.087042859369830805 0.1295249197864905 0.026023332378827035 0.041614770423620939 0.0051534674748836542 0.01392411021515727 0.51944792021458852 0.075802905674208776 0.06556174426805228 0.078221561736427248 0.037004040321335196 0.032972246699500829 0.054000184172764421 0.075324664241634309 0.0030579543672502032 0.10370643233181909 0.011851853874759399 0.015060343970617396 0.10601884678180795 0.41415881333887239 0.0039160435553640119 0.055987582414672943 0.043835321674123406 0.059460787600983167 0.024563371669501066 0.0070337350480258465 0.021315815858542919 0.021942024824966211 0.098955253080930561 0.0034342151484452188 0.0049565394765522788
leaf_count=349 29 11 6 20 2 149 43 12 49 7 16 10 21 8 29 55 12 22 23 3 37 10 37 14 3 30 7 47 13 14
internal_value=-5.49502e-11 -0.00676768 -0.0117709 0.0113967 -0.00777842 -0.0053225 0.00687383 0.00239577 0.0106935 0.0127392 0.020574 0.00275865 0.0187491 0.0234225 0.018436 -7.80404e-05 0.000855814 0.00997946 -0.00165379 -0.0130738 -0.0266771 -0.0044863 -0.0207382 -0.0178592 0.00216683 -0.00386662 -0.0206006 0.0301034 0.017423 -0.0318243
internal_weight=2.24087 1.40597 0.804377 0.834904 0.634448 0.533372 0.559275 0.317144 0.143783 0.242132 0.275629 0.0910042 0.151128 0.238692 0.136679 0.601593 0.561261 0.121079 0.440182 0.0403313 0.169929 0.17336 0.101076 0.0364152 0.0369372 0.0264693 0.0779296 0.102013 0.010468 0.0919994
internal_count=1088 741 601 347 194 151 181 100 61 81 166 17 64 100 45 140 68 34 34 72 407 39 43 69 66 50 44 55 16 363
is_linear=0
shrinkage=0.03


Tree=139
num_leaves=27
num_cat=0
split_feature=9 0 13 9 7 9 1 4 9 7 6 0 8 12 6 10 6 9 4 10 8 12 1 11 12 4
split_gain=0.185199 0.0632502 0.0213165 0.0191838 0.0172036 0.0154148 0.0243917 0.0141604 0.0128412 0.0125663 0.0224178 0.00814667 0.00566415 0.00647581 0.00527369 0.00455025 0.0030386 0.00255434 0.00243783 2.30764e-05 2.14973e-05 1.30796e-05 1.20848e-05 7.63066e-06 3.04471e-07 3.0293e-07
threshold=0.64780000000000004 -0.013249999999999998 0.17300000000000001 -1.0000000180025095e-35 0.093700000000000019 0.47390000000000004 0.13705000000000003 -0.15609999999999999 1.0806000000000002 0.17720000000000005 0.15730000000000002 0.099850000000000008 0.13195000000000004 0.96905000000000008 0.039550000000000009 0.16415000000000005 0.013050000000000001 0.72810000000000008 -0.00029999999999999997 1.0680000000000003 0.13840000000000002 1.0216500000000004 0.15780000000000002 -0.14374999999999996 0.010450000000000003 -0.16994999999999996
decision_type=2 2 2 2 2 2 2 2 2 2 2 2 2 2 2 2 2 2 2 2 2 2 2 2 2 2
left_child=1 4 8 21 15 6 -5 -7 9 11 -11 -2 13 -6 -14 20 -17 -4 24 -19 -1 23 -21 -3 -10 -23
right_child=2 3 17 5 12 7 -8 -9 18 10 -12 -13 14 -15 -16 16 -18 19 -20 22 -22 25 -24 -25 -26 -27
leaf_value=-0.032246897994900089 0.0045857513223876356 -0.033334255631439158 0.012131700744243971 -0.00086508881540541004 -0.010395938393807942 -0.012032655192261661 -0.012442518694675607 0.0040139686863021979 0.030420110700239568 0.030952996463419577 0.0096758537050648397 0.024030361699645061 -0.023470147340764209 0.0080131693416353282 -0.0098664967167661644 -0.032639643743193454 -0.01790379505575845 0.032706351501391083 -0.00086438686736416105 0.030307101278545762 -0.030864749355743196 -0.031190316719770763 0.031193885499541052 -0.031869404022625641 0.030251923286981119 -0.030766076690096986
leaf_weight=0.039465392986585468 0.21681283121506556 0.0066917173680849373 0.0070249408017843953 0.53764404532921595 0.064482400335691636 0.055426301150873769 0.23552697933882882 0.462422082440753 0.01856877125101164 0.065397614322137088 0.13991389161674306 0.02129689883440733 0.045638809227966703 0.023452627938240767 0.058551790891215205 0.015476666797439975 0.067617138297464408 0.007184375310316681 0.0023933590855449429 0.02023905492387712 0.013624163700569625 0.0026907278534054049 0.043681576731614769 0.0061344799260042437 0.020253402355592698 0.003466251508143614
leaf_count=134 113 6 5 80 13 33 155 161 25 22 41 6 20 3 23 9 22 2 9 6 90 9 16 27 14 44
internal_value=-1.48047e-10 -0.00510022 0.0148476 -0.00214929 -0.0168749 -0.00170907 -0.00439186 0.00229647 0.0125033 0.0110145 0.0164532 0.00632491 -0.0110931 -0.00548615 -0.0158253 -0.0250317 -0.0206484 0.0293893 0.0285208 0.0310943 -0.0318922 -0.0320881 0.0309131 -0.0326337 0.0303324 -0.0309515
internal_weight=2.20108 1.63831 0.562767 1.31 0.328309 1.29102 0.773171 0.517848 0.484637 0.443421 0.205312 0.23811 0.192126 0.087935 0.104191 0.136183 0.0830938 0.0781299 0.0412155 0.071105 0.0530896 0.0189832 0.0639206 0.0128262 0.0388222 0.00615698
internal_count=1088 829 259 515 314 429 235 194 230 182 63 119 59 16 43 255 31 29 48 24 224 86 22 33 39 53
is_linear=0
shrinkage=0.03


Tree=140
num_leaves=30
num_cat=0
split_feature=9 0 9 8 7 9 6 13 7 12 8 5 6 9 6 6 10 10 5 4 9 5 6 10 11 10 8 1 12
split_gain=0.181034 0.0514017 0.0375508 0.0173387 0.0158697 0.0157912 0.0139891 0.013856 0.0107854 0.0100875 0.0160943 0.0167617 0.0106743 0.00963646 0.00954259 0.0142631 0.0069221 0.00501165 0.00473488 0.00437018 0.00429008 0.00343952 0.00110052 0.000410651 0.000189669 2.15531e-05 2.0791e-05 1.1268e-05 8.62152e-06
threshold=0.57480000000000009 -0.013249999999999998 0.72810000000000008 0.16555000000000003 0.083550000000000013 -1.0000000180025095e-35 0.14165000000000003 0.17300000000000001 0.17090000000000002 1.0418000000000003 0.14995000000000003 0.93740000000000012 0.13035000000000002 0.64780000000000004 -0.0063999999999999986 0.15730000000000002 0.72725000000000006 0.35635000000000006 1.0333000000000003 -0.12484999999999997 0.55375000000000008 0.94560000000000011 -0.008349999999999998 0.16415000000000005 -0.16634999999999997 1.0680000000000003 0.13840000000000002 0.15780000000000002 1.0326500000000001
decision_type=2 2 2 2 2 2 2 2 2 2 2 2 2 2 2 2 2 2 2 2 2 2 2 2 2 2 2 2 2
left_child=1 4 9 5 23 28 -7 14 20 10 11 -2 16 -12 22 -16 -11 21 -19 -14 -5 -6 -4 26 -25 -9 -1 -27 -3
right_child=2 3 7 8 17 6 -8 25 -10 12 13 -13 19 -15 15 -17 -18 18 -20 -21 -22 -23 -24 24 -26 27 -28 -29 -30
leaf_value=-0.032232152606475474 -0.0025077522110073486 -0.032586336441711404 -0.020937601841745878 -0.0266166470579276 -0.035654354076390969 -0.0029835721840893331 0.010800576594054789 0.03265769928074902 0.031375347474899395 0.028426011526924411 -0.011504805253764469 0.01747294211804612 0.031531433264196711 0.0025037405918618863 0.023446959028686119 0.0086393725118788945 0.0016987905843627957 -0.0093274044999030106 -0.031969773610179768 0.013296485436554503 -0.008758741834416944 -0.017300589295630522 -0.0022134961725933512 -0.032300614995569035 -0.023150088910998647 0.030300639889735258 -0.030850146054484898 0.031170552446343387 -0.030877708397105665
leaf_weight=0.038382183940484649 0.058791241630387847 0.012399562089740357 0.0036655672047345425 0.0433611468079107 0.010270355436659884 0.90047885302737996 0.071526747313328087 0.0069511595647782079 0.0036653791321441523 0.010307108284905553 0.068171206046827137 0.10576429544016719 0.029467201500665396 0.12565948092378676 0.14389435778139159 0.09870262979529798 0.056677487387787551 0.14938205275029759 0.0088017953094094992 0.019760883296839893 0.01679746390436776 0.08731598015401687 0.012321978851105087 0.0027240197960054511 0.0081028917338699102 0.019576972117647529 0.01315489476064613 0.04247907199896872 0.0033830065585789262
leaf_count=134 33 33 18 119 7 227 19 2 3 4 21 19 21 28 93 26 28 39 3 6 7 29 26 7 4 6 90 16 20
internal_value=-2.6543e-10 -0.00662821 0.0113177 -0.00343176 -0.0171943 -0.00245258 -0.00196924 0.0191302 -0.0185863 0.00592515 0.00343457 0.0103344 0.0136058 -0.00242313 0.0159429 0.0174224 0.00581138 -0.0138857 -0.0105873 0.0242117 -0.0216304 -0.0192322 -0.00650649 -0.0307636 -0.0254523 0.0310736 -0.0318794 0.0308961 -0.0322201
internal_weight=2.17194 1.36975 0.802191 1.05161 0.318134 0.987788 0.972006 0.327592 0.063824 0.474599 0.358386 0.164556 0.116213 0.193831 0.258585 0.242597 0.0669846 0.25577 0.158184 0.0492281 0.0601586 0.0975863 0.0159875 0.062364 0.0108269 0.0690072 0.0515371 0.062056 0.0157826
internal_count=1088 741 347 428 313 299 246 187 129 160 101 52 59 49 163 119 32 78 42 27 126 36 44 235 11 24 224 22 53
is_linear=0
shrinkage=0.03


Tree=141
num_leaves=31
num_cat=0
split_feature=9 0 9 12 6 1 5 5 7 10 13 12 9 12 5 5 6 11 0 4 10 2 4 6 0 7 0 4 8 12
split_gain=0.175958 0.0551945 0.0264451 0.01857 0.0173974 0.0216149 0.0346621 0.0242186 0.0164323 0.0157019 0.0152852 0.0144886 0.0131912 0.0109538 0.00857153 0.00578801 0.00571403 0.00528965 0.00966904 0.00595752 0.00428797 0.00423786 0.00343338 0.00253177 0.00239643 0.00202446 0.00104898 3.43632e-05 2.00301e-05 8.33323e-06
threshold=0.61635000000000006 -0.013249999999999998 0.76160000000000017 1.0418000000000003 0.14935000000000004 0.13525000000000001 0.97560000000000013 1.0543500000000001 0.093700000000000019 0.49125000000000008 0.0092500000000000013 1.0352500000000002 0.74740000000000018 1.0127500000000003 1.0535000000000003 0.93740000000000012 0.13035000000000002 -0.16264999999999999 -0.053049999999999993 -0.13994999999999999 0.16415000000000005 -0.5804499999999998 -0.14364999999999997 0.013050000000000001 0.11805 0.072550000000000017 0.061900000000000004 -0.15504999999999997 0.13840000000000002 1.0667500000000001
decision_type=2 2 2 2 2 2 2 2 2 2 2 2 2 2 2 2 2 2 2 2 2 2 2 2 2 2 2 2 2 2
left_child=1 8 3 11 5 6 -3 -7 20 27 21 12 -2 -11 15 -12 22 19 -19 -10 28 25 -5 -22 -16 -4 -23 -6 -1 -18
right_child=2 4 10 16 9 7 -8 -9 17 13 14 -13 -14 -15 24 -17 29 18 -20 -21 23 26 -24 -25 -26 -27 -28 -29 -30 -31
leaf_value=-0.032214936372775949 0.0086595674695451926 -0.0020174917831387554 -0.022108363497128879 0.024651992100198566 -0.035832147930276621 -0.012887451603062662 0.026127248904722369 0.0023269722835847681 -0.022227417921759095 0.0006441963920919045 0.020987303392208716 -0.019201336761959533 -0.016525526146345313 0.021482870886941154 0.019371453806959985 0.031443458585353676 0.031660749820977573 -0.014331413338053196 0.0070260157254710548 -0.0082054980350911178 -0.032009478770688195 0.010829836484135538 -0.0023896411780176606 -0.018154873882606889 0.002275989210293762 -0.00049461307680017514 0.03055665890776961 -0.03061513840192687 -0.030835743594867942 0.030737831127617899
leaf_weight=0.037334386101974926 0.29771706981045998 0.56540023471188738 0.0048665364665794178 0.0079071305226534605 0.0053435451118275523 0.33701001997451385 0.042330978903919458 0.13067479295477824 0.05559019459906267 0.039735635167744476 0.10493350680917501 0.020077720750123262 0.019972826965386048 0.052959068707423285 0.011933562345802784 0.08727356162853539 0.021346218534745276 0.044180814642459154 0.033576490579434903 0.053530654087808216 0.014500043698717491 0.0066691178362816572 0.0090761142782866955 0.065465374935229192 0.019339582417160273 0.019642856088466942 0.0038131226901896298 0.0014431943745877298 0.012701257076514594 0.014986831345595419
leaf_count=134 84 129 20 5 3 179 6 112 31 12 65 5 6 19 4 26 7 7 8 13 9 3 3 22 5 30 13 23 90 15
internal_value=-1.29782e-10 -0.00567467 0.0130325 0.00811145 -0.00267782 -0.00378814 -5.70948e-05 -0.00863642 -0.0167861 0.00932492 0.0204783 0.00551421 0.00707621 0.0125499 0.0233651 0.025735 0.0245654 -0.0110882 -0.00510903 -0.0153488 -0.024977 0.00204149 0.0102005 -0.0206671 0.00879947 -0.0047862 0.0180059 -0.0347228 -0.0318648 0.0312801
internal_weight=2.14133 1.49178 0.649556 0.391084 1.1749 1.07542 0.607731 0.467685 0.316879 0.0994814 0.258472 0.337768 0.31769 0.0926947 0.22348 0.192207 0.0533163 0.186878 0.0777573 0.109121 0.130001 0.0349916 0.0169832 0.0799654 0.0312731 0.0245094 0.0104822 0.00678674 0.0500356 0.036333
internal_count=1088 797 291 125 483 426 135 291 314 57 166 95 90 31 100 91 30 59 15 44 255 66 8 31 9 50 16 26 224 22
is_linear=0
shrinkage=0.03


Tree=142
num_leaves=31
num_cat=0
split_feature=9 2 9 2 10 4 13 0 4 5 5 13 7 12 5 7 6 7 7 11 7 5 9 9 2 0 7 0 3 9
split_gain=0.170735 0.0487543 0.0373604 0.0212222 0.0277661 0.0231677 0.0147775 0.0128694 0.0119215 0.018809 0.0170875 0.0142645 0.0109946 0.0101716 0.00829933 0.00813052 0.00698796 0.0165468 0.0159822 0.00612518 0.00881604 0.00592948 0.00486725 0.0041217 0.0039191 0.00219239 0.00185321 0.00103224 0.000539889 0.00035316
threshold=0.57480000000000009 -0.59539999999999982 0.76160000000000017 -0.031799999999999988 0.39890000000000009 -0.12619999999999995 0.0092500000000000013 -0.0082999999999999984 -0.13434999999999997 0.99595000000000011 1.0369500000000003 0.099100000000000008 0.083550000000000013 0.93930000000000013 1.0535000000000003 0.17135000000000003 0.14935000000000004 0.13510000000000003 0.14870000000000003 -0.16584999999999997 0.093700000000000019 0.93740000000000012 0.64780000000000004 0.25125000000000003 -0.5804499999999998 0.12565000000000001 0.072550000000000017 0.061900000000000004 -1.0399499999999999 0.17410000000000003
decision_type=2 2 2 2 2 2 2 2 2 2 2 2 2 2 2 2 2 2 2 2 2 2 2 2 2 2 2 2 2 2
left_child=1 12 8 4 7 -6 24 -3 10 13 22 -12 28 -10 21 -11 18 -18 -5 23 -21 -8 -2 -14 26 -16 -4 -26 -1 -30
right_child=2 3 6 16 5 -7 14 -9 9 15 11 -13 19 -15 25 -17 17 -19 -20 20 -22 -23 -24 -25 27 -27 -28 -29 29 -31
leaf_value=-0.031919972314696399 -0.0097826623425689794 -0.013120762940205838 -0.021167937123216785 -8.1546624179691923e-05 -0.0015307092550507228 -0.022793418087455435 0.020804781261066243 -0.032564654304286178 0.01033657040966521 -0.010776241767737968 0.021355285274076603 0.0015862124075111076 -0.013432798479837416 0.026490089809886798 0.015142941222855909 0.0087078902450964234 -0.012946022672961945 0.020584672179267571 -0.027465611821963807 -0.023823420748195722 -0.0057251465966962501 0.03136878715688609 0.0006962066936114081 -0.031724499771394091 0.01069984863185559 -0.0014288107148888915 -0.00021531673057838803 0.030548702819147504 -0.03151802287043657 -0.021537608179659797
leaf_weight=0.046351373074685398 0.071036786655895412 0.084232243196311174 0.0047228383118635966 0.50614278381272015 0.34806678551103687 0.053164445336733479 0.10275002830894664 0.048148223084353958 0.069827322386117774 0.034570164512842894 0.060558129276614636 0.071792854549130425 0.018378341199422721 0.070507525349967182 0.019070782465860248 0.043566348263993859 0.019644860110929585 0.040662261526449583 0.019937122997362167 0.035547440580558032 0.076043596007366432 0.089447379810735583 0.090993257705122232 0.027945021462073782 0.0065621607936918736 0.011528215371072292 0.01942596526350826 0.003680643392726779 0.0050091523467018515 0.0087908839268493466
leaf_count=206 19 72 20 80 103 28 65 112 43 7 12 49 5 21 5 10 28 15 17 9 13 26 20 18 3 4 30 13 18 17
internal_value=5.45411e-11 -0.00647671 0.0112543 -0.00394989 -0.00827889 -0.00434809 0.0205856 -0.0201927 0.00657479 0.0118842 0.00263446 0.0106317 -0.0194546 0.0184525 0.0234109 8.74691e-05 -1.05101e-05 0.00966215 -0.00111933 -0.0152971 -0.0114904 0.0257212 -0.00389791 -0.0244674 0.00228246 0.00889951 -0.00431307 0.0178323 -0.0303692 -0.0251603
internal_weight=2.1081 1.33806 0.77004 1.12 0.533612 0.401231 0.257188 0.13238 0.512852 0.218471 0.294381 0.132351 0.218066 0.140335 0.222796 0.0781365 0.586387 0.0603071 0.52608 0.157914 0.111591 0.192197 0.16203 0.0463234 0.0343916 0.030599 0.0241488 0.0102428 0.0601514 0.0138
internal_count=1088 741 347 455 315 131 166 184 181 81 100 61 286 64 100 17 140 43 97 45 22 91 39 23 66 9 50 16 241 35
is_linear=0
shrinkage=0.03


Tree=143
num_leaves=30
num_cat=0
split_feature=9 0 9 12 9 10 13 6 1 10 11 13 5 12 5 9 1 2 5 6 5 0 7 0 10 12 7 11 4
split_gain=0.165277 0.0551028 0.023187 0.0198897 0.0169976 0.0157361 0.0142409 0.0142347 0.0215547 0.0141081 0.0137966 0.0133698 0.0077847 0.00650097 0.00593185 0.00524139 0.00461439 0.00370131 0.00355516 0.00341545 0.00282474 0.00205324 0.00169677 0.00101898 0.000280821 1.10919e-05 7.5923e-06 7.36819e-06 2.80989e-07
threshold=0.62705000000000011 -0.013249999999999998 0.76160000000000017 1.0418000000000003 -1.0000000180025095e-35 0.35635000000000006 0.0092500000000000013 0.14935000000000004 0.13525000000000001 0.49125000000000008 -0.20759999999999998 0.08975000000000001 1.0535000000000003 1.0352500000000002 0.93740000000000012 0.19820000000000002 0.12360000000000002 -0.5804499999999998 1.0333000000000003 0.13035000000000002 0.94560000000000011 0.11805 0.072550000000000017 0.061900000000000004 0.16415000000000005 1.0216500000000004 0.17135000000000003 -0.16129999999999997 -0.16994999999999996
decision_type=2 2 2 2 2 2 2 2 2 2 2 2 2 2 2 2 2 2 2 2 2 2 2 2 2 2 2 2 2
left_child=1 5 3 10 25 15 17 8 -6 -9 13 -12 14 -2 -8 24 -7 22 -18 -5 -17 -14 -4 -19 -1 27 -21 -3 -27
right_child=2 4 6 19 7 16 12 9 -10 -11 11 -13 21 -15 -16 20 18 23 -20 26 -22 -23 -24 -25 -26 28 -28 -29 -30
leaf_value=-0.031850264478583995 0.00066591051609463103 -0.033512902270400387 -0.020579473100143974 0.0077707671560732173 0.00078968999838923326 0.0030288082924017461 0.020615436410453852 -0.034313341434265787 -0.0077833398035337198 0.012026087530114363 -0.0071170664708629615 0.014781321094802543 0.019072936452364905 -0.018457557760583332 0.03133272709287465 -0.034831366741345869 -0.010781348836660352 0.010516452185953257 -0.031303849546571727 0.031997660042984967 -0.01758188559013793 0.0029506182854249917 -0.00022279802061703766 0.03054178755560627 -0.025807069243721517 -0.031175513337385923 0.03099830417306236 -0.031962936671953747 -0.030745343141710815
leaf_weight=0.046941462318045635 0.095058441162109375 0.0045398948714137077 0.0045670240469917181 0.0066060251556336871 0.60955448358799891 0.021244311705231667 0.10055102006299421 0.0063215861173374624 0.46552482188326394 0.091491656639846042 0.030505105140036792 0.14142077416181564 0.011523628025315702 0.019236359046772122 0.086433471995405853 0.0094986747899383772 0.1255434442027763 0.0064401102717965841 0.0080862957984209061 0.0092381732538342476 0.085023524539792561 0.018558843526989222 0.019083952298387885 0.0035461849765852094 0.0081172436557608307 0.0024686643228051244 0.026376802357845008 0.0070418758687084138 0.0030613953522333759
leaf_count=223 25 4 20 3 110 4 65 21 245 33 27 32 4 5 26 8 36 3 3 2 30 5 30 13 10 9 19 29 44
internal_value=-8.85709e-12 -0.0052725 0.0136054 0.00836098 -0.00235874 -0.0166613 0.0204761 -0.00192567 -0.00292256 0.00903121 0.00552554 0.0108959 0.0232907 -0.00255266 0.0255695 -0.0236013 -0.00995851 0.00231277 -0.0120232 0.0275827 -0.0193153 0.00912656 -0.00415369 0.0176276 -0.0309593 -0.0320427 0.0312575 -0.0325705 -0.0309374
internal_weight=2.07361 1.49446 0.579146 0.328442 1.19 0.304455 0.250704 1.17289 1.07508 0.0978132 0.286221 0.171926 0.217067 0.114295 0.186984 0.149581 0.154874 0.0336373 0.13363 0.042221 0.0945222 0.0300825 0.023651 0.0099863 0.0550587 0.0171118 0.035615 0.0115818 0.00553006
internal_count=1088 809 279 113 495 314 166 409 355 54 89 59 100 30 91 271 43 66 39 24 38 9 50 16 233 86 21 33 53
is_linear=0
shrinkage=0.03


Tree=144
num_leaves=31
num_cat=0
split_feature=9 0 9 2 7 8 12 7 13 4 5 5 13 12 2 6 9 5 7 9 10 13 2 11 0 7 0 3 10 11
split_gain=0.16212 0.0473563 0.0339316 0.0165093 0.0304937 0.039998 0.0256542 0.0144736 0.0141104 0.010754 0.0169304 0.0145359 0.0133701 0.009701 0.00881806 0.00754124 0.00746963 0.00898195 0.00727001 0.00489977 0.00481938 0.00418201 0.00363172 0.00263674 0.00157672 0.00142679 0.000999782 0.000768127 0.000394597 0.000173851
threshold=0.57480000000000009 -0.013249999999999998 0.76160000000000017 -0.026949999999999998 0.11240000000000001 0.14905000000000002 1.09955 0.083550000000000013 0.0092500000000000013 -0.13434999999999997 0.99595000000000011 1.0369500000000003 0.099100000000000008 0.93930000000000013 -0.024199999999999996 0.14165000000000003 0.92825000000000013 0.92200000000000004 0.17135000000000003 0.64780000000000004 0.35635000000000006 0.049450000000000008 -0.5804499999999998 -0.16104999999999997 0.057450000000000008 0.072550000000000017 0.061900000000000004 -0.13474999999999995 0.16415000000000005 -0.16634999999999997
decision_type=2 2 2 2 2 2 2 2 2 2 2 2 2 2 2 2 2 2 2 2 2 2 2 2 2 2 2 2 2 2
left_child=1 7 9 4 6 -6 -3 28 22 11 13 19 -13 -11 27 -16 17 -10 -12 -2 23 -22 25 -9 -18 -4 -24 -5 -1 -30
right_child=2 3 8 14 5 -7 -8 20 16 10 18 12 -14 -15 15 -17 24 -19 -20 -21 21 -23 26 -25 -26 -27 -28 -29 29 -31
leaf_value=-0.031830370597953947 -0.0092232469117332645 -0.025262405234810922 -0.01969423955647116 0.014278223720080693 0.005434545737243072 -0.017207213131685339 0.013757239855957568 -0.015397813770895488 0.0040642892078913652 0.010207612429807354 -0.010035038485337738 0.021050566710229923 0.0015212295681876261 0.026311743032560009 -0.0019816699773312842 0.007756148110566163 0.0075459660343520805 0.022995142002558158 0.0087348033220438943 0.0014802997846211222 -0.0075041713173147019 -0.01915699734618119 0.010379619525038058 -0.026121751446804314 0.030700737131824734 -0.00077266303154547309 0.030532705152107351 0.028538745699682112 -0.032218579889574835 -0.023011328788224473
leaf_weight=0.04590729873689281 0.068745464901439846 0.11100012534097914 0.00444245421749656 0.0054454496266771466 0.19947995859547518 0.10836674134043278 0.017564300083904527 0.058851493937254418 0.029545780038461089 0.067580976527096825 0.033175942720845342 0.058018211566377431 0.069158932776190341 0.067082615452818573 0.47697409305783367 0.084211989780669683 0.0027327416464686385 0.095353904063813388 0.042189761297777295 0.087462324183434248 0.11214802164613502 0.036818052096350584 0.0063335816375911236 0.031776465944858501 0.084124237357173115 0.018617700319737196 0.0034073410206474364 0.0090474479366093874 0.0024409187794844911 0.0075688431970775127
leaf_count=224 19 167 20 5 47 46 33 25 16 43 7 12 49 21 75 53 8 29 10 20 27 15 3 11 47 30 13 2 7 4
internal_value=-3.29054e-10 -0.00634474 0.0112421 -0.00325978 -0.00766044 -0.0025357 -0.0199316 -0.0169104 0.0203795 0.00671329 0.0118579 0.00290043 0.0104305 0.0182299 7.62744e-05 -0.000520406 0.0232156 0.0185169 0.000472329 -0.00323022 -0.0137029 -0.0103843 0.00207004 -0.0191579 0.0299722 -0.00441784 0.0174291 0.0231806 -0.0306536 -0.0252566
internal_weight=2.04557 1.3076 0.737972 1.01209 0.436411 0.307847 0.128564 0.295511 0.244558 0.493414 0.210029 0.283385 0.127177 0.134664 0.575679 0.561186 0.211757 0.1249 0.0753657 0.156208 0.239594 0.148966 0.0328011 0.090628 0.086857 0.0230602 0.00974092 0.0144929 0.0559171 0.0100098
internal_count=1088 741 347 428 293 93 200 313 166 181 81 100 61 64 135 128 100 45 17 39 78 42 66 36 55 50 16 7 235 11
is_linear=0
shrinkage=0.03


Tree=145
num_leaves=28
num_cat=0
split_feature=9 0 13 9 3 9 12 8 7 13 9 7 6 0 7 11 0 4 10 10 2 6 8 11 7 0 12
split_gain=0.157784 0.0556879 0.0182815 0.0172464 0.032978 0.0252493 0.0159615 0.0231172 0.0150085 0.0134389 0.0107769 0.0106615 0.0188018 0.00734652 0.0059999 0.00431458 0.00852345 0.00544857 0.00396774 0.00296576 0.00209931 0.00206911 1.74935e-05 1.73572e-05 1.25558e-05 5.76511e-06 2.60029e-07
threshold=0.64780000000000004 -0.013249999999999998 0.17300000000000001 0.44475000000000003 -0.74364999999999981 0.35330000000000006 0.96770000000000012 0.14250000000000004 0.093700000000000019 0.072550000000000017 1.0806000000000002 0.17720000000000005 0.15730000000000002 0.099850000000000008 0.10655000000000002 -0.16264999999999999 -0.053049999999999993 -0.13994999999999999 0.16415000000000005 0.90625000000000011 -1.1954999999999998 0.013050000000000001 0.13840000000000002 -0.23859999999999998 0.21735000000000002 0.17045000000000002 0.010450000000000003
decision_type=2 2 2 2 2 2 2 2 2 2 2 2 2 2 2 2 2 2 2 2 2 2 2 2 2 2 2
left_child=1 8 10 4 14 -6 9 -8 18 -5 11 13 -13 -2 -3 17 -17 -10 22 -4 -12 -20 -1 24 -21 -25 -22
right_child=2 3 19 6 5 -7 7 -9 15 -11 20 12 -14 -15 -16 16 -18 -19 21 23 26 -23 -24 25 -26 -27 -28
leaf_value=-0.032163045681788821 0.0047339848308938183 -0.0007687634984061126 0.0055644735496989091 -0.018172572063707156 -0.026421089124686457 -0.0068184437339252812 0.031389826789156527 0.0035127487673534612 -0.021813728749085836 -0.00010321956229570029 5.5676914264834284e-05 0.030869012129185261 0.0099031767084839326 0.024173291491660798 0.015362584860789631 -0.014304468457351085 0.0063721798451039412 -0.0079299642525613011 -0.03132829691708798 0.033291342138352234 0.030396499693779163 -0.018189554580300481 -0.030791224082206602 0.031058903693912232 0.031371551142274363 0.030392381991207813 0.030227337455740324
leaf_weight=0.033440975649682625 0.19436478381430777 0.40181118171676644 0.0044093662872910491 0.050847955077188089 0.089284544646943687 0.17514235375710996 0.029222704702988267 0.31924916996649699 0.05128958180648624 0.13645689131226391 0.0022031341213732949 0.05575600458541885 0.12435710456338711 0.019227867480367422 0.021881344888242893 0.041546032764017582 0.031583615171257406 0.050475485411880072 0.013092079351736174 0.0042423615232110032 0.015918202989269048 0.06128028395551155 0.011157432270920253 0.024404226220212877 0.011057635478209704 0.02239936706610024 0.016819413984194398
leaf_count=134 113 45 2 45 183 65 6 129 31 35 11 22 41 6 7 7 8 13 9 1 24 22 90 9 5 12 13
internal_value=2.62829e-11 -0.00479744 0.0147051 -0.00198164 -0.00512402 -0.0134373 0.00205424 0.00585051 -0.0165247 -0.00500854 0.0124344 0.0110173 0.0163934 0.00648393 6.43303e-05 -0.010933 -0.00537453 -0.0149274 -0.024745 0.0293387 0.028402 -0.0205024 -0.0318198 0.0310267 0.0319039 0.0307399 0.0303096
internal_weight=2.01292 1.51776 0.495159 1.2239 0.688119 0.264427 0.535777 0.348472 0.293865 0.187305 0.428647 0.393706 0.180113 0.213593 0.423693 0.174895 0.0731296 0.101765 0.118971 0.066513 0.0349408 0.0743724 0.0445984 0.0621036 0.0153 0.0468036 0.0327376
internal_count=1088 829 259 515 300 248 215 135 314 80 230 182 63 119 52 59 15 44 255 29 48 31 224 27 6 21 37
is_linear=0
shrinkage=0.03


Tree=146
num_leaves=31
num_cat=0
split_feature=9 0 9 2 12 1 13 12 11 9 0 2 5 9 2 5 9 9 0 2 2 2 6 1 4 7 0 9 6 3
split_gain=0.153654 0.0450497 0.0318893 0.0205469 0.0303297 0.0243101 0.0130905 0.0102281 0.014698 0.0111042 0.0100137 0.00793336 0.00737157 0.00729311 0.00705827 0.00559525 0.00546155 0.00539461 0.00528768 0.00434031 0.00607536 0.00393982 0.00304309 0.00198363 0.00147045 0.00132093 0.00102367 0.000755625 0.000319117 0.000157591
threshold=0.57480000000000009 -0.028999999999999995 0.76160000000000017 -0.026949999999999998 0.94905000000000006 0.13575000000000001 0.0092500000000000013 1.0418000000000003 -0.20759999999999998 0.62705000000000011 0.099850000000000008 -0.024199999999999996 1.0535000000000003 0.19820000000000002 -0.0097499999999999983 0.93740000000000012 0.46820000000000006 0.64780000000000004 0.11915000000000002 -0.69764999999999988 -0.77254999999999996 -0.5804499999999998 0.13035000000000002 0.16605000000000003 -0.13874999999999996 0.072550000000000017 0.061900000000000004 0.45320000000000005 0.028500000000000001 -1.0247499999999998
decision_type=2 2 2 2 2 2 2 2 2 2 2 2 2 2 2 2 2 2 2 2 2 2 2 2 2 2 2 2 2 2
left_child=1 13 7 4 16 -6 21 8 17 18 -10 27 15 28 -13 -8 -3 -2 -9 20 -15 25 -11 -14 -21 -4 -23 -5 -1 -30
right_child=2 3 6 11 5 -7 12 9 10 22 -12 14 23 19 -16 -17 -18 -19 -20 24 -22 26 -24 -25 -26 -27 -28 -29 29 -31
leaf_value=-0.031956743634440309 -0.01127681126100601 -0.03043694083017056 -0.019453331549348762 0.015802143838386348 0.0035969922157213642 -0.010749883326409332 0.020444765214750318 0.00518483636173159 0.0072951449497557072 0.0084317246839650094 0.031922542208763838 -0.022455252417025649 -0.0018531394687771115 -0.0179677065131645 -5.9239606041301148e-05 0.031282722979919984 -0.011642268686885877 0.0010557570109581186 0.035591298716724867 -0.028864739662875817 -0.0007936832138791364 0.010654156186714189 0.03120877683369563 0.014767308451964493 -0.015539033332868511 -0.00090745352059193145 0.030477716713687597 0.02992653195177198 -0.02192647871698155 -0.031472812696979928
leaf_weight=0.037221311067241802 0.0496927680214867 0.057045651909447548 0.0042741699453472384 0.0071254393569688546 0.17134398752932611 0.27999109905022124 0.092792390845716 0.064199612068478018 0.21313578655463072 0.0062848739326000205 0.015972995315678418 0.012967257259333564 0.0099231931380927563 0.068348830223840196 0.54303170567618508 0.079688507714308798 0.01840463013468252 0.089267074596136808 0.005595909431576728 0.027968070586211979 0.025437850505113602 0.0060998916160315275 0.032988981605740264 0.018532584072090685 0.010159996221773326 0.018065786338411272 0.0038080076337791979 0.0065354868784197606 0.004804190904906136 0.0023021013435027262
leaf_count=181 17 99 20 4 44 205 65 34 74 3 6 19 2 18 110 26 19 23 3 14 4 3 21 7 3 30 13 3 5 13
internal_value=-6.52879e-11 -0.00623875 0.011178 -0.00397584 -0.00824646 -0.00530326 0.0202706 0.0067343 0.00434328 0.0148031 0.00901212 -2.66305e-05 0.0231181 -0.0203169 -0.000581569 0.025452 -0.0258523 -0.00335443 0.0076227 -0.0167792 -0.0133096 0.00252754 0.0275638 0.00897137 -0.0253138 -0.00445573 0.0182732 0.0225594 -0.0308445 -0.025019
internal_weight=1.98301 1.27269 0.710323 1.09645 0.526785 0.451335 0.233185 0.477138 0.368069 0.109069 0.229109 0.56966 0.200937 0.176242 0.555999 0.172481 0.0754503 0.13896 0.0697955 0.131915 0.0937867 0.0322479 0.0392739 0.0284558 0.0381281 0.02234 0.0099079 0.0136609 0.0443276 0.00710629
internal_count=1088 741 347 503 367 249 166 181 120 61 80 136 100 238 129 91 118 40 37 39 22 66 24 9 17 50 16 7 199 18
is_linear=0
shrinkage=0.03


Tree=147
num_leaves=27
num_cat=0
split_feature=9 0 13 9 1 4 5 10 12 1 4 9 7 6 0 9 1 5 10 5 2 10 11 7 0 12
split_gain=0.149552 0.0533602 0.0173845 0.0161257 0.0266063 0.0191123 0.017642 0.0143263 0.0138563 0.022119 0.0159511 0.0103998 0.00998473 0.0176774 0.00668355 0.00479721 0.00427188 0.00300919 0.00270496 0.00242498 0.0020517 0.000266127 1.56118e-05 1.10944e-05 5.23271e-06 2.24546e-07
threshold=0.64780000000000004 -0.013249999999999998 0.17300000000000001 0.47390000000000004 0.13825000000000001 -0.15974999999999998 0.97560000000000013 0.35635000000000006 0.99595000000000011 0.13525000000000001 -0.15609999999999999 1.0806000000000002 0.17720000000000005 0.15730000000000002 0.099850000000000008 0.19820000000000002 0.12360000000000002 1.0333000000000003 0.90625000000000011 0.94560000000000011 -1.1954999999999998 0.16415000000000005 -0.23859999999999998 0.21735000000000002 0.17045000000000002 0.010450000000000003
decision_type=2 2 2 2 2 2 2 2 2 2 2 2 2 2 2 2 2 2 2 2 2 2 2 2 2 2
left_child=1 7 11 4 6 -6 -3 15 9 -5 -10 12 14 -14 -2 21 -9 -18 -4 -17 -13 -1 23 -20 -24 -22
right_child=2 3 18 8 5 -7 -8 16 10 -11 -12 20 13 -15 -16 19 17 -19 22 -21 25 -23 24 -25 -26 -27
leaf_value=-0.031803813175866613 0.0048409694070452184 -0.002792592798723017 0.0062192660673517615 0.0090504187417596426 -0.0015245349338053771 -0.020737065132869745 0.016973639303167296 0.00305688164085744 -0.013062190839452585 -0.01006570577140261 0.010920842454471506 -6.1755327093458948e-05 0.030838324733141305 0.0099568216446366421 0.023888554393295972 -0.034369048111890239 -0.01075538584078308 -0.030556586170197259 0.033194825376112812 -0.017546636453339811 0.030380085230988649 -0.025664065707810321 0.03102935348026226 0.031339008402302852 0.030376006579700021 0.030220009340966188
leaf_weight=0.04186444712740911 0.18795995137588772 0.49654801236692925 0.0042522139847278586 0.088997410870433669 0.072320767380005924 0.13102773980062943 0.044261545059271157 0.019871755503118038 0.028628772841329919 0.14044315391220152 0.1947026243142318 0.0021389792673289767 0.052419422951061279 0.12004560927744024 0.018183342297561467 0.0085431053084903397 0.11782696042064345 0.0073374472558498374 0.0040112594142556199 0.079288343245934811 0.015677122108172625 0.0074906029867634052 0.023171199718490243 0.010457551863510162 0.021060310304164886 0.015870848728809506
leaf_count=223 113 106 2 44 88 120 7 4 25 43 82 11 22 41 6 8 36 3 1 30 24 10 9 5 12 13
internal_value=-1.97567e-10 -0.00470397 0.0146405 -0.00193712 -0.00465326 -0.0139041 -0.00117486 -0.0164384 0.00252703 -0.00265078 0.00784647 0.0123985 0.0109773 0.0163036 0.00652111 -0.0233882 -0.00986469 -0.0119162 0.0293244 -0.0191829 0.0283717 -0.030872 0.0309981 0.0318535 0.0307183 0.0302996
internal_weight=1.9544 1.47915 0.475248 1.19693 0.744158 0.203349 0.54081 0.282223 0.452772 0.229441 0.223331 0.412295 0.378608 0.172465 0.206143 0.137186 0.145036 0.125164 0.0629525 0.0878314 0.033687 0.0493551 0.0587003 0.0144688 0.0442315 0.031548
internal_count=1088 829 259 515 321 208 113 314 194 87 107 230 182 63 119 271 43 39 29 38 48 233 27 6 21 37
is_linear=0
shrinkage=0.03


Tree=148
num_leaves=31
num_cat=0
split_feature=9 0 9 2 12 8 13 4 5 5 8 12 2 9 6 9 5 1 9 9 2 2 2 0 4 7 0 9 6 3
split_gain=0.146554 0.0425233 0.0296744 0.0199314 0.028306 0.025221 0.012363 0.00939612 0.0143748 0.0122793 0.0122674 0.00885765 0.00734047 0.00703634 0.00696138 0.00691248 0.00776204 0.00627195 0.00510424 0.00422673 0.00417207 0.00556765 0.00370048 0.0014376 0.00140156 0.00124084 0.000954679 0.000775868 0.000318876 0.000154889
threshold=0.57480000000000009 -0.028999999999999995 0.76160000000000017 -0.026949999999999998 0.94905000000000006 0.13355000000000003 0.0092500000000000013 -0.13434999999999997 0.99595000000000011 1.0369500000000003 0.15290000000000001 0.93930000000000013 -0.024199999999999996 0.19820000000000002 0.14165000000000003 0.92825000000000013 0.92200000000000004 0.15345000000000003 0.46820000000000006 0.64780000000000004 -0.69764999999999988 -0.77254999999999996 -0.5804499999999998 0.057450000000000008 -0.13874999999999996 0.072850000000000012 0.061900000000000004 0.45320000000000005 0.028500000000000001 -1.0247499999999998
decision_type=2 2 2 2 2 2 2 2 2 2 2 2 2 2 2 2 2 2 2 2 2 2 2 2 2 2 2 2 2 2
left_child=1 13 7 4 18 -6 22 9 11 19 -11 -9 27 28 -14 16 -8 -10 -3 -2 21 -15 25 -17 -22 -4 -24 -5 -1 -30
right_child=2 3 6 12 5 -7 15 8 17 10 -12 -13 14 20 -16 23 -18 -19 -20 -21 24 -23 26 -25 -26 -27 -28 -29 29 -31
leaf_value=-0.031934826597100646 -0.0083918602297673971 -0.030112259159033893 -0.013882393046679296 0.015253528402632001 0.0142791145974506 -0.0079914932280303747 0.0043823960185784896 0.010037833348001943 0.00987528382890762 0.028222051562200871 0.0051103268869203047 0.026010431803424796 -0.0019587445174026009 -0.017704858650060565 0.0076384429017903703 0.007766373498993214 0.022703867476800636 -0.0080345260003101791 -0.011714899852134269 0.0018679783602377816 -0.028683338755620073 -0.0010040682479974003 0.010875841414826611 0.030670830781885424 -0.015444230195678293 0.0011170756308571301 0.030474136402326706 0.029876747662219708 -0.021730758977532974 -0.031444254408186614
leaf_weight=0.035080565652606199 0.064899444056209177 0.054746530551710526 0.0076528496974788132 0.0069326152242865646 0.051933424586422916 0.38535996869268274 0.027383626322261989 0.063412757201149472 0.035349708166904747 0.026667574769817293 0.091898470534943044 0.061601879308000207 0.47196051572518627 0.065817806338600349 0.079476773108126508 0.0025501949712634078 0.08670913364039734 0.035043638199567795 0.018046639330350445 0.081545245600864291 0.026870412664720789 0.024710507364943624 0.005932697793468833 0.074945568980183452 0.0098293556366115808 0.014125934103503823 0.0035910166334360838 0.0061732268513878807 0.004623911457201757 0.0021712020229642795
leaf_count=181 19 99 27 4 10 239 16 43 9 5 56 21 76 18 53 8 29 8 19 20 14 4 3 47 3 23 13 3 5 13
internal_value=-1.61858e-10 -0.00613224 0.0111617 -0.00393176 -0.00822996 -0.00534661 0.020147 0.00681182 0.0118027 0.00313173 0.0103086 0.0179084 -4.81602e-05 -0.020116 -0.000575535 0.0230029 0.0183065 0.000959315 -0.0255512 -0.00267884 -0.0166052 -0.0131462 0.00266739 0.0299171 -0.0251375 -0.00415359 0.0182656 0.0221415 -0.0307827 -0.0248345
internal_weight=1.92704 1.24373 0.68331 1.07463 0.510087 0.437293 0.222891 0.460419 0.195408 0.265011 0.118566 0.125015 0.564543 0.169104 0.551437 0.191589 0.114093 0.0703933 0.0727932 0.146445 0.127228 0.0905283 0.0313025 0.0774958 0.0366998 0.0217788 0.00952371 0.0131058 0.0418757 0.00679511
internal_count=1088 741 347 503 367 249 166 181 81 100 61 64 136 238 129 100 45 17 118 39 39 22 66 55 17 50 16 7 199 18
is_linear=0
shrinkage=0.03


Tree=149
num_leaves=31
num_cat=0
split_feature=9 0 9 9 8 7 13 6 7 12 8 5 4 9 5 11 0 10 2 5 6 11 0 7 0 10 11 8 12 11
split_gain=0.142234 0.0418867 0.0286827 0.0145243 0.0135334 0.0129576 0.0119375 0.0110428 0.00934722 0.00917803 0.0127667 0.0132574 0.0116184 0.010408 0.00697705 0.00529796 0.00468971 0.00432701 0.00353864 0.00331791 0.00271236 0.00235547 0.00181071 0.00118584 0.000924332 0.000367852 0.0001536 1.52439e-05 1.02425e-05 7.14839e-06
threshold=0.57480000000000009 -0.013249999999999998 0.76160000000000017 -1.0000000180025095e-35 0.16555000000000003 0.083550000000000013 0.0092500000000000013 0.14165000000000003 0.17090000000000002 1.0418000000000003 0.14995000000000003 0.92670000000000008 -0.12699999999999997 0.62705000000000011 1.0535000000000003 -0.26089999999999997 0.11915000000000002 0.35635000000000006 -0.5804499999999998 1.0333000000000003 0.13035000000000002 -0.16104999999999997 0.11805 0.072950000000000015 0.061900000000000004 0.16415000000000005 -0.16634999999999997 0.13840000000000002 1.0216500000000004 -0.14374999999999996
decision_type=2 2 2 2 2 2 2 2 2 2 2 2 2 2 2 2 2 2 2 2 2 2 2 2 2 2 2 2 2 2
left_child=1 5 9 28 7 25 18 -5 -6 10 11 -2 -12 16 15 -8 -11 21 23 -19 -15 -7 -16 -4 -20 27 -27 -1 29 -3
right_child=2 3 6 4 8 17 14 -9 -10 13 12 -13 -14 20 22 -17 -18 19 24 -21 -22 -23 -24 -25 -26 26 -28 -29 -30 -31
leaf_value=-0.032115334731008069 -0.0013147771013834165 -0.033336658418709482 -0.011697039658638508 -0.0027172150913774102 -0.021068755855921675 -0.015177955548771096 0.0090220428986272552 0.01042590367709079 0.031179599142888998 0.00526579076664134 -0.0042080601430572809 0.016995572388010118 0.014965420983287528 0.0090763125644738596 0.018736387611135261 0.027140149488861499 0.035310430679256162 -0.009080927003569798 0.010887185956609643 -0.030292754697471263 0.031167416006183838 -0.025843314190561639 0.002705222791328143 0.002488219599374428 0.030463809347954857 -0.032134390967841847 -0.022907222262176025 -0.030755825321736929 -0.030954240599620826 -0.031757059769307358
leaf_weight=0.029855303724389048 0.0538193363499887 0.0055949692614376545 0.0097548144076426979 0.8334131596966472 0.047725094688757963 0.053825328157472541 0.016158974380232394 0.061800611510989256 0.0032943398691713801 0.060592099878704175 0.15621599357109517 0.10505883127916604 0.034775656065903604 0.0059800744056701651 0.010228179744444788 0.14367384198703803 0.0050667836330831042 0.12976128953596344 0.0058059124276041985 0.0069944225251674643 0.030587976914830506 0.028507090397397405 0.016685222275555134 0.011624139035120606 0.0034668326261453331 0.002121531407283328 0.0069187690387479961 0.0098791940981755033 0.0049856967075356815 0.0047824218067943347
leaf_count=134 40 6 28 227 93 25 4 19 3 34 43 24 13 3 4 87 3 39 3 3 21 11 5 22 13 7 4 90 53 27
internal_value=-9.74354e-11 -0.00605874 0.0111263 -0.00313619 -0.00266639 -0.0165504 0.0200809 -0.00180989 -0.0176951 0.00682031 0.00450979 0.010793 -0.000716963 0.014728 0.0229289 0.0253084 0.00758428 -0.0134371 0.00272885 -0.0101658 0.0275548 -0.0188708 0.00879771 -0.00398425 0.0182064 -0.0305346 -0.0250726 -0.0317773 -0.0320718 -0.0326087
internal_weight=1.89895 1.22946 0.669495 0.961596 0.946233 0.267863 0.217398 0.895214 0.0510194 0.452097 0.34987 0.158878 0.190992 0.102227 0.186746 0.159833 0.0656589 0.219088 0.0306517 0.136756 0.0365681 0.0823324 0.0269134 0.021379 0.00927275 0.0487748 0.0090403 0.0397345 0.0153631 0.0103774
internal_count=1088 741 347 428 342 313 166 246 96 181 120 64 56 61 100 91 37 78 66 42 24 36 9 50 16 235 11 224 86 33
is_linear=0
shrinkage=0.03


end of trees

feature_importances:
sharpe_ratio_3y=612
cagr_3y=427
beta_3y=357
cagr_1y=356
annualized_volatility_1y=308
beta_1y=296
sortino_ratio_3y=296
alpha_3y=280
max_drawdown_3y=275
alpha_1y=273
annualized_volatility_3y=262
max_drawdown_1y=244
sharpe_ratio_1y=197
sortino_ratio_1y=84

parameters:
[boosting: gbdt]
[objective: lambdarank]
[metric: ndcg]
[tree_learner: serial]
[device_type: cpu]
[data_sample_strategy: bagging]
[data: ]
[valid: ]
[num_iterations: 150]
[learning_rate: 0.03]
[num_leaves: 31]
[num_threads: 0]
[seed: 42]
[deterministic: 0]
[force_col_wise: 0]
[force_row_wise: 0]
[histogram_pool_size: -1]
[max_depth: 5]
[min_data_in_leaf: 3]
[min_sum_hessian_in_leaf: 0.001]
[bagging_fraction: 1]
[pos_bagging_fraction: 1]
[neg_bagging_fraction: 1]
[bagging_freq: 0]
[bagging_seed: 400]
[bagging_by_query: 0]
[feature_fraction: 1]
[feature_fraction_bynode: 1]
[feature_fraction_seed: 30056]
[extra_trees: 0]
[extra_seed: 12879]
[early_stopping_round: 0]
[early_stopping_min_delta: 0]
[first_metric_only: 0]
[max_delta_step: 0]
[lambda_l1: 0]
[lambda_l2: 0]
[linear_lambda: 0]
[min_gain_to_split: 0]
[drop_rate: 0.1]
[max_drop: 50]
[skip_drop: 0.5]
[xgboost_dart_mode: 0]
[uniform_drop: 0]
[drop_seed: 17869]
[top_rate: 0.2]
[other_rate: 0.1]
[min_data_per_group: 100]
[max_cat_threshold: 32]
[cat_l2: 10]
[cat_smooth: 10]
[max_cat_to_onehot: 4]
[top_k: 20]
[monotone_constraints: ]
[monotone_constraints_method: basic]
[monotone_penalty: 0]
[feature_contri: ]
[forcedsplits_filename: ]
[refit_decay_rate: 0.9]
[cegb_tradeoff: 1]
[cegb_penalty_split: 0]
[cegb_penalty_feature_lazy: ]
[cegb_penalty_feature_coupled: ]
[path_smooth: 0]
[interaction_constraints: ]
[verbosity: -1]
[saved_feature_importance_type: 0]
[use_quantized_grad: 0]
[num_grad_quant_bins: 4]
[quant_train_renew_leaf: 0]
[stochastic_rounding: 1]
[linear_tree: 0]
[max_bin: 255]
[max_bin_by_feature: ]
[min_data_in_bin: 3]
[bin_construct_sample_cnt: 200000]
[data_random_seed: 175]
[is_enable_sparse: 1]
[enable_bundle: 1]
[use_missing: 1]
[zero_as_missing: 0]
[feature_pre_filter: 1]
[pre_partition: 0]
[two_round: 0]
[header: 0]
[label_column: ]
[weight_column: ]
[group_column: ]
[ignore_column: ]
[categorical_feature: ]
[forcedbins_filename: ]
[precise_float_parser: 0]
[parser_config_file: ]
[objective_seed: 16083]
[num_class: 1]
[is_unbalance: 0]
[scale_pos_weight: 1]
[sigmoid: 1]
[boost_from_average: 1]
[reg_sqrt: 0]
[alpha: 0.9]
[fair_c: 1]
[poisson_max_delta_step: 0.7]
[tweedie_variance_power: 1.5]
[lambdarank_truncation_level: 30]
[lambdarank_norm: 1]
[label_gain: ]
[lambdarank_position_bias_regularization: 0]
[eval_at: 1,3,5]
[multi_error_top_k: 1]
[auc_mu_weights: ]
[num_machines: 1]
[local_listen_port: 12400]
[time_out: 120]
[machine_list_filename: ]
[machines: ]
[gpu_platform_id: -1]
[gpu_device_id: -1]
[gpu_device_id_list: ]
[gpu_use_dp: 0]
[num_gpu: 1]

end of parameters

pandas_categorical:[]
